  0
SECTION
  2
HEADER
  9
$ACADVER
  1
AC1024
  9
$ACADMAINTVER
 70
6
  9
$DWGCODEPAGE
  3
ANSI_1252
  9
$LASTSAVEDBY
  1
ezdxf
  9
$INSBASE
 10
0.0
 20
0.0
 30
0.0
  9
$EXTMIN
 10
1e+20
 20
1e+20
 30
1e+20
  9
$EXTMAX
 10
-1e+20
 20
-1e+20
 30
-1e+20
  9
$LIMMIN
 10
0.0
 20
0.0
  9
$LIMMAX
 10
420.0
 20
297.0
  9
$ORTHOMODE
 70
0
  9
$REGENMODE
 70
1
  9
$FILLMODE
 70
1
  9
$QTEXTMODE
 70
0
  9
$MIRRTEXT
 70
1
  9
$LTSCALE
 40
1.0
  9
$ATTMODE
 70
1
  9
$TEXTSIZE
 40
2.5
  9
$TRACEWID
 40
1.0
  9
$TEXTSTYLE
  7
Standard
  9
$CLAYER
  8
0
  9
$CELTYPE
  6
ByLayer
  9
$CECOLOR
 62
256
  9
$CELTSCALE
 40
1.0
  9
$DISPSILH
 70
0
  9
$DIMSCALE
 40
1.0
  9
$DIMASZ
 40
2.5
  9
$DIMEXO
 40
0.625
  9
$DIMDLI
 40
3.75
  9
$DIMRND
 40
0.0
  9
$DIMDLE
 40
0.0
  9
$DIMEXE
 40
1.25
  9
$DIMTP
 40
0.0
  9
$DIMTM
 40
0.0
  9
$DIMTXT
 40
2.5
  9
$DIMCEN
 40
2.5
  9
$DIMTSZ
 40
0.0
  9
$DIMTOL
 70
0
  9
$DIMLIM
 70
0
  9
$DIMTIH
 70
0
  9
$DIMTOH
 70
0
  9
$DIMSE1
 70
0
  9
$DIMSE2
 70
0
  9
$DIMTAD
 70
1
  9
$DIMZIN
 70
8
  9
$DIMBLK
  1

  9
$DIMASO
 70
1
  9
$DIMSHO
 70
1
  9
$DIMPOST
  1

  9
$DIMAPOST
  1

  9
$DIMALT
 70
0
  9
$DIMALTD
 70
3
  9
$DIMALTF
 40
0.03937007874
  9
$DIMLFAC
 40
1.0
  9
$DIMTOFL
 70
1
  9
$DIMTVP
 40
0.0
  9
$DIMTIX
 70
0
  9
$DIMSOXD
 70
0
  9
$DIMSAH
 70
0
  9
$DIMBLK1
  1

  9
$DIMBLK2
  1

  9
$DIMSTYLE
  2
ISO-25
  9
$DIMCLRD
 70
0
  9
$DIMCLRE
 70
0
  9
$DIMCLRT
 70
0
  9
$DIMTFAC
 40
1.0
  9
$DIMGAP
 40
0.625
  9
$DIMJUST
 70
0
  9
$DIMSD1
 70
0
  9
$DIMSD2
 70
0
  9
$DIMTOLJ
 70
0
  9
$DIMTZIN
 70
8
  9
$DIMALTZ
 70
0
  9
$DIMALTTZ
 70
0
  9
$DIMUPT
 70
0
  9
$DIMDEC
 70
2
  9
$DIMTDEC
 70
2
  9
$DIMALTU
 70
2
  9
$DIMALTTD
 70
3
  9
$DIMTXSTY
  7
Standard
  9
$DIMAUNIT
 70
0
  9
$DIMADEC
 70
0
  9
$DIMALTRND
 40
0.0
  9
$DIMAZIN
 70
0
  9
$DIMDSEP
 70
44
  9
$DIMATFIT
 70
3
  9
$DIMFRAC
 70
0
  9
$DIMLDRBLK
  1

  9
$DIMLUNIT
 70
2
  9
$DIMLWD
 70
-2
  9
$DIMLWE
 70
-2
  9
$DIMTMOVE
 70
0
  9
$DIMFXL
 40
1.0
  9
$DIMFXLON
 70
0
  9
$DIMJOGANG
 40
0.785398163397
  9
$DIMTFILL
 70
0
  9
$DIMTFILLCLR
 70
0
  9
$DIMARCSYM
 70
0
  9
$DIMLTYPE
  6

  9
$DIMLTEX1
  6

  9
$DIMLTEX2
  6

  9
$DIMTXTDIRECTION
 70
0
  9
$LUNITS
 70
2
  9
$LUPREC
 70
4
  9
$SKETCHINC
 40
1.0
  9
$FILLETRAD
 40
10.0
  9
$AUNITS
 70
0
  9
$AUPREC
 70
2
  9
$MENU
  1
.
  9
$ELEVATION
 40
0.0
  9
$PELEVATION
 40
0.0
  9
$THICKNESS
 40
0.0
  9
$LIMCHECK
 70
0
  9
$CHAMFERA
 40
0.0
  9
$CHAMFERB
 40
0.0
  9
$CHAMFERC
 40
0.0
  9
$CHAMFERD
 40
0.0
  9
$SKPOLY
 70
0
  9
$TDCREATE
 40
2461179.8880671295
  9
$TDUCREATE
 40
2458532.153996898
  9
$TDUPDATE
 40
2461179.8880671295
  9
$TDUUPDATE
 40
2458532.1544311
  9
$TDINDWG
 40
0.0
  9
$TDUSRTIMER
 40
0.0
  9
$USRTIMER
 70
1
  9
$ANGBASE
 50
0.0
  9
$ANGDIR
 70
0
  9
$PDMODE
 70
0
  9
$PDSIZE
 40
0.0
  9
$PLINEWID
 40
0.0
  9
$SPLFRAME
 70
0
  9
$SPLINETYPE
 70
6
  9
$SPLINESEGS
 70
8
  9
$HANDSEED
  5
164
  9
$SURFTAB1
 70
6
  9
$SURFTAB2
 70
6
  9
$SURFTYPE
 70
6
  9
$SURFU
 70
6
  9
$SURFV
 70
6
  9
$UCSBASE
  2

  9
$UCSNAME
  2

  9
$UCSORG
 10
0.0
 20
0.0
 30
0.0
  9
$UCSXDIR
 10
1.0
 20
0.0
 30
0.0
  9
$UCSYDIR
 10
0.0
 20
1.0
 30
0.0
  9
$UCSORTHOREF
  2

  9
$UCSORTHOVIEW
 70
0
  9
$UCSORGTOP
 10
0.0
 20
0.0
 30
0.0
  9
$UCSORGBOTTOM
 10
0.0
 20
0.0
 30
0.0
  9
$UCSORGLEFT
 10
0.0
 20
0.0
 30
0.0
  9
$UCSORGRIGHT
 10
0.0
 20
0.0
 30
0.0
  9
$UCSORGFRONT
 10
0.0
 20
0.0
 30
0.0
  9
$UCSORGBACK
 10
0.0
 20
0.0
 30
0.0
  9
$PUCSBASE
  2

  9
$PUCSNAME
  2

  9
$PUCSORG
 10
0.0
 20
0.0
 30
0.0
  9
$PUCSXDIR
 10
1.0
 20
0.0
 30
0.0
  9
$PUCSYDIR
 10
0.0
 20
1.0
 30
0.0
  9
$PUCSORTHOREF
  2

  9
$PUCSORTHOVIEW
 70
0
  9
$PUCSORGTOP
 10
0.0
 20
0.0
 30
0.0
  9
$PUCSORGBOTTOM
 10
0.0
 20
0.0
 30
0.0
  9
$PUCSORGLEFT
 10
0.0
 20
0.0
 30
0.0
  9
$PUCSORGRIGHT
 10
0.0
 20
0.0
 30
0.0
  9
$PUCSORGFRONT
 10
0.0
 20
0.0
 30
0.0
  9
$PUCSORGBACK
 10
0.0
 20
0.0
 30
0.0
  9
$USERI1
 70
0
  9
$USERI2
 70
0
  9
$USERI3
 70
0
  9
$USERI4
 70
0
  9
$USERI5
 70
0
  9
$USERR1
 40
0.0
  9
$USERR2
 40
0.0
  9
$USERR3
 40
0.0
  9
$USERR4
 40
0.0
  9
$USERR5
 40
0.0
  9
$WORLDVIEW
 70
1
  9
$SHADEDGE
 70
3
  9
$SHADEDIF
 70
70
  9
$TILEMODE
 70
1
  9
$MAXACTVP
 70
64
  9
$PINSBASE
 10
0.0
 20
0.0
 30
0.0
  9
$PLIMCHECK
 70
0
  9
$PEXTMIN
 10
1e+20
 20
1e+20
 30
1e+20
  9
$PEXTMAX
 10
-1e+20
 20
-1e+20
 30
-1e+20
  9
$PLIMMIN
 10
0.0
 20
0.0
  9
$PLIMMAX
 10
420.0
 20
297.0
  9
$UNITMODE
 70
0
  9
$VISRETAIN
 70
1
  9
$PLINEGEN
 70
0
  9
$PSLTSCALE
 70
1
  9
$TREEDEPTH
 70
3020
  9
$CMLSTYLE
  2
Standard
  9
$CMLJUST
 70
0
  9
$CMLSCALE
 40
20.0
  9
$PROXYGRAPHICS
 70
1
  9
$MEASUREMENT
 70
1
  9
$CELWEIGHT
370
-1
  9
$ENDCAPS
280
0
  9
$JOINSTYLE
280
0
  9
$LWDISPLAY
290
0
  9
$INSUNITS
 70
4
  9
$HYPERLINKBASE
  1

  9
$STYLESHEET
  1

  9
$XEDIT
290
1
  9
$CEPSNTYPE
380
0
  9
$PSTYLEMODE
290
1
  9
$FINGERPRINTGUID
  2
{86065CC9-4A61-441C-B647-FAC86F65D0D1}
  9
$VERSIONGUID
  2
{28BE6E0B-0BA8-439D-8D17-2E866BEB5124}
  9
$EXTNAMES
290
1
  9
$PSVPSCALE
 40
0.0
  9
$OLESTARTUP
290
0
  9
$SORTENTS
280
127
  9
$INDEXCTL
280
0
  9
$HIDETEXT
280
1
  9
$XCLIPFRAME
280
1
  9
$HALOGAP
280
0
  9
$OBSCOLOR
 70
257
  9
$OBSLTYPE
280
0
  9
$INTERSECTIONDISPLAY
280
0
  9
$INTERSECTIONCOLOR
 70
257
  9
$DIMASSOC
280
2
  9
$PROJECTNAME
  1

  9
$CAMERADISPLAY
290
0
  9
$LENSLENGTH
 40
50.0
  9
$CAMERAHEIGHT
 40
0.0
  9
$STEPSPERSEC
 40
24.0
  9
$STEPSIZE
 40
100.0
  9
$3DDWFPREC
 40
2.0
  9
$PSOLWIDTH
 40
0.005
  9
$PSOLHEIGHT
 40
0.08
  9
$LOFTANG1
 40
1.570796326795
  9
$LOFTANG2
 40
1.570796326795
  9
$LOFTMAG1
 40
0.0
  9
$LOFTMAG2
 40
0.0
  9
$LOFTPARAM
 70
7
  9
$LOFTNORMALS
280
1
  9
$LATITUDE
 40
37.795
  9
$LONGITUDE
 40
-122.394
  9
$NORTHDIRECTION
 40
0.0
  9
$TIMEZONE
 70
-8000
  9
$LIGHTGLYPHDISPLAY
280
1
  9
$TILEMODELIGHTSYNCH
280
1
  9
$CMATERIAL
347
20
  9
$SOLIDHIST
280
0
  9
$SHOWHIST
280
1
  9
$DWFFRAME
280
2
  9
$DGNFRAME
280
2
  9
$REALWORLDSCALE
290
1
  9
$INTERFERECOLOR
 62
256
  9
$CSHADOW
280
0
  9
$SHADOWPLANELOCATION
 40
0.0
  0
ENDSEC
  0
SECTION
  2
CLASSES
  0
CLASS
  1
ACDBDICTIONARYWDFLT
  2
AcDbDictionaryWithDefault
  3
ObjectDBX Classes
 90
0
 91
0
280
0
281
0
  0
CLASS
  1
SUN
  2
AcDbSun
  3
SCENEOE
 90
1153
 91
0
280
0
281
0
  0
CLASS
  1
VISUALSTYLE
  2
AcDbVisualStyle
  3
ObjectDBX Classes
 90
4095
 91
0
280
0
281
0
  0
CLASS
  1
MATERIAL
  2
AcDbMaterial
  3
ObjectDBX Classes
 90
1153
 91
0
280
0
281
0
  0
CLASS
  1
SCALE
  2
AcDbScale
  3
ObjectDBX Classes
 90
1153
 91
0
280
0
281
0
  0
CLASS
  1
TABLESTYLE
  2
AcDbTableStyle
  3
ObjectDBX Classes
 90
4095
 91
0
280
0
281
0
  0
CLASS
  1
MLEADERSTYLE
  2
AcDbMLeaderStyle
  3
ACDB_MLEADERSTYLE_CLASS
 90
4095
 91
0
280
0
281
0
  0
CLASS
  1
DICTIONARYVAR
  2
AcDbDictionaryVar
  3
ObjectDBX Classes
 90
0
 91
0
280
0
281
0
  0
CLASS
  1
CELLSTYLEMAP
  2
AcDbCellStyleMap
  3
ObjectDBX Classes
 90
1152
 91
0
280
0
281
0
  0
CLASS
  1
MENTALRAYRENDERSETTINGS
  2
AcDbMentalRayRenderSettings
  3
SCENEOE
 90
1024
 91
0
280
0
281
0
  0
CLASS
  1
ACDBDETAILVIEWSTYLE
  2
AcDbDetailViewStyle
  3
ObjectDBX Classes
 90
1025
 91
0
280
0
281
0
  0
CLASS
  1
ACDBSECTIONVIEWSTYLE
  2
AcDbSectionViewStyle
  3
ObjectDBX Classes
 90
1025
 91
0
280
0
281
0
  0
CLASS
  1
RASTERVARIABLES
  2
AcDbRasterVariables
  3
ISM
 90
0
 91
0
280
0
281
0
  0
CLASS
  1
ACDBPLACEHOLDER
  2
AcDbPlaceHolder
  3
ObjectDBX Classes
 90
0
 91
0
280
0
281
0
  0
CLASS
  1
LAYOUT
  2
AcDbLayout
  3
ObjectDBX Classes
 90
0
 91
0
280
0
281
0
  0
ENDSEC
  0
SECTION
  2
TABLES
  0
TABLE
  2
VPORT
  5
8
330
0
100
AcDbSymbolTable
 70
1
  0
VPORT
  5
23
330
8
100
AcDbSymbolTableRecord
100
AcDbViewportTableRecord
  2
*Active
 70
0
 10
0.0
 20
0.0
 11
1.0
 21
1.0
 12
0.0
 22
0.0
 13
0.0
 23
0.0
 14
0.5
 24
0.5
 15
0.5
 25
0.5
 16
0.0
 26
0.0
 36
1.0
 17
0.0
 27
0.0
 37
0.0
 40
1000.0
 41
1.34
 42
50.0
 43
0.0
 44
0.0
 50
0.0
 51
0.0
 71
0
 72
1000
 73
1
 74
3
 75
0
 76
0
 77
0
 78
0
281
0
 65
0
146
0.0
  0
ENDTAB
  0
TABLE
  2
LTYPE
  5
2
330
0
100
AcDbSymbolTable
 70
4
  0
LTYPE
  5
24
330
2
100
AcDbSymbolTableRecord
100
AcDbLinetypeTableRecord
  2
ByBlock
 70
0
  3

 72
65
 73
0
 40
0.0
  0
LTYPE
  5
25
330
2
100
AcDbSymbolTableRecord
100
AcDbLinetypeTableRecord
  2
ByLayer
 70
0
  3

 72
65
 73
0
 40
0.0
  0
LTYPE
  5
26
330
2
100
AcDbSymbolTableRecord
100
AcDbLinetypeTableRecord
  2
Continuous
 70
0
  3

 72
65
 73
0
 40
0.0
  0
LTYPE
  5
2F
330
2
100
AcDbSymbolTableRecord
100
AcDbLinetypeTableRecord
  2
DASHED
 70
0
  3
Dashed line for bend marks
 72
65
 73
2
 40
0.2
 49
5.0
 74
0
 49
-2.5
 74
0
  0
ENDTAB
  0
TABLE
  2
LAYER
  5
1
330
0
100
AcDbSymbolTable
 70
6
  0
LAYER
  5
27
330
1
100
AcDbSymbolTableRecord
100
AcDbLayerTableRecord
  2
0
 70
0
 62
7
  6
Continuous
370
-3
390
13
347
21
  0
LAYER
  5
28
330
1
100
AcDbSymbolTableRecord
100
AcDbLayerTableRecord
  2
Defpoints
 70
0
 62
7
  6
Continuous
290
0
370
-3
390
13
347
21
  0
LAYER
  5
30
330
1
100
AcDbSymbolTableRecord
100
AcDbLayerTableRecord
  2
CUT
 70
0
 62
1
  6
CONTINUOUS
370
-3
390
13
347
21
  0
LAYER
  5
31
330
1
100
AcDbSymbolTableRecord
100
AcDbLayerTableRecord
  2
BEND
 70
0
 62
5
  6
DASHED
370
-3
390
13
347
21
  0
LAYER
  5
32
330
1
100
AcDbSymbolTableRecord
100
AcDbLayerTableRecord
  2
HOLE
 70
0
 62
3
  6
CONTINUOUS
370
-3
390
13
347
21
  0
LAYER
  5
33
330
1
100
AcDbSymbolTableRecord
100
AcDbLayerTableRecord
  2
TEXT
 70
0
 62
7
  6
CONTINUOUS
370
-3
390
13
347
21
  0
ENDTAB
  0
TABLE
  2
STYLE
  5
5
330
0
100
AcDbSymbolTable
 70
1
  0
STYLE
  5
29
330
5
100
AcDbSymbolTableRecord
100
AcDbTextStyleTableRecord
  2
Standard
 70
0
 40
0.0
 41
1.0
 50
0.0
 71
0
 42
2.5
  3
txt
  4

  0
ENDTAB
  0
TABLE
  2
VIEW
  5
7
330
0
100
AcDbSymbolTable
 70
0
  0
ENDTAB
  0
TABLE
  2
UCS
  5
6
330
0
100
AcDbSymbolTable
 70
0
  0
ENDTAB
  0
TABLE
  2
APPID
  5
3
330
0
100
AcDbSymbolTable
 70
3
  0
APPID
  5
2A
330
3
100
AcDbSymbolTableRecord
100
AcDbRegAppTableRecord
  2
ACAD
 70
0
  0
APPID
  5
161
330
3
100
AcDbSymbolTableRecord
100
AcDbRegAppTableRecord
  2
HATCHBACKGROUNDCOLOR
 70
0
  0
APPID
  5
162
330
3
100
AcDbSymbolTableRecord
100
AcDbRegAppTableRecord
  2
EZDXF
 70
0
  0
ENDTAB
  0
TABLE
  2
DIMSTYLE
  5
4
330
0
100
AcDbSymbolTable
 70
1
100
AcDbDimStyleTable
  0
DIMSTYLE
105
2B
330
4
100
AcDbSymbolTableRecord
100
AcDbDimStyleTableRecord
  2
Standard
 70
0
 40
1.0
 41
2.5
 42
0.625
 43
3.75
 44
1.25
 45
0.0
 46
0.0
 47
0.0
 48
0.0
 49
2.5
140
2.5
141
2.5
142
0.0
143
0.03937007874
144
1.0
145
0.0
146
1.0
147
0.625
148
0.0
 69
0
 70
0
 71
0
 72
0
 73
0
 74
0
 75
0
 76
0
 77
1
 78
8
 79
3
170
0
171
3
172
1
173
0
174
0
175
0
176
0
177
0
178
0
179
2
271
2
272
2
273
2
274
3
275
0
276
0
277
2
278
44
279
0
280
0
281
0
282
0
283
0
284
8
285
0
286
0
288
0
289
3
290
0
371
-2
372
-2
  0
ENDTAB
  0
TABLE
  2
BLOCK_RECORD
  5
9
330
0
100
AcDbSymbolTable
 70
2
  0
BLOCK_RECORD
  5
17
330
9
100
AcDbSymbolTableRecord
100
AcDbBlockTableRecord
  2
*Model_Space
340
1A
 70
0
280
1
281
0
  0
BLOCK_RECORD
  5
1B
330
9
100
AcDbSymbolTableRecord
100
AcDbBlockTableRecord
  2
*Paper_Space
340
1E
 70
0
280
1
281
0
  0
ENDTAB
  0
ENDSEC
  0
SECTION
  2
BLOCKS
  0
BLOCK
  5
18
330
17
100
AcDbEntity
  8
0
100
AcDbBlockBegin
  2
*Model_Space
 70
0
 10
0.0
 20
0.0
 30
0.0
  3
*Model_Space
  1

  0
ENDBLK
  5
19
330
17
100
AcDbEntity
  8
0
100
AcDbBlockEnd
  0
BLOCK
  5
1C
330
1B
100
AcDbEntity
  8
0
100
AcDbBlockBegin
  2
*Paper_Space
 70
0
 10
0.0
 20
0.0
 30
0.0
  3
*Paper_Space
  1

  0
ENDBLK
  5
1D
330
1B
100
AcDbEntity
  8
0
100
AcDbBlockEnd
  0
ENDSEC
  0
SECTION
  2
ENTITIES
  0
LWPOLYLINE
  5
34
330
17
100
AcDbEntity
  8
CUT
100
AcDbPolyline
 90
11
 70
1
 10
12.0
 20
0.0
 10
70.0
 20
0.0
 10
70.0
 20
10.0
 10
98.0
 20
10.0
 10
98.0
 20
0.0
 10
180.0
 20
0.0
 10
180.0
 20
95.0
 10
165.0
 20
110.0
 10
0.0
 20
110.0
 10
0.0
 20
12.0
 10
12.0
 20
0.0
  0
CIRCLE
  5
35
330
17
100
AcDbEntity
  8
HOLE
100
AcDbCircle
 10
35.0
 20
35.0
 30
0.0
 40
5.0
  0
LINE
  5
36
330
17
100
AcDbEntity
  8
HOLE
100
AcDbLine
 10
118.0
 20
77.0
 30
0.0
 11
142.0
 21
77.0
 31
0.0
  0
LINE
  5
37
330
17
100
AcDbEntity
  8
HOLE
100
AcDbLine
 10
142.0
 20
67.0
 30
0.0
 11
118.0
 21
67.0
 31
0.0
  0
ARC
  5
38
330
17
100
AcDbEntity
  8
HOLE
100
AcDbCircle
 10
142.0
 20
72.0
 30
0.0
 40
5.0
100
AcDbArc
 50
270.0
 51
90.0
  0
ARC
  5
39
330
17
100
AcDbEntity
  8
HOLE
100
AcDbCircle
 10
118.0
 20
72.0
 30
0.0
 40
5.0
100
AcDbArc
 50
90.0
 51
270.0
  0
LWPOLYLINE
  5
3B
330
17
100
AcDbEntity
  8
TEXT
100
AcDbPolyline
 90
13
 70
0
 10
45.69099590723056
 20
43.0
 10
45.29195088676671
 20
43.0
 10
45.29195088676671
 20
44.41200545702592
 10
43.732605729877214
 20
44.41200545702592
 10
43.732605729877214
 20
43.0
 10
43.3356070941337
 20
43.0
 10
43.3356070941337
 20
46.0
 10
43.732605729877214
 20
46.0
 10
43.732605729877214
 20
44.76807639836289
 10
45.29195088676671
 20
44.76807639836289
 10
45.29195088676671
 20
46.0
 10
45.69099590723056
 20
46.0
 10
45.69099590723056
 20
43.0
  0
LWPOLYLINE
  5
3C
330
17
100
AcDbEntity
  8
TEXT
100
AcDbPolyline
 90
14
 70
0
 10
47.59822646657572
 20
43.0
 10
47.229877216916776
 20
43.0
 10
47.229877216916776
 20
45.34720327421555
 10
47.08010743519782
 20
45.22122271487039
 10
46.90706002728513
 20
45.105218281036834
 10
46.71073499317872
 20
44.99918997271487
 10
46.49113233287858
 20
44.903137789904505
 10
46.49113233287858
 20
45.25920873124147
 10
46.784021145975444
 20
45.420745225102316
 10
47.0262619372442
 20
45.60044338335607
 10
47.21785470668486
 20
45.79830320600273
 10
47.35879945429741
 20
46.01432469304229
 10
47.59822646657572
 20
46.01432469304229
 10
47.59822646657572
 20
43.0
  0
LWPOLYLINE
  5
3D
330
17
100
AcDbEntity
  8
TEXT
100
AcDbPolyline
 90
32
 70
0
 10
49.85743519781719
 20
46.0
 10
50.89290586630286
 20
46.0
 10
51.024258185538876
 20
45.99827336289222
 10
51.14614597544338
 20
45.993093451568896
 10
51.25856923601637
 20
45.98446026603001
 10
51.36152796725784
 20
45.97237380627558
 10
51.45866729195089
 20
45.95357264665757
 10
51.55363233287858
 20
45.92479536152797
 10
51.646423090040926
 20
45.88604195088677
 10
51.737039563437925
 20
45.83731241473397
 10
51.8237551159618
 20
45.77854280354707
 10
51.90484311050477
 20
45.70966916780355
 10
51.980303547066846
 20
45.630691507503414
 10
52.05013642564802
 20
45.541609822646656
 10
52.11357435197817
 20
45.443958901773534
 10
52.169849931787176
 20
45.33927353342428
 10
52.21896316507503
 20
45.22755371759891
 10
52.260914051841745
 20
45.10879945429741
 10
52.29448755115962
 20
44.980069065484315
 10
52.31846862210095
 20
44.83842087312415
 10
52.332857264665755
 20
44.683854877216916
 10
52.33765347885402
 20
44.51637107776262
 10
52.31795702592087
 20
44.19962909276944
 10
52.25886766712142
 20
43.91243178717599
 10
52.16038540245566
 20
43.654779160982265
 10
52.022510231923604
 20
43.42667121418827
 10
51.836545020463845
 20
43.2400025579809
 10
51.593792633015006
 20
43.10666780354707
 10
51.29425306957708
 20
43.026666950886764
 10
50.93792633015006
 20
43.0
 10
49.85743519781719
 20
43.0
 10
49.85743519781719
 20
46.0
  0
LWPOLYLINE
  5
3E
330
17
100
AcDbEntity
  8
TEXT
100
AcDbPolyline
 90
40
 70
0
 10
50.25443383356071
 20
43.356070941336974
 10
50.896998635743515
 20
43.356070941336974
 10
50.99260317189631
 20
43.35760572987722
 10
51.082963847203274
 20
43.36221009549796
 10
51.16808066166439
 20
43.36988403819918
 10
51.24795361527967
 20
43.3806275579809
 10
51.32546043656207
 20
43.398149727148706
 10
51.403478854024556
 20
43.426159618008185
 10
51.48200886766712
 20
43.46465723055935
 10
51.561050477489765
 20
43.51364256480218
 10
51.63695856070941
 20
43.57656889495225
 10
51.70608799454297
 20
43.6568894952251
 10
51.76843877899045
 20
43.754604365620736
 10
51.82401091405184
 20
43.869713506139156
 10
51.86967087312415
 20
44.00349590723056
 10
51.902285129604365
 20
44.15723055934515
 10
51.9218536834925
 20
44.330917462482944
 10
51.92837653478854
 20
44.52455661664393
 10
51.92588250341064
 20
44.63525324010914
 10
51.91840040927694
 20
44.742240791268756
 10
51.90593025238745
 20
44.84551927012278
 10
51.88847203274216
 20
44.94508867667121
 10
51.86429911323329
 20
45.0406292633015
 10
51.83168485675307
 20
45.13182128240109
 10
51.7906292633015
 20
45.21866473396999
 10
51.74113233287858
 20
45.301159618008185
 10
51.68543229877217
 20
45.37610845839018
 10
51.62576739427012
 20
45.44031377899045
 10
51.562137619372436
 20
45.493775579809004
 10
51.494542974079124
 20
45.53649386084584
 10
51.425413540245565
 20
45.57019525920873
 10
51.357179399727144
 20
45.59660641200546
 10
51.28984055252387
 20
45.615727319236015
 10
51.22339699863574
 20
45.627557980900406
 10
51.152732776261935
 20
45.634720327421554
 10
51.07273192360164
 20
45.63983628922237
 10
50.98339444065484
 20
45.64290586630286
 10
50.884720327421554
 20
45.643929058663026
 10
50.25443383356071
 20
45.643929058663026
 10
50.25443383356071
 20
43.356070941336974
  0
LWPOLYLINE
  5
3F
330
17
100
AcDbEntity
  8
TEXT
100
AcDbPolyline
 90
5
 70
0
 10
53.33219645293315
 20
43.0
 10
52.9331514324693
 20
43.0
 10
52.9331514324693
 20
46.0
 10
53.33219645293315
 20
46.0
 10
53.33219645293315
 20
43.0
  0
LWPOLYLINE
  5
40
330
17
100
AcDbEntity
  8
TEXT
100
AcDbPolyline
 90
9
 70
0
 10
56.51227830832196
 20
43.0
 10
56.06412005457025
 20
43.0
 10
55.71214188267394
 20
43.91268758526603
 10
54.45975443383356
 20
43.91268758526603
 10
54.12824010914052
 20
43.0
 10
53.708731241473394
 20
43.0
 10
54.860845839017735
 20
46.0
 10
55.28854024556617
 20
46.0
 10
56.51227830832196
 20
43.0
  0
LWPOLYLINE
  5
41
330
17
100
AcDbEntity
  8
TEXT
100
AcDbPolyline
 90
20
 70
0
 10
55.59140518417462
 20
44.22783083219645
 10
55.50433790927694
 20
44.458192999658934
 10
55.42731070941336
 20
44.66223993860846
 10
55.360323584583895
 20
44.83997164904502
 10
55.30337653478854
 20
44.99138813096862
 10
55.256469560027284
 20
45.116489384379264
 10
55.21960266030013
 20
45.21527540927694
 10
55.192775835607094
 20
45.28774620566166
 10
55.17598908594816
 20
45.33390177353343
 10
55.15181616643929
 20
45.40546128922237
 10
55.126364256480215
 20
45.4881480218281
 10
55.09963335607094
 20
45.581961971350616
 10
55.07162346521146
 20
45.686903137789905
 10
55.06139154160982
 20
45.686903137789905
 10
55.03031207366985
 20
45.53828444747612
 10
54.9943724420191
 20
45.39529331514325
 10
54.95357264665757
 20
45.25792974079127
 10
54.90791268758527
 20
45.12619372442019
 10
54.57230559345157
 20
44.22783083219645
 10
55.59140518417462
 20
44.22783083219645
  0
LWPOLYLINE
  5
42
330
17
100
AcDbEntity
  8
TEXT
100
AcDbPolyline
 90
14
 70
0
 10
59.244201909959074
 20
43.0
 10
58.87585266030013
 20
43.0
 10
58.87585266030013
 20
45.34720327421555
 10
58.72608287858117
 20
45.22122271487039
 10
58.55303547066848
 20
45.105218281036834
 10
58.35671043656207
 20
44.99918997271487
 10
58.137107776261935
 20
44.903137789904505
 10
58.137107776261935
 20
45.25920873124147
 10
58.429996589358794
 20
45.420745225102316
 10
58.67223738062756
 20
45.60044338335607
 10
58.86383015006821
 20
45.79830320600273
 10
59.00477489768076
 20
46.01432469304229
 10
59.244201909959074
 20
46.01432469304229
 10
59.244201909959074
 20
43.0
  0
LWPOLYLINE
  5
43
330
17
100
AcDbEntity
  8
TEXT
100
AcDbPolyline
 90
33
 70
0
 10
61.167803547066846
 20
46.01432469304229
 10
61.39706258526603
 20
45.99034362210095
 10
61.59575375170532
 20
45.91840040927694
 10
61.763877046384714
 20
45.79849505457026
 10
61.901432469304225
 20
45.6306275579809
 10
62.00842002046384
 20
45.414797919508864
 10
62.084839699863565
 20
45.15100613915416
 10
62.13069150750341
 20
44.83925221691678
 10
62.14597544338335
 20
44.479536152796726
 10
62.130179911323324
 20
44.11662261255116
 10
62.08279331514324
 20
43.80346180081855
 10
62.00381565484311
 20
43.54005371759891
 10
61.89324693042292
 20
43.32639836289222
 10
61.753133526603
 20
43.16121674624829
 10
61.58552182810368
 20
43.043229877216916
 10
61.39041183492496
 20
42.97243775579809
 10
61.167803547066846
 20
42.948840381991815
 10
60.93902413028649
 20
42.97275750341064
 10
60.740748635743515
 20
43.04450886766712
 10
60.572977063437925
 20
43.16409447476126
 10
60.43570941336971
 20
43.331514324693046
 10
60.328945685538876
 20
43.54676841746248
 10
60.252685879945425
 20
43.809856753069575
 10
60.20692999658936
 20
44.12077933151433
 10
60.191678035470666
 20
44.479536152796726
 10
60.20747356753069
 20
44.84257759208731
 10
60.254860163710774
 20
45.15612210095498
 10
60.333837824010914
 20
45.42016967939973
 10
60.444406548431104
 20
45.634720327421554
 10
60.584392053206
 20
45.80079723738063
 10
60.75162005457025
 20
45.91942360163711
 10
60.94609055252387
 20
45.990599420190996
 10
61.167803547066846
 20
46.01432469304229
  0
LWPOLYLINE
  5
44
330
17
100
AcDbEntity
  8
TEXT
100
AcDbPolyline
 90
41
 70
0
 10
61.167803547066846
 20
43.25170532060027
 10
61.30708560709413
 20
43.26967513642565
 10
61.42820600272851
 20
43.32358458390178
 10
61.53116473396999
 20
43.41343366302865
 10
61.61596180081855
 20
43.539222373806275
 10
61.68221350613915
 20
43.70581087994543
 10
61.729536152796726
 20
43.91805934515689
 10
61.75792974079126
 20
44.17596776944065
 10
61.76739427012278
 20
44.479536152796726
 10
61.76323755115961
 20
44.694598396998636
 10
61.75076739427012
 20
44.88548772169168
 10
61.729983799454295
 20
45.05220412687586
 10
61.70088676671214
 20
45.19474761255116
 10
61.66341234652114
 20
45.316891200545705
 10
61.617496589358794
 20
45.42240791268759
 10
61.5631394952251
 20
45.51129774897681
 10
61.50034106412005
 20
45.58356070941337
 10
61.42903734652114
 20
45.63951654160982
 10
61.34916439290586
 20
45.67948499317872
 10
61.26072220327421
 20
45.70346606412005
 10
61.16371077762619
 20
45.71145975443383
 10
61.02455661664393
 20
45.69317019099591
 10
60.903819918144606
 20
45.638301500682125
 10
60.801500682128236
 20
45.54685368349249
 10
60.71759890859481
 20
45.41882673942701
 10
60.65224249658935
 20
45.250383697135064
 10
60.60555934515689
 20
45.03768758526603
 10
60.577549454297404
 20
44.78073840381992
 10
60.568212824010914
 20
44.479536152796726
 10
60.572433492496586
 20
44.267095839017735
 10
60.58509549795362
 20
44.07793315143247
 10
60.606198840381985
 20
43.912048090040926
 10
60.63574351978171
 20
43.76944065484311
 10
60.67360163710777
 20
43.646849420190996
 10
60.71964529331514
 20
43.54101296043656
 10
60.77387448840382
 20
43.45193127557981
 10
60.83628922237381
 20
43.379604365620736
 10
60.9068894952251
 20
43.32364853342428
 10
60.98567530695771
 20
43.28368008185539
 10
61.072646657571624
 20
43.259699010914055
 10
61.167803547066846
 20
43.25170532060027
  0
LWPOLYLINE
  5
45
330
17
100
AcDbEntity
  8
TEXT
100
AcDbPolyline
 90
5
 70
0
 10
63.12619372442019
 20
43.0
 10
62.70668485675307
 20
43.0
 10
62.70668485675307
 20
43.41950886766712
 10
63.12619372442019
 20
43.41950886766712
 10
63.12619372442019
 20
43.0
  0
LWPOLYLINE
  5
46
330
17
100
AcDbEntity
  8
TEXT
100
AcDbPolyline
 90
33
 70
0
 10
64.66302864938609
 20
46.01432469304229
 10
64.89228768758527
 20
45.99034362210095
 10
65.09097885402456
 20
45.91840040927694
 10
65.25910214870396
 20
45.79849505457026
 10
65.39665757162346
 20
45.6306275579809
 10
65.50364512278308
 20
45.414797919508864
 10
65.5800648021828
 20
45.15100613915416
 10
65.62591660982264
 20
44.83925221691678
 10
65.64120054570259
 20
44.479536152796726
 10
65.62540501364256
 20
44.11662261255116
 10
65.57801841746249
 20
43.80346180081855
 10
65.49904075716235
 20
43.54005371759891
 10
65.38847203274216
 20
43.32639836289222
 10
65.24835862892225
 20
43.16121674624829
 10
65.08074693042292
 20
43.043229877216916
 10
64.88563693724421
 20
42.97243775579809
 10
64.66302864938609
 20
42.948840381991815
 10
64.43424923260574
 20
42.97275750341064
 10
64.23597373806275
 20
43.04450886766712
 10
64.06820216575717
 20
43.16409447476126
 10
63.93093451568895
 20
43.331514324693046
 10
63.824170787858115
 20
43.54676841746248
 10
63.74791098226466
 20
43.809856753069575
 10
63.7021550989086
 20
44.12077933151433
 10
63.686903137789905
 20
44.479536152796726
 10
63.70269866984993
 20
44.84257759208731
 10
63.75008526603001
 20
45.15612210095498
 10
63.82906292633015
 20
45.42016967939973
 10
63.93963165075034
 20
45.634720327421554
 10
64.07961715552524
 20
45.80079723738063
 10
64.24684515688949
 20
45.91942360163711
 10
64.44131565484311
 20
45.990599420190996
 10
64.66302864938609
 20
46.01432469304229
  0
LWPOLYLINE
  5
47
330
17
100
AcDbEntity
  8
TEXT
100
AcDbPolyline
 90
41
 70
0
 10
64.66302864938609
 20
43.25170532060027
 10
64.80231070941338
 20
43.26967513642565
 10
64.92343110504774
 20
43.32358458390178
 10
65.02638983628923
 20
43.41343366302865
 10
65.11118690313779
 20
43.539222373806275
 10
65.17743860845839
 20
43.70581087994543
 10
65.22476125511596
 20
43.91805934515689
 10
65.25315484311051
 20
44.17596776944065
 10
65.26261937244202
 20
44.479536152796726
 10
65.25846265347886
 20
44.694598396998636
 10
65.24599249658935
 20
44.88548772169168
 10
65.22520890177353
 20
45.05220412687586
 10
65.19611186903137
 20
45.19474761255116
 10
65.15863744884038
 20
45.316891200545705
 10
65.11272169167803
 20
45.42240791268759
 10
65.05836459754434
 20
45.51129774897681
 10
64.99556616643929
 20
45.58356070941337
 10
64.92426244884038
 20
45.63951654160982
 10
64.8443894952251
 20
45.67948499317872
 10
64.75594730559345
 20
45.70346606412005
 10
64.65893587994543
 20
45.71145975443383
 10
64.51978171896317
 20
45.69317019099591
 10
64.39904502046384
 20
45.638301500682125
 10
64.29672578444747
 20
45.54685368349249
 10
64.21282401091405
 20
45.41882673942701
 10
64.14746759890859
 20
45.250383697135064
 10
64.10078444747613
 20
45.03768758526603
 10
64.07277455661665
 20
44.78073840381992
 10
64.06343792633015
 20
44.479536152796726
 10
64.06765859481582
 20
44.267095839017735
 10
64.08032060027286
 20
44.07793315143247
 10
64.10142394270123
 20
43.912048090040926
 10
64.13096862210095
 20
43.76944065484311
 10
64.168826739427
 20
43.646849420190996
 10
64.21487039563438
 20
43.54101296043656
 10
64.26909959072306
 20
43.45193127557981
 10
64.33151432469305
 20
43.379604365620736
 10
64.40211459754434
 20
43.32364853342428
 10
64.48090040927696
 20
43.28368008185539
 10
64.56787175989086
 20
43.259699010914055
 10
64.66302864938609
 20
43.25170532060027
  0
LWPOLYLINE
  5
48
330
17
100
AcDbEntity
  8
TEXT
100
AcDbPolyline
 90
33
 70
0
 10
66.99386084583902
 20
46.01432469304229
 10
67.22311988403821
 20
45.99034362210095
 10
67.4218110504775
 20
45.91840040927694
 10
67.58993434515689
 20
45.79849505457026
 10
67.72748976807641
 20
45.6306275579809
 10
67.83447731923603
 20
45.414797919508864
 10
67.91089699863575
 20
45.15100613915416
 10
67.95674880627558
 20
44.83925221691678
 10
67.97203274215553
 20
44.479536152796726
 10
67.95623721009551
 20
44.11662261255116
 10
67.90885061391542
 20
43.80346180081855
 10
67.82987295361528
 20
43.54005371759891
 10
67.71930422919509
 20
43.32639836289222
 10
67.57919082537518
 20
43.16121674624829
 10
67.41157912687586
 20
43.043229877216916
 10
67.21646913369715
 20
42.97243775579809
 10
66.99386084583902
 20
42.948840381991815
 10
66.76508142905867
 20
42.97275750341064
 10
66.5668059345157
 20
43.04450886766712
 10
66.3990343622101
 20
43.16409447476126
 10
66.26176671214189
 20
43.331514324693046
 10
66.15500298431105
 20
43.54676841746248
 10
66.0787431787176
 20
43.809856753069575
 10
66.03298729536154
 20
44.12077933151433
 10
66.01773533424284
 20
44.479536152796726
 10
66.03353086630287
 20
44.84257759208731
 10
66.08091746248294
 20
45.15612210095498
 10
66.15989512278308
 20
45.42016967939973
 10
66.27046384720327
 20
45.634720327421554
 10
66.41044935197817
 20
45.80079723738063
 10
66.57767735334242
 20
45.91942360163711
 10
66.77214785129604
 20
45.990599420190996
 10
66.99386084583902
 20
46.01432469304229
  0
LWPOLYLINE
  5
49
330
17
100
AcDbEntity
  8
TEXT
100
AcDbPolyline
 90
41
 70
0
 10
66.99386084583902
 20
43.25170532060027
 10
67.13314290586631
 20
43.26967513642565
 10
67.25426330150069
 20
43.32358458390178
 10
67.35722203274216
 20
43.41343366302865
 10
67.44201909959072
 20
43.539222373806275
 10
67.50827080491132
 20
43.70581087994543
 10
67.5555934515689
 20
43.91805934515689
 10
67.58398703956344
 20
44.17596776944065
 10
67.59345156889495
 20
44.479536152796726
 10
67.58929484993179
 20
44.694598396998636
 10
67.57682469304228
 20
44.88548772169168
 10
67.55604109822647
 20
45.05220412687586
 10
67.52694406548432
 20
45.19474761255116
 10
67.48946964529331
 20
45.316891200545705
 10
67.44355388813096
 20
45.42240791268759
 10
67.38919679399727
 20
45.51129774897681
 10
67.32639836289222
 20
45.58356070941337
 10
67.25509464529331
 20
45.63951654160982
 10
67.17522169167803
 20
45.67948499317872
 10
67.08677950204638
 20
45.70346606412005
 10
66.98976807639836
 20
45.71145975443383
 10
66.8506139154161
 20
45.69317019099591
 10
66.72987721691678
 20
45.638301500682125
 10
66.6275579809004
 20
45.54685368349249
 10
66.54365620736698
 20
45.41882673942701
 10
66.47829979536152
 20
45.250383697135064
 10
66.43161664392906
 20
45.03768758526603
 10
66.40360675306958
 20
44.78073840381992
 10
66.39427012278308
 20
44.479536152796726
 10
66.39849079126876
 20
44.267095839017735
 10
66.41115279672579
 20
44.07793315143247
 10
66.43225613915416
 20
43.912048090040926
 10
66.46180081855388
 20
43.76944065484311
 10
66.49965893587995
 20
43.646849420190996
 10
66.54570259208731
 20
43.54101296043656
 10
66.59993178717599
 20
43.45193127557981
 10
66.66234652114598
 20
43.379604365620736
 10
66.73294679399727
 20
43.32364853342428
 10
66.81173260572987
 20
43.28368008185539
 10
66.8987039563438
 20
43.259699010914055
 10
66.99386084583902
 20
43.25170532060027
  0
LWPOLYLINE
  5
4B
330
17
100
AcDbEntity
  8
TEXT
100
AcDbPolyline
 90
13
 70
0
 10
140.69099590723056
 20
80.0
 10
140.2919508867667
 20
80.0
 10
140.2919508867667
 20
81.41200545702593
 10
138.7326057298772
 20
81.41200545702593
 10
138.7326057298772
 20
80.0
 10
138.3356070941337
 20
80.0
 10
138.3356070941337
 20
83.0
 10
138.7326057298772
 20
83.0
 10
138.7326057298772
 20
81.7680763983629
 10
140.2919508867667
 20
81.7680763983629
 10
140.2919508867667
 20
83.0
 10
140.69099590723056
 20
83.0
 10
140.69099590723056
 20
80.0
  0
LWPOLYLINE
  5
4C
330
17
100
AcDbEntity
  8
TEXT
100
AcDbPolyline
 90
65
 70
0
 10
143.14256480218282
 20
80.0
 10
141.15552523874487
 20
80.0
 10
141.16658850613914
 20
80.12725954979535
 10
141.19977830832195
 20
80.25528649386084
 10
141.2550946452933
 20
80.38408083219645
 10
141.3325375170532
 20
80.51364256480218
 10
141.44029246248294
 20
80.65177353342429
 10
141.58654502046386
 20
80.80627557980901
 10
141.77129519099591
 20
80.97714870395635
 10
141.99454297407914
 20
81.16439290586631
 10
142.13894099590723
 20
81.28455405866303
 10
142.27540927694406
 20
81.40765688949523
 10
142.40394781718965
 20
81.5337013983629
 10
142.52455661664393
 20
81.66268758526603
 10
142.62662005457025
 20
81.79333645975443
 10
142.69952251023193
 20
81.92436903137789
 10
142.7432639836289
 20
82.05578530013642
 10
142.75784447476124
 20
82.18758526603001
 10
142.74780439972713
 20
82.2962355047749
 10
142.71768417462482
 20
82.39503751705321
 10
142.6674837994543
 20
82.48399130286494
 10
142.59720327421556
 20
82.5630968622101
 10
142.51157486357437
 20
82.62800562755798
 10
142.41533083219645
 20
82.67436903137789
 10
142.30847118008185
 20
82.70218707366985
 10
142.19099590723056
 20
82.71145975443383
 10
142.07217769440655
 20
82.70193127557981
 10
141.96333560709414
 20
82.67334583901774
 10
141.8644696452933
 20
82.62570344474761
 10
141.77557980900409
 20
82.55900409276944
 10
141.7020378581173
 20
82.47337568212824
 10
141.64921555252386
 20
82.36894611186904
 10
141.61711289222373
 20
82.24571538199181
 10
141.60572987721693
 20
82.10368349249659
 10
141.22714870395635
 20
82.14665757162346
 10
141.25893161664393
 20
82.3450289904502
 10
141.31949181446112
 20
82.51858799454297
 10
141.40882929740792
 20
82.66733458390178
 10
141.52694406548432
 20
82.7912687585266
 10
141.66833645975444
 20
82.88885572987722
 10
141.82750682128238
 20
82.95856070941338
 10
142.00445515006822
 20
83.00038369713506
 10
142.19918144611188
 20
83.0143246930423
 10
142.4079766371078
 20
82.99904075716235
 10
142.59234311050477
 20
82.95318894952251
 10
142.75228086630287
 20
82.87676927012278
 10
142.88778990450206
 20
82.76978171896316
 10
142.9956727489768
 20
82.64117922919509
 10
143.07273192360162
 20
82.49991473396999
 10
143.11896742837652
 20
82.34598823328785
 10
143.1343792633015
 20
82.1793997271487
 10
143.12139751023193
 20
82.03468195770805
 10
143.0824522510232
 20
81.88906889495226
 10
143.0175434856753
 20
81.7425605388813
 10
142.92667121418827
 20
81.59515688949523
 10
142.79704553206003
 20
81.43483543656208
 10
142.61587653478853
 20
81.24957366984994
 10
142.3831642223738
 20
81.03937158935881
 10
142.09890859481584
 20
80.80422919508868
 10
141.94990620736698
 20
80.6787602319236
 10
141.82827421555254
 20
80.56224420190996
 10
141.73401261937244
 20
80.45468110504774
 10
141.66712141882675
 20
80.35607094133697
 10
143.14256480218282
 20
80.35607094133697
 10
143.14256480218282
 20
80.0
  0
LWPOLYLINE
  5
4D
330
17
100
AcDbEntity
  8
TEXT
100
AcDbPolyline
 90
103
 70
0
 10
146.62551159618008
 20
82.12005457025921
 10
146.60338506139152
 20
82.25441251705321
 10
146.56156207366985
 20
82.37099249658937
 10
146.500042633015
 20
82.46979450886766
 10
146.418826739427
 20
82.55081855388813
 10
146.31791439290586
 20
82.61393673260574
 10
146.19730559345157
 20
82.65902114597544
 10
146.0570003410641
 20
82.68607179399727
 10
145.89699863574353
 20
82.69508867667122
 10
145.75068212824013
 20
82.68792633015008
 10
145.61869031377898
 20
82.66643929058664
 10
145.50102319236018
 20
82.6306275579809
 10
145.39768076398363
 20
82.58049113233288
 10
145.31352319236015
 20
82.51666950886766
 10
145.25341064120053
 20
82.43980218281037
 10
145.21734311050477
 20
82.34988915416098
 10
145.20532060027284
 20
82.2469304229195
 10
145.21459328103683
 20
82.15593025238745
 10
145.24241132332878
 20
82.07733628922237
 10
145.2887747271487
 20
82.01114853342428
 10
145.3536834924966
 20
81.95736698499317
 10
145.44481156207368
 20
81.90985248976807
 10
145.56983287858117
 20
81.862465893588
 10
145.72874744201908
 20
81.81520719645293
 10
145.92155525238744
 20
81.7680763983629
 10
146.09920702592086
 20
81.72689290586631
 10
146.25972032742155
 20
81.68519781718963
 10
146.4030951568895
 20
81.64299113233288
 10
146.5293315143247
 20
81.60027285129604
 10
146.64277796725784
 20
81.55135146657571
 10
146.74778308321964
 20
81.49053547066849
 10
146.84434686221007
 20
81.41782486357435
 10
146.9324693042292
 20
81.33321964529331
 10
147.00588335607094
 20
81.23492922919509
 10
147.05832196452934
 20
81.12116302864939
 10
147.08978512960437
 20
80.9919210436562
 10
147.10027285129604
 20
80.84720327421556
 10
147.08102404502046
 20
80.66200545702593
 10
147.02327762619373
 20
80.49317871759891
 10
146.92703359481584
 20
80.34072305593452
 10
146.79229195088678
 20
80.20463847203274
 10
146.62659873806277
 20
80.09272680763983
 10
146.4375
 20
80.01278990450204
 10
146.2249957366985
 20
79.96482776261938
 10
145.98908594815825
 20
79.94884038199181
 10
145.69280781036835
 20
79.96649045020465
 10
145.4363062755798
 20
80.01944065484311
 10
145.21958134379264
 20
80.10769099590723
 10
145.04263301500683
 20
80.23124147339699
 10
144.90405439972716
 20
80.38292974079127
 10
144.80243860845837
 20
80.5555934515689
 10
144.73778564120053
 20
80.74923260572987
 10
144.7100954979536
 20
80.96384720327421
 10
145.08663028649386
 20
80.99658935879945
 10
145.11400068212825
 20
80.8287218622101
 10
145.16950886766713
 20
80.68528308321964
 10
145.2531548431105
 20
80.5662730218281
 10
145.3649386084584
 20
80.47169167803547
 10
145.49731412005457
 20
80.39962056616643
 10
145.64273533424284
 20
80.3481412005457
 10
145.8012022510232
 20
80.31725358117326
 10
145.97271487039563
 20
80.30695770804911
 10
146.13150153478855
 20
80.31552694406548
 10
146.27430081855388
 20
80.3412346521146
 10
146.40111272169167
 20
80.38408083219646
 10
146.5119372442019
 20
80.44406548431105
 10
146.6019142223738
 20
80.518758526603
 10
146.6661834924966
 20
80.60572987721692
 10
146.70474505457025
 20
80.70497953615279
 10
146.71759890859482
 20
80.81650750341065
 10
146.70416950886766
 20
80.93097714870396
 10
146.66388130968622
 20
81.02881991814462
 10
146.59673431105048
 20
81.11003581173262
 10
146.50272851296043
 20
81.17462482946794
 10
146.37706770122784
 20
81.23070856070942
 10
146.2149556616644
 20
81.28640859481582
 10
146.01639239427013
 20
81.34172493178718
 10
145.78137789904503
 20
81.39665757162346
 10
145.54585180763985
 20
81.45696197135061
 10
145.34575375170533
 20
81.52839358799454
 10
145.18108373124147
 20
81.61095242155525
 10
145.0518417462483
 20
81.70463847203274
 10
144.9542547748977
 20
81.81130627557981
 10
144.88454979536152
 20
81.93281036834925
 10
144.84272680763985
 20
82.06915075034107
 10
144.82878581173262
 20
82.22032742155525
 10
144.84643587994543
 20
82.39260743519782
 10
144.8993860845839
 20
82.5492837653479
 10
144.98763642564802
 20
82.69035641200546
 10
145.1111869031378
 20
82.81582537517053
 10
145.26517735334244
 20
82.918784106412
 10
145.44474761255117
 20
82.99232605729877
 10
145.64989768076398
 20
83.03645122783084
 10
145.8806275579809
 20
83.05115961800819
 10
146.11807213506137
 20
83.03651517735334
 10
146.33108799454297
 20
82.9925818553888
 10
146.51967513642563
 20
82.9193596521146
 10
146.68383356070942
 20
82.8168485675307
 10
146.81793570941338
 20
82.68735078444747
 10
146.91635402455663
 20
82.5331684856753
 10
146.97908850613916
 20
82.35430167121419
 10
147.006139154161
 20
82.15075034106412
 10
146.62551159618008
 20
82.12005457025921
  0
LWPOLYLINE
  5
4E
330
17
100
AcDbEntity
  8
TEXT
100
AcDbPolyline
 90
7
 70
0
 10
149.50886766712142
 20
80.0
 10
147.63233287858117
 20
80.0
 10
147.63233287858117
 20
83.0
 10
148.0293315143247
 20
83.0
 10
148.0293315143247
 20
80.35607094133697
 10
149.50886766712142
 20
80.35607094133697
 10
149.50886766712142
 20
80.0
  0
LWPOLYLINE
  5
4F
330
17
100
AcDbEntity
  8
TEXT
100
AcDbPolyline
 90
33
 70
0
 10
151.28308321964528
 20
83.05115961800819
 10
151.58390177353343
 20
83.02442871759891
 10
151.85607094133695
 20
82.94423601637108
 10
152.09959072305594
 20
82.8105815143247
 10
152.3144611186903
 20
82.62346521145976
 10
152.48993860845837
 20
82.39260743519782
 10
152.61527967257845
 20
82.12772851296043
 10
152.69048431105048
 20
81.82882844474761
 10
152.7155525238745
 20
81.49590723055934
 10
152.69035641200546
 20
81.16407315825374
 10
152.61476807639838
 20
80.86638813096862
 10
152.4887875170532
 20
80.60285214870396
 10
152.31241473396997
 20
80.37346521145976
 10
152.0969048431105
 20
80.18769184856754
 10
151.85351296043655
 20
80.05499658935881
 10
151.58223908594815
 20
79.97537943383357
 10
151.28308321964528
 20
79.94884038199181
 10
150.9745907230559
 20
79.97633867667122
 10
150.69781718963165
 20
80.05883356070942
 10
150.45276261937244
 20
80.19632503410641
 10
150.2394270122783
 20
80.38881309686221
 10
150.06663540245566
 20
80.62094986357435
 10
149.9432128240109
 20
80.87738744884038
 10
149.8691592769441
 20
81.1581258526603
 10
149.84447476125513
 20
81.46316507503411
 10
149.86947902455663
 20
81.81290501364256
 10
149.94449181446112
 20
82.12337994542975
 10
150.06951313096863
 20
82.39458987039563
 10
150.24454297407914
 20
82.62653478854024
 10
150.45947731923602
 20
82.81230815143246
 10
150.7042121418827
 20
82.94500341064119
 10
150.97874744201908
 20
83.02462056616643
 10
151.28308321964528
 20
83.05115961800819
  0
LWPOLYLINE
  5
50
330
17
100
AcDbEntity
  8
TEXT
100
AcDbPolyline
 90
33
 70
0
 10
151.27899045020465
 20
80.28854024556617
 10
151.49635487721693
 20
80.30849249658937
 10
151.69210436562074
 20
80.36834924965893
 10
151.8662389154161
 20
80.4681105047749
 10
152.018758526603
 20
80.60777626193725
 10
152.14288454979535
 20
80.78299795361528
 10
152.2318383356071
 20
80.98942701227831
 10
152.2856198840382
 20
81.22706343792633
 10
152.30422919508868
 20
81.49590723055934
 10
152.28613148021827
 20
81.77165757162346
 10
152.2318383356071
 20
82.01364256480218
 10
152.1413497612551
 20
82.2218622100955
 10
152.01466575716233
 20
82.39631650750341
 10
151.86061135743518
 20
82.53419167803547
 10
151.68801159618008
 20
82.63267394270123
 10
151.496866473397
 20
82.69176330150069
 10
151.28717598908594
 20
82.71145975443383
 10
151.07204979536152
 20
82.69214699863574
 10
150.8768758526603
 20
82.63420873124147
 10
150.70165416098226
 20
82.53764495225101
 10
150.5463847203274
 20
82.40245566166439
 10
150.41925306957705
 20
82.22736186903137
 10
150.32844474761254
 20
82.01108458390178
 10
150.2739597544338
 20
81.75362380627557
 10
150.2557980900409
 20
81.45497953615279
 10
150.27357605729875
 20
81.20653564120055
 10
150.32690995907228
 20
80.98303206002728
 10
150.41579979536152
 20
80.78446879263302
 10
150.54024556616645
 20
80.61084583901774
 10
150.6930849249659
 20
80.46983714188268
 10
150.86715552523876
 20
80.36911664392906
 10
151.062457366985
 20
80.30868434515689
 10
151.27899045020465
 20
80.28854024556617
  0
LWPOLYLINE
  5
51
330
17
100
AcDbEntity
  8
TEXT
100
AcDbPolyline
 90
9
 70
0
 10
155.37585266030013
 20
82.64392905866303
 10
154.38335607094135
 20
82.64392905866303
 10
154.38335607094135
 20
80.0
 10
153.9843110504775
 20
80.0
 10
153.9843110504775
 20
82.64392905866303
 10
153.0
 20
82.64392905866303
 10
153.0
 20
83.0
 10
155.37585266030013
 20
83.0
 10
155.37585266030013
 20
82.64392905866303
  0
LWPOLYLINE
  5
52
330
17
100
AcDbEntity
  8
TEXT
100
AcDbPolyline
 90
109
 70
0
 10
158.22032742155525
 20
81.62278308321964
 10
158.35097629604365
 20
81.58601210777626
 10
158.46461459754434
 20
81.52890518417462
 10
158.56124232605728
 20
81.45146231241473
 10
158.64085948158254
 20
81.35368349249659
 10
158.70308236698497
 20
81.24337056616643
 10
158.7475272851296
 20
81.12832537517053
 10
158.77419423601634
 20
81.00854791950887
 10
158.78308321964528
 20
80.88403819918145
 10
158.7644739085948
 20
80.68854450886766
 10
158.70864597544337
 20
80.51134038199181
 10
158.615599420191
 20
80.35242581855388
 10
158.48533424283767
 20
80.21180081855388
 10
158.32910555934515
 20
80.09675562755798
 10
158.1581684856753
 20
80.01458049113234
 10
157.9725230218281
 20
79.96527540927694
 10
157.77216916780355
 20
79.94884038199181
 10
157.58236698499317
 20
79.96329297407912
 10
157.40995907230558
 20
80.00665075034107
 10
157.2549454297408
 20
80.07891371077763
 10
157.11732605729878
 20
80.1800818553888
 10
157.0018332196453
 20
80.30503922237381
 10
156.91319918144612
 20
80.44866984993179
 10
156.85142394270122
 20
80.61097373806275
 10
156.81650750341063
 20
80.79195088676671
 10
157.18485675306957
 20
80.8431105047749
 10
157.2181744542974
 20
80.70408424283765
 10
157.26287517053206
 20
80.5837312414734
 10
157.31895890177353
 20
80.48205150068213
 10
157.38642564802183
 20
80.39904502046384
 10
157.46540330832195
 20
80.33458390177354
 10
157.55601978171896
 20
80.28854024556617
 10
157.65827506821282
 20
80.26091405184175
 10
157.77216916780355
 20
80.25170532060028
 10
157.8961672919509
 20
80.2630243860846
 10
158.01031718963165
 20
80.29698158253753
 10
158.11461886084584
 20
80.35357690995907
 10
158.20907230559345
 20
80.43281036834925
 10
158.28741047066848
 20
80.52841490450204
 10
158.34336630286495
 20
80.63412346521146
 10
158.37693980218282
 20
80.74993605047749
 10
158.3881309686221
 20
80.87585266030014
 10
158.37796299454297
 20
80.99633356070942
 10
158.34745907230558
 20
81.10607094133697
 10
158.29661920190995
 20
81.2050648021828
 10
158.22544338335607
 20
81.29331514324693
 10
158.13789648703957
 20
81.36583390177353
 10
158.03794338335607
 20
81.41763301500683
 10
157.92558407230558
 20
81.44871248294679
 10
157.80081855388812
 20
81.45907230559345
 10
157.74467087312414
 20
81.45664222373806
 10
157.68263983628924
 20
81.4493519781719
 10
157.61472544338335
 20
81.43720156889495
 10
157.54092769440655
 20
81.42019099590723
 10
157.58390177353343
 20
81.74351978171896
 10
157.6537346521146
 20
81.7444150750341
 10
157.71589358799454
 20
81.74710095497953
 10
157.77037858117328
 20
81.75157742155525
 10
157.81718963165076
 20
81.75784447476126
 10
157.86144270122784
 20
81.76756480218282
 10
157.90825375170533
 20
81.78240109140519
 10
157.95762278308322
 20
81.80235334242838
 10
158.00954979536152
 20
81.82742155525239
 10
158.06045361527967
 20
81.85805337653478
 10
158.10675306957708
 20
81.89469645293315
 10
158.14844815825376
 20
81.93735078444747
 10
158.1855388813097
 20
81.98601637107777
 10
158.21597885402457
 20
82.04082111186904
 10
158.23772169167802
 20
82.10189290586631
 10
158.25076739427013
 20
82.16923175306958
 10
158.2551159618008
 20
82.24283765347886
 10
158.24584328103683
 20
82.3480985675307
 10
158.21802523874487
 20
82.44082537517053
 10
158.17166183492498
 20
82.52101807639836
 10
158.10675306957708
 20
82.58867667121419
 10
158.02969389495226
 20
82.64239427012278
 10
157.9468792633015
 20
82.68076398362892
 10
157.85830917462482
 20
82.7037858117326
 10
157.76398362892223
 20
82.71145975443383
 10
157.65763557298772
 20
82.70263472032742
 10
157.56164733969985
 20
82.67615961800819
 10
157.47601892905865
 20
82.63203444747613
 10
157.4007503410641
 20
82.57025920873124
 10
157.33712056616642
 20
82.49211289222374
 10
157.2864085948158
 20
82.39887448840382
 10
157.24861442701226
 20
82.29054399727148
 10
157.22373806275579
 20
82.16712141882674
 10
156.85538881309685
 20
82.23465211459754
 10
156.90200801500683
 20
82.41780354706684
 10
156.97024215552523
 20
82.57639836289222
 10
157.0600912346521
 20
82.71043656207367
 10
157.17155525238744
 20
82.8199181446112
 10
157.29977404502046
 20
82.9049710095498
 10
157.43988744884038
 20
82.96572305593452
 10
157.59189546384718
 20
83.00217428376536
 10
157.7557980900409
 20
83.0143246930423
 10
157.93530439972713
 20
83.00019184856754
 10
158.0993349249659
 20
82.95779331514325
 10
158.24788966575716
 20
82.88712909276944
 10
158.38096862210097
 20
82.78819918144612
 10
158.49064205320602
 20
82.66880542291952
 10
158.56898021828104
 20
82.53674965893589
 10
158.61598311732607
 20
82.39203188949523
 10
158.63165075034107
 20
82.23465211459754
 10
158.60594304229195
 20
82.03960607094133
 10
158.52881991814462
 20
81.87397680763983
 10
158.40028137789903
 20
81.73776432469303
 10
158.22032742155525
 20
81.63096862210095
 10
158.22032742155525
 20
81.62278308321964
  0
LWPOLYLINE
  5
53
330
17
100
AcDbEntity
  8
TEXT
100
AcDbPolyline
 90
12
 70
0
 10
161.09959072305594
 20
80.7162346521146
 10
160.69440654843112
 20
80.7162346521146
 10
160.69440654843112
 20
80.0
 10
160.32605729877216
 20
80.0
 10
160.32605729877216
 20
80.7162346521146
 10
159.02660300136426
 20
80.7162346521146
 10
159.02660300136426
 20
81.05593451568895
 10
160.39154160982264
 20
83.0
 10
160.69440654843112
 20
83.0
 10
160.69440654843112
 20
81.05593451568895
 10
161.09959072305594
 20
81.05593451568895
 10
161.09959072305594
 20
80.7162346521146
  0
LWPOLYLINE
  5
54
330
17
100
AcDbEntity
  8
TEXT
100
AcDbPolyline
 90
5
 70
0
 10
160.32605729877216
 20
81.05593451568895
 10
160.32605729877216
 20
82.4106412005457
 10
160.31787175989086
 20
82.4106412005457
 10
159.38676671214188
 20
81.05593451568895
 10
160.32605729877216
 20
81.05593451568895
  0
LWPOLYLINE
  5
55
330
17
100
AcDbEntity
  8
TEXT
100
AcDbPolyline
 90
5
 70
0
 10
162.08594815825376
 20
80.0
 10
161.66643929058662
 20
80.0
 10
161.66643929058662
 20
80.41950886766712
 10
162.08594815825376
 20
80.41950886766712
 10
162.08594815825376
 20
80.0
  0
LWPOLYLINE
  5
56
330
17
100
AcDbEntity
  8
TEXT
100
AcDbPolyline
 90
33
 70
0
 10
163.62278308321964
 20
83.0143246930423
 10
163.85204212141883
 20
82.99034362210097
 10
164.05073328785812
 20
82.91840040927696
 10
164.2188565825375
 20
82.79849505457027
 10
164.356412005457
 20
82.6306275579809
 10
164.46339955661662
 20
82.41479791950887
 10
164.53981923601637
 20
82.15100613915416
 10
164.5856710436562
 20
81.83925221691678
 10
164.60095497953614
 20
81.47953615279673
 10
164.58515944747612
 20
81.11662261255115
 10
164.53777285129604
 20
80.80346180081855
 10
164.4587951909959
 20
80.54005371759891
 10
164.3482264665757
 20
80.32639836289222
 10
164.20811306275579
 20
80.1612167462483
 10
164.04050136425647
 20
80.04322987721692
 10
163.84539137107777
 20
79.9724377557981
 10
163.62278308321964
 20
79.94884038199181
 10
163.3940036664393
 20
79.97275750341065
 10
163.19572817189632
 20
80.04450886766712
 10
163.0279565995907
 20
80.16409447476126
 10
162.89068894952248
 20
80.33151432469305
 10
162.78392522169167
 20
80.54676841746249
 10
162.70766541609822
 20
80.80985675306958
 10
162.66190953274213
 20
81.12077933151433
 10
162.64665757162345
 20
81.47953615279673
 10
162.66245310368348
 20
81.84257759208731
 10
162.70983969986355
 20
82.15612210095497
 10
162.7888173601637
 20
82.42016967939973
 10
162.8993860845839
 20
82.63472032742156
 10
163.0393715893588
 20
82.80079723738064
 10
163.20659959072304
 20
82.9194236016371
 10
163.40107008867668
 20
82.990599420191
 10
163.62278308321964
 20
83.0143246930423
  0
LWPOLYLINE
  5
57
330
17
100
AcDbEntity
  8
TEXT
100
AcDbPolyline
 90
41
 70
0
 10
163.62278308321964
 20
80.25170532060028
 10
163.76206514324693
 20
80.26967513642566
 10
163.8831855388813
 20
80.32358458390178
 10
163.98614427012276
 20
80.41343366302866
 10
164.07094133697134
 20
80.53922237380628
 10
164.13719304229195
 20
80.70581087994543
 10
164.18451568894952
 20
80.91805934515689
 10
164.21290927694406
 20
81.17596776944066
 10
164.22237380627558
 20
81.47953615279673
 10
164.2182170873124
 20
81.69459839699864
 10
164.20574693042292
 20
81.88548772169167
 10
164.18496333560708
 20
82.05220412687585
 10
164.15586630286492
 20
82.19474761255115
 10
164.11839188267393
 20
82.3168912005457
 10
164.07247612551157
 20
82.42240791268759
 10
164.0181190313779
 20
82.51129774897682
 10
163.95532060027284
 20
82.58356070941338
 10
163.88401688267393
 20
82.63951654160982
 10
163.80414392905865
 20
82.67948499317872
 10
163.715701739427
 20
82.70346606412005
 10
163.61869031377898
 20
82.71145975443383
 10
163.47953615279673
 20
82.6931701909959
 10
163.3587994542974
 20
82.63830150068213
 10
163.25648021828104
 20
82.5468536834925
 10
163.17257844474761
 20
82.41882673942702
 10
163.10722203274216
 20
82.25038369713506
 10
163.0605388813097
 20
82.03768758526603
 10
163.0325289904502
 20
81.78073840381992
 10
163.0231923601637
 20
81.47953615279673
 10
163.0274130286494
 20
81.26709583901774
 10
163.0400750341064
 20
81.07793315143248
 10
163.0611783765348
 20
80.91204809004093
 10
163.09072305593452
 20
80.76944065484311
 10
163.12858117326059
 20
80.646849420191
 10
163.17462482946794
 20
80.54101296043656
 10
163.22885402455663
 20
80.45193127557981
 10
163.2912687585266
 20
80.37960436562074
 10
163.3618690313779
 20
80.32364853342429
 10
163.4406548431105
 20
80.2836800818554
 10
163.52762619372442
 20
80.25969901091406
 10
163.62278308321964
 20
80.25170532060028
  0
LWPOLYLINE
  5
58
330
17
100
AcDbEntity
  8
TEXT
100
AcDbPolyline
 90
33
 70
0
 10
165.9536152796726
 20
83.0143246930423
 10
166.18287431787178
 20
82.99034362210097
 10
166.38156548431107
 20
82.91840040927696
 10
166.54968877899046
 20
82.79849505457027
 10
166.68724420190995
 20
82.6306275579809
 10
166.79423175306957
 20
82.41479791950887
 10
166.87065143246932
 20
82.15100613915416
 10
166.91650324010914
 20
81.83925221691678
 10
166.9317871759891
 20
81.47953615279673
 10
166.91599164392906
 20
81.11662261255115
 10
166.86860504774899
 20
80.80346180081855
 10
166.78962738744883
 20
80.54005371759891
 10
166.67905866302866
 20
80.32639836289222
 10
166.53894525920873
 20
80.1612167462483
 10
166.37133356070942
 20
80.04322987721692
 10
166.1762235675307
 20
79.9724377557981
 10
165.9536152796726
 20
79.94884038199181
 10
165.72483586289223
 20
79.97275750341065
 10
165.52656036834927
 20
80.04450886766712
 10
165.35878879604365
 20
80.16409447476126
 10
165.22152114597543
 20
80.33151432469305
 10
165.11475741814462
 20
80.54676841746249
 10
165.03849761255117
 20
80.80985675306958
 10
164.99274172919507
 20
81.12077933151433
 10
164.9774897680764
 20
81.47953615279673
 10
164.99328530013642
 20
81.84257759208731
 10
165.0406718963165
 20
82.15612210095497
 10
165.11964955661665
 20
82.42016967939973
 10
165.23021828103683
 20
82.63472032742156
 10
165.37020378581173
 20
82.80079723738064
 10
165.537431787176
 20
82.9194236016371
 10
165.7319022851296
 20
82.990599420191
 10
165.9536152796726
 20
83.0143246930423
  0
LWPOLYLINE
  5
59
330
17
100
AcDbEntity
  8
TEXT
100
AcDbPolyline
 90
41
 70
0
 10
165.9536152796726
 20
80.25170532060028
 10
166.09289733969987
 20
80.26967513642566
 10
166.21401773533424
 20
80.32358458390178
 10
166.3169764665757
 20
80.41343366302866
 10
166.4017735334243
 20
80.53922237380628
 10
166.46802523874487
 20
80.70581087994543
 10
166.51534788540243
 20
80.91805934515689
 10
166.54374147339698
 20
81.17596776944066
 10
166.5532060027285
 20
81.47953615279673
 10
166.54904928376533
 20
81.69459839699864
 10
166.53657912687584
 20
81.88548772169167
 10
166.51579553206003
 20
82.05220412687585
 10
166.48669849931787
 20
82.19474761255115
 10
166.44922407912688
 20
82.3168912005457
 10
166.40330832196452
 20
82.42240791268759
 10
166.34895122783084
 20
82.51129774897682
 10
166.2861527967258
 20
82.58356070941338
 10
166.21484907912688
 20
82.63951654160982
 10
166.1349761255116
 20
82.67948499317872
 10
166.04653393587995
 20
82.70346606412005
 10
165.94952251023193
 20
82.71145975443383
 10
165.81036834924967
 20
82.6931701909959
 10
165.68963165075036
 20
82.63830150068213
 10
165.587312414734
 20
82.5468536834925
 10
165.50341064120056
 20
82.41882673942702
 10
165.4380542291951
 20
82.25038369713506
 10
165.39137107776264
 20
82.03768758526603
 10
165.36336118690315
 20
81.78073840381992
 10
165.35402455661665
 20
81.47953615279673
 10
165.35824522510234
 20
81.26709583901774
 10
165.37090723055934
 20
81.07793315143248
 10
165.39201057298774
 20
80.91204809004093
 10
165.42155525238746
 20
80.76944065484311
 10
165.4594133697135
 20
80.646849420191
 10
165.50545702592086
 20
80.54101296043656
 10
165.55968622100954
 20
80.45193127557981
 10
165.62210095497954
 20
80.37960436562074
 10
165.69270122783084
 20
80.32364853342429
 10
165.77148703956345
 20
80.2836800818554
 10
165.85845839017736
 20
80.25969901091406
 10
165.9536152796726
 20
80.25170532060028
  0
LWPOLYLINE
  5
5A
330
17
100
AcDbEntity
  8
TEXT
100
AcDbPolyline
 90
20
 70
0
 10
169.1869031377899
 20
80.0
 10
168.7326057298772
 20
80.0
 10
168.16780354706685
 20
80.85948158253751
 10
167.59686221009548
 20
80.0
 10
167.14870395634378
 20
80.0
 10
167.94474761255117
 20
81.13165075034107
 10
167.21214188267393
 20
82.1712141882674
 10
167.66848567530695
 20
82.1712141882674
 10
167.7736826398363
 20
82.01220370054571
 10
167.86621759890858
 20
81.87180252387449
 10
167.94609055252386
 20
81.75001065825376
 10
168.01330150068213
 20
81.64682810368349
 10
168.06785044338335
 20
81.5622548601637
 10
168.10973738062754
 20
81.4962909276944
 10
168.13896231241472
 20
81.44893630627558
 10
168.15552523874487
 20
81.42019099590723
 10
168.68758526603
 20
82.1712141882674
 10
169.1275579809004
 20
82.1712141882674
 10
168.37653478854025
 20
81.15211459754434
 10
169.1869031377899
 20
80.0
  0
LWPOLYLINE
  5
5B
330
17
100
AcDbEntity
  8
TEXT
100
AcDbPolyline
 90
14
 70
0
 10
170.78717598908594
 20
80.0
 10
170.418826739427
 20
80.0
 10
170.418826739427
 20
82.34720327421556
 10
170.26905695770805
 20
82.2212227148704
 10
170.09600954979535
 20
82.10521828103684
 10
169.89968451568896
 20
81.99918997271487
 10
169.6800818553888
 20
81.9031377899045
 10
169.6800818553888
 20
82.25920873124147
 10
169.97297066848566
 20
82.42074522510232
 10
170.2152114597544
 20
82.60044338335607
 10
170.40680422919507
 20
82.79830320600273
 10
170.54774897680764
 20
83.0143246930423
 10
170.78717598908594
 20
83.0143246930423
 10
170.78717598908594
 20
80.0
  0
LWPOLYLINE
  5
5C
330
17
100
AcDbEntity
  8
TEXT
100
AcDbPolyline
 90
33
 70
0
 10
172.7107776261937
 20
83.0143246930423
 10
172.9400366643929
 20
82.99034362210097
 10
173.13872783083218
 20
82.91840040927696
 10
173.3068511255116
 20
82.79849505457027
 10
173.4444065484311
 20
82.6306275579809
 10
173.5513940995907
 20
82.41479791950887
 10
173.62781377899046
 20
82.15100613915416
 10
173.67366558663028
 20
81.83925221691678
 10
173.68894952251023
 20
81.47953615279673
 10
173.6731539904502
 20
81.11662261255115
 10
173.62576739427013
 20
80.80346180081855
 10
173.54678973396997
 20
80.54005371759891
 10
173.4362210095498
 20
80.32639836289222
 10
173.29610760572987
 20
80.1612167462483
 10
173.12849590723056
 20
80.04322987721692
 10
172.93338591405183
 20
79.9724377557981
 10
172.7107776261937
 20
79.94884038199181
 10
172.48199820941335
 20
79.97275750341065
 10
172.28372271487038
 20
80.04450886766712
 10
172.1159511425648
 20
80.16409447476126
 10
171.97868349249657
 20
80.33151432469305
 10
171.87191976466576
 20
80.54676841746249
 10
171.7956599590723
 20
80.80985675306958
 10
171.74990407571622
 20
81.12077933151433
 10
171.73465211459754
 20
81.47953615279673
 10
171.75044764665756
 20
81.84257759208731
 10
171.79783424283764
 20
82.15612210095497
 10
171.8768119031378
 20
82.42016967939973
 10
171.98738062755797
 20
82.63472032742156
 10
172.12736613233287
 20
82.80079723738064
 10
172.29459413369713
 20
82.9194236016371
 10
172.48906463165073
 20
82.990599420191
 10
172.7107776261937
 20
83.0143246930423
  0
LWPOLYLINE
  5
5D
330
17
100
AcDbEntity
  8
TEXT
100
AcDbPolyline
 90
41
 70
0
 10
172.7107776261937
 20
80.25170532060028
 10
172.850059686221
 20
80.26967513642566
 10
172.97118008185538
 20
80.32358458390178
 10
173.07413881309685
 20
80.41343366302866
 10
173.15893587994543
 20
80.53922237380628
 10
173.225187585266
 20
80.70581087994543
 10
173.2725102319236
 20
80.91805934515689
 10
173.30090381991812
 20
81.17596776944066
 10
173.31036834924964
 20
81.47953615279673
 10
173.30621163028647
 20
81.69459839699864
 10
173.29374147339698
 20
81.88548772169167
 10
173.27295787858117
 20
82.05220412687585
 10
173.243860845839
 20
82.19474761255115
 10
173.20638642564802
 20
82.3168912005457
 10
173.1604706684857
 20
82.42240791268759
 10
173.10611357435198
 20
82.51129774897682
 10
173.04331514324693
 20
82.58356070941338
 10
172.97201142564802
 20
82.63951654160982
 10
172.89213847203274
 20
82.67948499317872
 10
172.8036962824011
 20
82.70346606412005
 10
172.70668485675307
 20
82.71145975443383
 10
172.5675306957708
 20
82.6931701909959
 10
172.44679399727147
 20
82.63830150068213
 10
172.3444747612551
 20
82.5468536834925
 10
172.26057298772167
 20
82.41882673942702
 10
172.19521657571622
 20
82.25038369713506
 10
172.14853342428376
 20
82.03768758526603
 10
172.1205235334243
 20
81.78073840381992
 10
172.1111869031378
 20
81.47953615279673
 10
172.11540757162348
 20
81.26709583901774
 10
172.12806957708048
 20
81.07793315143248
 10
172.14917291950886
 20
80.91204809004093
 10
172.17871759890858
 20
80.76944065484311
 10
172.21657571623464
 20
80.646849420191
 10
172.262619372442
 20
80.54101296043656
 10
172.31684856753068
 20
80.45193127557981
 10
172.37926330150069
 20
80.37960436562074
 10
172.44986357435198
 20
80.32364853342429
 10
172.52864938608457
 20
80.2836800818554
 10
172.61562073669847
 20
80.25969901091406
 10
172.7107776261937
 20
80.25170532060028
  0
LWPOLYLINE
  5
5E
330
17
100
AcDbEntity
  8
TEXT
100
AcDbPolyline
 90
5
 70
0
 10
174.66916780354705
 20
80.0
 10
174.24965893587995
 20
80.0
 10
174.24965893587995
 20
80.41950886766712
 10
174.66916780354705
 20
80.41950886766712
 10
174.66916780354705
 20
80.0
  0
LWPOLYLINE
  5
5F
330
17
100
AcDbEntity
  8
TEXT
100
AcDbPolyline
 90
33
 70
0
 10
176.20600272851294
 20
83.0143246930423
 10
176.43526176671213
 20
82.99034362210097
 10
176.63395293315142
 20
82.91840040927696
 10
176.80207622783084
 20
82.79849505457027
 10
176.93963165075033
 20
82.6306275579809
 10
177.04661920190995
 20
82.41479791950887
 10
177.1230388813097
 20
82.15100613915416
 10
177.16889068894952
 20
81.83925221691678
 10
177.18417462482947
 20
81.47953615279673
 10
177.16837909276944
 20
81.11662261255115
 10
177.12099249658937
 20
80.80346180081855
 10
177.0420148362892
 20
80.54005371759891
 10
176.93144611186904
 20
80.32639836289222
 10
176.7913327080491
 20
80.1612167462483
 10
176.6237210095498
 20
80.04322987721692
 10
176.42861101637106
 20
79.9724377557981
 10
176.20600272851294
 20
79.94884038199181
 10
175.9772233117326
 20
79.97275750341065
 10
175.77894781718962
 20
80.04450886766712
 10
175.61117624488404
 20
80.16409447476126
 10
175.4739085948158
 20
80.33151432469305
 10
175.367144866985
 20
80.54676841746249
 10
175.29088506139155
 20
80.80985675306958
 10
175.24512917803546
 20
81.12077933151433
 10
175.22987721691678
 20
81.47953615279673
 10
175.2456727489768
 20
81.84257759208731
 10
175.29305934515688
 20
82.15612210095497
 10
175.37203700545703
 20
82.42016967939973
 10
175.4826057298772
 20
82.63472032742156
 10
175.6225912346521
 20
82.80079723738064
 10
175.78981923601634
 20
82.9194236016371
 10
175.98428973396997
 20
82.990599420191
 10
176.20600272851294
 20
83.0143246930423
  0
LWPOLYLINE
  5
60
330
17
100
AcDbEntity
  8
TEXT
100
AcDbPolyline
 90
41
 70
0
 10
176.20600272851294
 20
80.25170532060028
 10
176.34528478854023
 20
80.26967513642566
 10
176.46640518417462
 20
80.32358458390178
 10
176.5693639154161
 20
80.41343366302866
 10
176.65416098226467
 20
80.53922237380628
 10
176.72041268758525
 20
80.70581087994543
 10
176.76773533424284
 20
80.91805934515689
 10
176.79612892223736
 20
81.17596776944066
 10
176.80559345156888
 20
81.47953615279673
 10
176.8014367326057
 20
81.69459839699864
 10
176.78896657571622
 20
81.88548772169167
 10
176.7681829809004
 20
82.05220412687585
 10
176.73908594815825
 20
82.19474761255115
 10
176.70161152796726
 20
82.3168912005457
 10
176.65569577080493
 20
82.42240791268759
 10
176.60133867667122
 20
82.51129774897682
 10
176.53854024556617
 20
82.58356070941338
 10
176.46723652796726
 20
82.63951654160982
 10
176.38736357435198
 20
82.67948499317872
 10
176.2989213847203
 20
82.70346606412005
 10
176.20190995907228
 20
82.71145975443383
 10
176.06275579809002
 20
82.6931701909959
 10
175.9420190995907
 20
82.63830150068213
 10
175.83969986357434
 20
82.5468536834925
 10
175.7557980900409
 20
82.41882673942702
 10
175.69044167803546
 20
82.25038369713506
 10
175.643758526603
 20
82.03768758526603
 10
175.6157486357435
 20
81.78073840381992
 10
175.606412005457
 20
81.47953615279673
 10
175.6106326739427
 20
81.26709583901774
 10
175.6232946793997
 20
81.07793315143248
 10
175.6443980218281
 20
80.91204809004093
 10
175.67394270122782
 20
80.76944065484311
 10
175.71180081855388
 20
80.646849420191
 10
175.75784447476124
 20
80.54101296043656
 10
175.81207366984992
 20
80.45193127557981
 10
175.8744884038199
 20
80.37960436562074
 10
175.9450886766712
 20
80.32364853342429
 10
176.0238744884038
 20
80.2836800818554
 10
176.1108458390177
 20
80.25969901091406
 10
176.20600272851294
 20
80.25170532060028
  0
LWPOLYLINE
  5
61
330
17
100
AcDbEntity
  8
TEXT
100
AcDbPolyline
 90
33
 70
0
 10
178.5368349249659
 20
83.0143246930423
 10
178.76609396316508
 20
82.99034362210097
 10
178.96478512960437
 20
82.91840040927696
 10
179.13290842428376
 20
82.79849505457027
 10
179.27046384720325
 20
82.6306275579809
 10
179.37745139836287
 20
82.41479791950887
 10
179.4538710777626
 20
82.15100613915416
 10
179.49972288540243
 20
81.83925221691678
 10
179.51500682128238
 20
81.47953615279673
 10
179.49921128922236
 20
81.11662261255115
 10
179.45182469304228
 20
80.80346180081855
 10
179.37284703274213
 20
80.54005371759891
 10
179.26227830832195
 20
80.32639836289222
 10
179.12216490450203
 20
80.1612167462483
 10
178.9545532060027
 20
80.04322987721692
 10
178.759443212824
 20
79.9724377557981
 10
178.5368349249659
 20
79.94884038199181
 10
178.30805550818553
 20
79.97275750341065
 10
178.10978001364256
 20
80.04450886766712
 10
177.94200844133695
 20
80.16409447476126
 10
177.80474079126873
 20
80.33151432469305
 10
177.69797706343792
 20
80.54676841746249
 10
177.62171725784447
 20
80.80985675306958
 10
177.57596137448837
 20
81.12077933151433
 10
177.5607094133697
 20
81.47953615279673
 10
177.57650494542972
 20
81.84257759208731
 10
177.6238915416098
 20
82.15612210095497
 10
177.70286920190995
 20
82.42016967939973
 10
177.81343792633015
 20
82.63472032742156
 10
177.95342343110505
 20
82.80079723738064
 10
178.1206514324693
 20
82.9194236016371
 10
178.31512193042292
 20
82.990599420191
 10
178.5368349249659
 20
83.0143246930423
  0
LWPOLYLINE
  5
62
330
17
100
AcDbEntity
  8
TEXT
100
AcDbPolyline
 90
41
 70
0
 10
178.5368349249659
 20
80.25170532060028
 10
178.67611698499317
 20
80.26967513642566
 10
178.79723738062754
 20
80.32358458390178
 10
178.900196111869
 20
80.41343366302866
 10
178.9849931787176
 20
80.53922237380628
 10
179.0512448840382
 20
80.70581087994543
 10
179.09856753069576
 20
80.91805934515689
 10
179.1269611186903
 20
81.17596776944066
 10
179.13642564802183
 20
81.47953615279673
 10
179.13226892905865
 20
81.69459839699864
 10
179.11979877216916
 20
81.88548772169167
 10
179.09901517735332
 20
82.05220412687585
 10
179.06991814461117
 20
82.19474761255115
 10
179.03244372442018
 20
82.3168912005457
 10
178.9865279672578
 20
82.42240791268759
 10
178.93217087312414
 20
82.51129774897682
 10
178.86937244201908
 20
82.58356070941338
 10
178.79806872442018
 20
82.63951654160982
 10
178.7181957708049
 20
82.67948499317872
 10
178.62975358117325
 20
82.70346606412005
 10
178.53274215552523
 20
82.71145975443383
 10
178.39358799454297
 20
82.6931701909959
 10
178.27285129604365
 20
82.63830150068213
 10
178.17053206002728
 20
82.5468536834925
 10
178.08663028649386
 20
82.41882673942702
 10
178.0212738744884
 20
82.25038369713506
 10
177.97459072305594
 20
82.03768758526603
 10
177.94658083219645
 20
81.78073840381992
 10
177.93724420190995
 20
81.47953615279673
 10
177.94146487039563
 20
81.26709583901774
 10
177.95412687585264
 20
81.07793315143248
 10
177.97523021828104
 20
80.91204809004093
 10
178.00477489768076
 20
80.76944065484311
 10
178.04263301500683
 20
80.646849420191
 10
178.0886766712142
 20
80.54101296043656
 10
178.14290586630287
 20
80.45193127557981
 10
178.20532060027284
 20
80.37960436562074
 10
178.27592087312414
 20
80.32364853342429
 10
178.35470668485675
 20
80.2836800818554
 10
178.44167803547066
 20
80.25969901091406
 10
178.5368349249659
 20
80.25170532060028
  0
LWPOLYLINE
  5
64
330
17
100
AcDbEntity
  8
TEXT
100
AcDbPolyline
 90
34
 70
0
 10
0.538881309686221
 20
190.0
 10
2.4249658935879945
 20
190.0
 10
2.6405823669849933
 20
189.99722885402457
 10
2.840637789904502
 20
189.98891541609822
 10
3.0251321623465213
 20
189.97505968622102
 10
3.1940654843110505
 20
189.9556616643929
 10
3.3523405525238745
 20
189.92464614597543
 10
3.5048601637107777
 20
189.87593792633015
 10
3.65162431787176
 20
189.80953700545703
 10
3.7926330150068215
 20
189.72544338335607
 10
3.922343963165075
 20
189.62418997271487
 10
4.0352148703956345
 20
189.50630968622102
 10
4.131245736698499
 20
189.3718025238745
 10
4.21043656207367
 20
189.2206684856753
 10
4.272361016371078
 20
189.059409106412
 10
4.316592769440655
 20
188.89452592087312
 10
4.343131821282401
 20
188.72601892905868
 10
4.351978171896317
 20
188.55388813096863
 10
4.3241601296043655
 20
188.22486783765348
 10
4.240706002728513
 20
187.93016712141883
 10
4.101615791268759
 20
187.66978598226467
 10
3.9068894952251023
 20
187.443724420191
 10
3.7872239512278307
 20
187.3458017138472
 10
3.6507716575716236
 20
187.26093536834924
 10
3.4975326142564804
 20
187.18912538369713
 10
3.3275068212824013
 20
187.13037175989086
 10
3.140694278649386
 20
187.0846744969304
 10
2.9370949863574354
 20
187.0520335948158
 10
2.7167089444065486
 20
187.03244905354705
 10
2.479536152796726
 20
187.02592087312414
 10
1.2005457025920874
 20
187.02592087312414
 10
1.2005457025920874
 20
185.0
 10
0.538881309686221
 20
185.0
 10
0.538881309686221
 20
190.0
  0
LWPOLYLINE
  5
65
330
17
100
AcDbEntity
  8
TEXT
100
AcDbPolyline
 90
24
 70
0
 10
1.2005457025920874
 20
187.6193724420191
 10
2.4863574351978173
 20
187.6193724420191
 10
2.76293912005457
 20
187.6336545020464
 10
3.0026432469304227
 20
187.67650068212825
 10
3.205469815825375
 20
187.74791098226467
 10
3.371418826739427
 20
187.8478854024557
 10
3.5004902796725785
 20
187.97642394270125
 10
3.5926841746248295
 20
188.13352660300137
 10
3.64800051159618
 20
188.3191933833561
 10
3.6664392905866303
 20
188.53342428376536
 10
3.6568468622100956
 20
188.67912261255117
 10
3.628069577080491
 20
188.81608117326059
 10
3.5801074351978173
 20
188.94429996589358
 10
3.5129604365620737
 20
189.0637789904502
 10
3.431851125511596
 20
189.16801671214188
 10
3.3420020463847204
 20
189.25051159618008
 10
3.243413199181446
 20
189.3112636425648
 10
3.1360845839017735
 20
189.35027285129604
 10
3.010850102319236
 20
189.3748934174625
 10
2.858543656207367
 20
189.3924795361528
 10
2.6791652455661668
 20
189.40303120736698
 10
2.4727148703956345
 20
189.40654843110505
 10
1.2005457025920874
 20
189.40654843110505
 10
1.2005457025920874
 20
187.6193724420191
  0
LWPOLYLINE
  5
66
330
17
100
AcDbEntity
  8
TEXT
100
AcDbPolyline
 90
9
 70
0
 10
9.324693042291951
 20
185.0
 10
8.577762619372443
 20
185.0
 10
7.991132332878582
 20
186.52114597544337
 10
5.903819918144611
 20
186.52114597544337
 10
5.351296043656207
 20
185.0
 10
4.6521145975443385
 20
185.0
 10
6.572305593451569
 20
190.0
 10
7.285129604365621
 20
190.0
 10
9.324693042291951
 20
185.0
  0
LWPOLYLINE
  5
67
330
17
100
AcDbEntity
  8
TEXT
100
AcDbPolyline
 90
20
 70
0
 10
7.789904502046385
 20
187.0463847203274
 10
7.644792377216917
 20
187.43032166609822
 10
7.516413710777626
 20
187.77039989768076
 10
7.404768502728513
 20
188.06661941507502
 10
7.309856753069577
 20
188.31898021828104
 10
7.2316784618008185
 20
188.52748230729878
 10
7.1702336289222375
 20
188.69212568212825
 10
7.125522254433834
 20
188.81291034276944
 10
7.097544338335608
 20
188.8898362892224
 10
7.057256139154161
 20
189.00910214870396
 10
7.014836289222374
 20
189.1469133697135
 10
6.970284788540246
 20
189.30326995225101
 10
6.923601637107776
 20
189.4781718963165
 10
6.906548431105048
 20
189.4781718963165
 10
6.85474931787176
 20
189.23047407912688
 10
6.7948499317871764
 20
188.99215552523873
 10
6.726850272851296
 20
188.7632162346521
 10
6.65075034106412
 20
188.54365620736698
 10
6.091405184174625
 20
187.0463847203274
 10
7.789904502046385
 20
187.0463847203274
  0
LWPOLYLINE
  5
68
330
17
100
AcDbEntity
  8
TEXT
100
AcDbPolyline
 90
57
 70
0
 10
14.283765347885403
 20
185.0
 10
13.451568894952253
 20
185.0
 10
13.273682639836291
 20
185.28079169508868
 10
13.11348908594816
 20
185.5331258526603
 10
12.970988233287859
 20
185.75700247271487
 10
12.84618008185539
 20
185.95242155525239
 10
12.73906463165075
 20
186.11938310027284
 10
12.649641882673944
 20
186.25788710777627
 10
12.577911834924965
 20
186.3679335777626
 10
12.52387448840382
 20
186.44952251023193
 10
12.432320088676672
 20
186.5794466234652
 10
12.338420873124148
 20
186.69977830832195
 10
12.242176841746248
 20
186.81051756480218
 10
12.143587994542974
 20
186.91166439290586
 10
12.045318894952251
 20
186.99916865620736
 10
11.950034106412005
 20
187.06898021828104
 10
11.857733628922238
 20
187.12109907912688
 10
11.768417462482947
 20
187.15552523874487
 10
11.673452421555252
 20
187.17790757162345
 10
11.564205320600273
 20
187.19389495225101
 10
11.440676159618008
 20
187.20348738062756
 10
11.302864938608458
 20
187.20668485675307
 10
10.538881309686221
 20
187.20668485675307
 10
10.538881309686221
 20
185.0
 10
9.877216916780355
 20
185.0
 10
9.877216916780355
 20
190.0
 10
12.090723055934516
 20
190.0
 10
12.308364597544339
 20
189.99637619372442
 10
12.507673942701228
 20
189.98550477489766
 10
12.688651091405186
 20
189.96738574351977
 10
12.851296043656209
 20
189.9420190995907
 10
13.000085266030014
 20
189.9050349590723
 10
13.13949522510232
 20
189.85206343792632
 10
13.269525920873125
 20
189.7831045361528
 10
13.390177353342429
 20
189.6981582537517
 10
13.499424454297408
 20
189.59914307639835
 10
13.59524215552524
 20
189.48797748976807
 10
13.677630457025922
 20
189.36466149386084
 10
13.746589358799454
 20
189.22919508867668
 10
13.801053035470668
 20
189.0857349931787
 10
13.839955661664392
 20
188.93843792633015
 10
13.863297237380626
 20
188.78730388813096
 10
13.871077762619372
 20
188.63233287858117
 10
13.84869542974079
 20
188.3631053888131
 10
13.781548431105048
 20
188.12158935879944
 10
13.669636766712141
 20
187.90778478854025
 10
13.512960436562075
 20
187.72169167803548
 10
13.31343792633015
 20
187.56522851296043
 10
13.072987721691678
 20
187.44031377899046
 10
12.791609822646658
 20
187.3469474761255
 10
12.469304229195089
 20
187.2851296043656
 10
12.469304229195089
 20
187.27148703956343
 10
12.716149386084584
 20
187.131437585266
 10
12.955320600272852
 20
186.9329809004093
 10
13.18681787175989
 20
186.67611698499317
 10
13.410641200545703
 20
186.36084583901774
 10
14.283765347885403
 20
185.0
  0
LWPOLYLINE
  5
69
330
17
100
AcDbEntity
  8
TEXT
100
AcDbPolyline
 90
24
 70
0
 10
10.538881309686221
 20
187.80013642564802
 10
11.957708049113233
 20
187.80013642564802
 10
12.161387278308322
 20
187.80471947476124
 10
12.34268417462483
 20
187.81846862210097
 10
12.501598738062757
 20
187.8413838676671
 10
12.638130968622102
 20
187.87346521145975
 10
12.75718366302865
 20
187.9187627899045
 10
12.863659618008187
 20
187.981326739427
 10
12.95755883356071
 20
188.06115706002728
 10
13.038881309686221
 20
188.15825375170533
 10
13.104536152796726
 20
188.26718110504777
 10
13.151432469304229
 20
188.38250341064122
 10
13.179570259208731
 20
188.5042206684857
 10
13.188949522510232
 20
188.63233287858117
 10
13.173388472032741
 20
188.79646998635744
 10
13.126705320600273
 20
188.94781718963165
 10
13.048900068212824
 20
189.0863744884038
 10
12.939972714870397
 20
189.21214188267393
 10
12.795233628922238
 20
189.31659276944063
 10
12.6099931787176
 20
189.3912005457026
 10
12.38425136425648
 20
189.43596521145975
 10
12.118008185538882
 20
189.45088676671213
 10
10.538881309686221
 20
189.45088676671213
 10
10.538881309686221
 20
187.80013642564802
  0
LWPOLYLINE
  5
6A
330
17
100
AcDbEntity
  8
TEXT
100
AcDbPolyline
 90
9
 70
0
 10
18.475443383356073
 20
189.40654843110505
 10
16.821282401091405
 20
189.40654843110505
 10
16.821282401091405
 20
185.0
 10
16.156207366984994
 20
185.0
 10
16.156207366984994
 20
189.40654843110505
 10
14.51568894952251
 20
189.40654843110505
 10
14.51568894952251
 20
190.0
 10
18.475443383356073
 20
190.0
 10
18.475443383356073
 20
189.40654843110505
  0
LWPOLYLINE
  5
6B
330
17
100
AcDbEntity
  8
TEXT
100
AcDbPolyline
 90
5
 70
0
 10
19.955661664392906
 20
187.91950886766713
 10
19.256480218281038
 20
187.91950886766713
 10
19.256480218281038
 20
188.61869031377898
 10
19.955661664392906
 20
188.61869031377898
 10
19.955661664392906
 20
187.91950886766713
  0
LWPOLYLINE
  5
6C
330
17
100
AcDbEntity
  8
TEXT
100
AcDbPolyline
 90
5
 70
0
 10
19.955661664392906
 20
185.0
 10
19.256480218281038
 20
185.0
 10
19.256480218281038
 20
185.69918144611188
 10
19.955661664392906
 20
185.69918144611188
 10
19.955661664392906
 20
185.0
  0
LWPOLYLINE
  5
6D
330
17
100
AcDbEntity
  8
TEXT
100
AcDbPolyline
 90
11
 70
0
 10
26.44270122783083
 20
189.40654843110505
 10
23.731241473397
 20
189.40654843110505
 10
23.731241473397
 20
187.8581173260573
 10
26.08117326057299
 20
187.8581173260573
 10
26.08117326057299
 20
187.26466575716233
 10
23.731241473397
 20
187.26466575716233
 10
23.731241473397
 20
185.0
 10
23.069577080491133
 20
185.0
 10
23.069577080491133
 20
190.0
 10
26.44270122783083
 20
190.0
 10
26.44270122783083
 20
189.40654843110505
  0
LWPOLYLINE
  5
6E
330
17
100
AcDbEntity
  8
TEXT
100
AcDbPolyline
 90
7
 70
0
 10
30.42974079126876
 20
185.0
 10
27.30218281036835
 20
185.0
 10
27.30218281036835
 20
190.0
 10
27.963847203274216
 20
190.0
 10
27.963847203274216
 20
185.59345156889495
 10
30.42974079126876
 20
185.59345156889495
 10
30.42974079126876
 20
185.0
  0
LWPOLYLINE
  5
6F
330
17
100
AcDbEntity
  8
TEXT
100
AcDbPolyline
 90
9
 70
0
 10
35.327421555252386
 20
185.0
 10
34.58049113233288
 20
185.0
 10
33.993860845839016
 20
186.52114597544337
 10
31.906548431105048
 20
186.52114597544337
 10
31.354024556616643
 20
185.0
 10
30.654843110504775
 20
185.0
 10
32.575034106412005
 20
190.0
 10
33.28785811732606
 20
190.0
 10
35.327421555252386
 20
185.0
  0
LWPOLYLINE
  5
70
330
17
100
AcDbEntity
  8
TEXT
100
AcDbPolyline
 90
20
 70
0
 10
33.79263301500682
 20
187.0463847203274
 10
33.647520890177354
 20
187.43032166609822
 10
33.51914222373806
 20
187.77039989768076
 10
33.407497015688946
 20
188.06661941507502
 10
33.31258526603001
 20
188.31898021828104
 10
33.23440697476125
 20
188.52748230729878
 10
33.17296214188267
 20
188.69212568212825
 10
33.12825076739426
 20
188.81291034276944
 10
33.10027285129604
 20
188.8898362892224
 10
33.05998465211459
 20
189.00910214870396
 10
33.017564802182804
 20
189.1469133697135
 10
32.97301330150068
 20
189.30326995225101
 10
32.92633015006821
 20
189.4781718963165
 10
32.90927694406548
 20
189.4781718963165
 10
32.857477830832195
 20
189.23047407912688
 10
32.797578444747614
 20
188.99215552523873
 10
32.72957878581173
 20
188.7632162346521
 10
32.653478854024556
 20
188.54365620736698
 10
32.094133697135064
 20
187.0463847203274
 10
33.79263301500682
 20
187.0463847203274
  0
LWPOLYLINE
  5
71
330
17
100
AcDbEntity
  8
TEXT
100
AcDbPolyline
 90
9
 70
0
 10
39.43383356070941
 20
189.40654843110505
 10
37.779672578444746
 20
189.40654843110505
 10
37.779672578444746
 20
185.0
 10
37.11459754433833
 20
185.0
 10
37.11459754433833
 20
189.40654843110505
 10
35.47407912687585
 20
189.40654843110505
 10
35.47407912687585
 20
190.0
 10
39.43383356070941
 20
190.0
 10
39.43383356070941
 20
189.40654843110505
  0
LWPOLYLINE
  5
72
330
17
100
AcDbEntity
  8
TEXT
100
AcDbPolyline
 90
5
 70
0
 10
43.120736698499314
 20
184.1268758526603
 10
39.54638472032742
 20
184.1268758526603
 10
39.54638472032742
 20
184.47476125511596
 10
43.120736698499314
 20
184.47476125511596
 10
43.120736698499314
 20
184.1268758526603
  0
LWPOLYLINE
  5
73
330
17
100
AcDbEntity
  8
TEXT
100
AcDbPolyline
 90
34
 70
0
 10
43.618690313778984
 20
190.0
 10
45.50477489768076
 20
190.0
 10
45.72039137107776
 20
189.99722885402457
 10
45.92044679399727
 20
189.98891541609822
 10
46.10494116643929
 20
189.97505968622102
 10
46.27387448840382
 20
189.9556616643929
 10
46.43214955661664
 20
189.92464614597543
 10
46.58466916780355
 20
189.87593792633015
 10
46.73143332196452
 20
189.80953700545703
 10
46.87244201909959
 20
189.72544338335607
 10
47.00215296725784
 20
189.62418997271487
 10
47.1150238744884
 20
189.50630968622102
 10
47.21105474079126
 20
189.3718025238745
 10
47.29024556616643
 20
189.2206684856753
 10
47.352170020463845
 20
189.059409106412
 10
47.39640177353343
 20
188.89452592087312
 10
47.42294082537517
 20
188.72601892905868
 10
47.431787175989086
 20
188.55388813096863
 10
47.40396913369713
 20
188.22486783765348
 10
47.32051500682128
 20
187.93016712141883
 10
47.18142479536152
 20
187.66978598226467
 10
46.98669849931787
 20
187.443724420191
 10
46.867032955320596
 20
187.3458017138472
 10
46.73058066166439
 20
187.26093536834924
 10
46.577341618349244
 20
187.18912538369713
 10
46.407315825375164
 20
187.13037175989086
 10
46.22050328274215
 20
187.0846744969304
 10
46.0169039904502
 20
187.0520335948158
 10
45.796517948499314
 20
187.03244905354705
 10
45.55934515688949
 20
187.02592087312414
 10
44.280354706684854
 20
187.02592087312414
 10
44.280354706684854
 20
185.0
 10
43.618690313778984
 20
185.0
 10
43.618690313778984
 20
190.0
  0
LWPOLYLINE
  5
74
330
17
100
AcDbEntity
  8
TEXT
100
AcDbPolyline
 90
24
 70
0
 10
44.280354706684854
 20
187.6193724420191
 10
45.56616643929058
 20
187.6193724420191
 10
45.842748124147334
 20
187.6336545020464
 10
46.08245225102319
 20
187.67650068212825
 10
46.28527881991814
 20
187.74791098226467
 10
46.451227830832195
 20
187.8478854024557
 10
46.58029928376534
 20
187.97642394270125
 10
46.672493178717595
 20
188.13352660300137
 10
46.727809515688946
 20
188.3191933833561
 10
46.7462482946794
 20
188.53342428376536
 10
46.73665586630286
 20
188.67912261255117
 10
46.70787858117326
 20
188.81608117326059
 10
46.65991643929058
 20
188.94429996589358
 10
46.59276944065484
 20
189.0637789904502
 10
46.511660129604365
 20
189.16801671214188
 10
46.42181105047749
 20
189.25051159618008
 10
46.32322220327421
 20
189.3112636425648
 10
46.21589358799454
 20
189.35027285129604
 10
46.090659106412005
 20
189.3748934174625
 10
45.93835266030013
 20
189.3924795361528
 10
45.758974249658934
 20
189.40303120736698
 10
45.5525238744884
 20
189.40654843110505
 10
44.280354706684854
 20
189.40654843110505
 10
44.280354706684854
 20
187.6193724420191
  0
LWPOLYLINE
  5
75
330
17
100
AcDbEntity
  8
TEXT
100
AcDbPolyline
 90
7
 70
0
 10
51.391541609822646
 20
185.0
 10
48.26398362892223
 20
185.0
 10
48.26398362892223
 20
190.0
 10
48.9256480218281
 20
190.0
 10
48.9256480218281
 20
185.59345156889495
 10
51.391541609822646
 20
185.59345156889495
 10
51.391541609822646
 20
185.0
  0
LWPOLYLINE
  5
76
330
17
100
AcDbEntity
  8
TEXT
100
AcDbPolyline
 90
9
 70
0
 10
56.289222373806275
 20
185.0
 10
55.542291950886764
 20
185.0
 10
54.955661664392906
 20
186.52114597544337
 10
52.868349249658934
 20
186.52114597544337
 10
52.31582537517053
 20
185.0
 10
51.61664392905866
 20
185.0
 10
53.536834924965895
 20
190.0
 10
54.24965893587994
 20
190.0
 10
56.289222373806275
 20
185.0
  0
LWPOLYLINE
  5
77
330
17
100
AcDbEntity
  8
TEXT
100
AcDbPolyline
 90
20
 70
0
 10
54.75443383356071
 20
187.0463847203274
 10
54.609321708731244
 20
187.43032166609822
 10
54.48094304229195
 20
187.77039989768076
 10
54.369297834242836
 20
188.06661941507502
 10
54.2743860845839
 20
188.31898021828104
 10
54.19620779331514
 20
188.52748230729878
 10
54.13476296043656
 20
188.69212568212825
 10
54.09005158594815
 20
188.81291034276944
 10
54.06207366984993
 20
188.8898362892224
 10
54.02178547066848
 20
189.00910214870396
 10
53.9793656207367
 20
189.1469133697135
 10
53.93481412005457
 20
189.30326995225101
 10
53.8881309686221
 20
189.4781718963165
 10
53.87107776261937
 20
189.4781718963165
 10
53.819278649386085
 20
189.23047407912688
 10
53.7593792633015
 20
188.99215552523873
 10
53.69137960436562
 20
188.7632162346521
 10
53.615279672578446
 20
188.54365620736698
 10
53.055934515688946
 20
187.0463847203274
 10
54.75443383356071
 20
187.0463847203274
  0
LWPOLYLINE
  5
78
330
17
100
AcDbEntity
  8
TEXT
100
AcDbPolyline
 90
9
 70
0
 10
60.3956343792633
 20
189.40654843110505
 10
58.741473396998636
 20
189.40654843110505
 10
58.741473396998636
 20
185.0
 10
58.07639836289222
 20
185.0
 10
58.07639836289222
 20
189.40654843110505
 10
56.43587994542974
 20
189.40654843110505
 10
56.43587994542974
 20
190.0
 10
60.3956343792633
 20
190.0
 10
60.3956343792633
 20
189.40654843110505
  0
LWPOLYLINE
  5
79
330
17
100
AcDbEntity
  8
TEXT
100
AcDbPolyline
 90
13
 70
0
 10
64.83628922237381
 20
185.0
 10
61.101637107776256
 20
185.0
 10
61.101637107776256
 20
190.0
 10
64.72032742155525
 20
190.0
 10
64.72032742155525
 20
189.40654843110505
 10
61.763301500682125
 20
189.40654843110505
 10
61.763301500682125
 20
187.87858117326059
 10
64.5293315143247
 20
187.87858117326059
 10
64.5293315143247
 20
187.2851296043656
 10
61.763301500682125
 20
187.2851296043656
 10
61.763301500682125
 20
185.59345156889495
 10
64.83628922237381
 20
185.59345156889495
 10
64.83628922237381
 20
185.0
  0
LWPOLYLINE
  5
7A
330
17
100
AcDbEntity
  8
TEXT
100
AcDbPolyline
 90
5
 70
0
 10
68.74147339699863
 20
184.1268758526603
 10
65.16712141882674
 20
184.1268758526603
 10
65.16712141882674
 20
184.47476125511596
 10
68.74147339699863
 20
184.47476125511596
 10
68.74147339699863
 20
184.1268758526603
  0
LWPOLYLINE
  5
7B
330
17
100
AcDbEntity
  8
TEXT
100
AcDbPolyline
 90
11
 70
0
 10
72.63301500682128
 20
189.40654843110505
 10
69.92155525238744
 20
189.40654843110505
 10
69.92155525238744
 20
187.8581173260573
 10
72.27148703956343
 20
187.8581173260573
 10
72.27148703956343
 20
187.26466575716233
 10
69.92155525238744
 20
187.26466575716233
 10
69.92155525238744
 20
185.0
 10
69.25989085948157
 20
185.0
 10
69.25989085948157
 20
190.0
 10
72.63301500682128
 20
190.0
 10
72.63301500682128
 20
189.40654843110505
  0
LWPOLYLINE
  5
7C
330
17
100
AcDbEntity
  8
TEXT
100
AcDbPolyline
 90
13
 70
0
 10
77.25443383356071
 20
185.0
 10
73.51978171896316
 20
185.0
 10
73.51978171896316
 20
190.0
 10
77.13847203274216
 20
190.0
 10
77.13847203274216
 20
189.40654843110505
 10
74.18144611186902
 20
189.40654843110505
 10
74.18144611186902
 20
187.87858117326059
 10
76.9474761255116
 20
187.87858117326059
 10
76.9474761255116
 20
187.2851296043656
 10
74.18144611186902
 20
187.2851296043656
 10
74.18144611186902
 20
185.59345156889495
 10
77.25443383356071
 20
185.59345156889495
 10
77.25443383356071
 20
185.0
  0
LWPOLYLINE
  5
7D
330
17
100
AcDbEntity
  8
TEXT
100
AcDbPolyline
 90
9
 70
0
 10
82.29195088676671
 20
185.0
 10
81.54502046384721
 20
185.0
 10
80.95839017735334
 20
186.52114597544337
 10
78.87107776261936
 20
186.52114597544337
 10
78.31855388813096
 20
185.0
 10
77.6193724420191
 20
185.0
 10
79.53956343792633
 20
190.0
 10
80.25238744884038
 20
190.0
 10
82.29195088676671
 20
185.0
  0
LWPOLYLINE
  5
7E
330
17
100
AcDbEntity
  8
TEXT
100
AcDbPolyline
 90
20
 70
0
 10
80.75716234652114
 20
187.0463847203274
 10
80.61205022169167
 20
187.43032166609822
 10
80.48367155525239
 20
187.77039989768076
 10
80.37202634720327
 20
188.06661941507502
 10
80.27711459754434
 20
188.31898021828104
 10
80.19893630627558
 20
188.52748230729878
 10
80.13749147339699
 20
188.69212568212825
 10
80.09278009890859
 20
188.81291034276944
 10
80.06480218281037
 20
188.8898362892224
 10
80.02451398362892
 20
189.00910214870396
 10
79.98209413369713
 20
189.1469133697135
 10
79.93754263301501
 20
189.30326995225101
 10
79.89085948158254
 20
189.4781718963165
 10
79.87380627557981
 20
189.4781718963165
 10
79.82200716234652
 20
189.23047407912688
 10
79.76210777626194
 20
188.99215552523873
 10
79.69410811732605
 20
188.7632162346521
 10
79.61800818553888
 20
188.54365620736698
 10
79.05866302864939
 20
187.0463847203274
 10
80.75716234652114
 20
187.0463847203274
  0
LWPOLYLINE
  5
7F
330
17
100
AcDbEntity
  8
TEXT
100
AcDbPolyline
 90
9
 70
0
 10
86.39836289222374
 20
189.40654843110505
 10
84.74420190995907
 20
189.40654843110505
 10
84.74420190995907
 20
185.0
 10
84.07912687585267
 20
185.0
 10
84.07912687585267
 20
189.40654843110505
 10
82.43860845839018
 20
189.40654843110505
 10
82.43860845839018
 20
190.0
 10
86.39836289222374
 20
190.0
 10
86.39836289222374
 20
189.40654843110505
  0
LWPOLYLINE
  5
80
330
17
100
AcDbEntity
  8
TEXT
100
AcDbPolyline
 90
63
 70
0
 10
91.0368349249659
 20
187.10777626193723
 10
91.03417036152797
 20
186.91869884038198
 10
91.02617667121419
 20
186.7368690313779
 10
91.01285385402456
 20
186.56228683492498
 10
90.99420190995907
 20
186.3949522510232
 10
90.96414563437926
 20
186.23006906548432
 10
90.91660982264666
 20
186.06284106412005
 10
90.85159447476126
 20
185.89326824693043
 10
90.76909959072306
 20
185.7213506139154
 10
90.66358287858118
 20
185.55550818553888
 10
90.52950204638472
 20
185.40416098226467
 10
90.3668570941337
 20
185.26730900409277
 10
90.17564802182811
 20
185.1449522510232
 10
89.95299710095499
 20
185.04423175306957
 10
89.69602660300137
 20
184.97228854024556
 10
89.40473652796726
 20
184.92912261255114
 10
89.07912687585267
 20
184.91473396998634
 10
88.76108458390178
 20
184.9275238744884
 10
88.47544338335608
 20
184.96589358799454
 10
88.22220327421556
 20
185.02984311050477
 10
88.00136425648023
 20
185.1193724420191
 10
87.81036834924967
 20
185.22915245566168
 10
87.64665757162346
 20
185.35385402455663
 10
87.51023192360164
 20
185.49347714870396
 10
87.40109140518418
 20
185.64802182810368
 10
87.31422663710778
 20
185.81173260572987
 10
87.24462824010914
 20
185.97885402455663
 10
87.19229621418827
 20
186.1493860845839
 10
87.15723055934517
 20
186.32332878581173
 10
87.13410214870396
 20
186.50409276944066
 10
87.11758185538882
 20
186.69508867667122
 10
87.10766967939973
 20
186.8963165075034
 10
87.1043656207367
 20
187.10777626193723
 10
87.1043656207367
 20
190.0
 10
87.76603001364256
 20
190.0
 10
87.76603001364256
 20
187.11800818553888
 10
87.77008015006821
 20
186.90068639154163
 10
87.78223055934515
 20
186.69892564802183
 10
87.8024812414734
 20
186.51272595497954
 10
87.83083219645295
 20
186.34208731241475
 10
87.87644952251024
 20
186.1838122442019
 10
87.94849931787178
 20
186.03470327421556
 10
88.04698158253753
 20
185.89476040245566
 10
88.17189631650751
 20
185.76398362892223
 10
88.32878581173262
 20
185.65356412005457
 10
88.52319236016372
 20
185.57469304229195
 10
88.75511596180083
 20
185.52737039563436
 10
89.02455661664393
 20
185.51159618008185
 10
89.29804740791269
 20
185.52417291950886
 10
89.53530013642565
 20
185.5619031377899
 10
89.73631480218282
 20
185.62478683492498
 10
89.90109140518418
 20
185.71282401091406
 10
90.0349590723056
 20
185.821857946794
 10
90.14324693042292
 20
185.94773192360162
 10
90.22595497953616
 20
186.09044594133698
 10
90.2830832196453
 20
186.25
 10
90.32187926330151
 20
186.43023107094135
 10
90.34959072305594
 20
186.6349761255116
 10
90.3662175989086
 20
186.8642351637108
 10
90.3717598908595
 20
187.11800818553888
 10
90.3717598908595
 20
190.0
 10
91.0368349249659
 20
190.0
 10
91.0368349249659
 20
187.10777626193723
  0
LWPOLYLINE
  5
81
330
17
100
AcDbEntity
  8
TEXT
100
AcDbPolyline
 90
57
 70
0
 10
96.56207366984994
 20
185.0
 10
95.72987721691679
 20
185.0
 10
95.55199096180083
 20
185.28079169508868
 10
95.39179740791269
 20
185.5331258526603
 10
95.24929655525239
 20
185.75700247271487
 10
95.12448840381992
 20
185.95242155525239
 10
95.01737295361528
 20
186.11938310027284
 10
94.92795020463848
 20
186.25788710777627
 10
94.85622015688949
 20
186.3679335777626
 10
94.80218281036835
 20
186.44952251023193
 10
94.7106284106412
 20
186.5794466234652
 10
94.61672919508868
 20
186.69977830832195
 10
94.52048516371079
 20
186.81051756480218
 10
94.42189631650751
 20
186.91166439290586
 10
94.32362721691679
 20
186.99916865620736
 10
94.22834242837655
 20
187.06898021828104
 10
94.13604195088678
 20
187.12109907912688
 10
94.04672578444749
 20
187.15552523874487
 10
93.9517607435198
 20
187.17790757162345
 10
93.84251364256481
 20
187.19389495225101
 10
93.71898448158254
 20
187.20348738062756
 10
93.581173260573
 20
187.20668485675307
 10
92.81718963165075
 20
187.20668485675307
 10
92.81718963165075
 20
185.0
 10
92.15552523874489
 20
185.0
 10
92.15552523874489
 20
190.0
 10
94.36903137789905
 20
190.0
 10
94.58667291950887
 20
189.99637619372442
 10
94.78598226466576
 20
189.98550477489766
 10
94.96695941336971
 20
189.96738574351977
 10
95.12960436562074
 20
189.9420190995907
 10
95.27839358799454
 20
189.9050349590723
 10
95.41780354706685
 20
189.85206343792632
 10
95.54783424283767
 20
189.7831045361528
 10
95.66848567530697
 20
189.6981582537517
 10
95.77773277626194
 20
189.59914307639835
 10
95.87355047748977
 20
189.48797748976807
 10
95.95593877899046
 20
189.36466149386084
 10
96.02489768076398
 20
189.22919508867668
 10
96.0793613574352
 20
189.0857349931787
 10
96.11826398362894
 20
188.93843792633015
 10
96.14160555934517
 20
188.78730388813096
 10
96.14938608458391
 20
188.63233287858117
 10
96.12700375170533
 20
188.3631053888131
 10
96.05985675306958
 20
188.12158935879944
 10
95.94794508867668
 20
187.90778478854025
 10
95.79126875852661
 20
187.72169167803548
 10
95.59174624829468
 20
187.56522851296043
 10
95.35129604365622
 20
187.44031377899046
 10
95.0699181446112
 20
187.3469474761255
 10
94.74761255115962
 20
187.2851296043656
 10
94.74761255115962
 20
187.27148703956343
 10
94.99445770804911
 20
187.131437585266
 10
95.23362892223739
 20
186.9329809004093
 10
95.46512619372443
 20
186.67611698499317
 10
95.68894952251024
 20
186.36084583901774
 10
96.56207366984994
 20
185.0
  0
LWPOLYLINE
  5
82
330
17
100
AcDbEntity
  8
TEXT
100
AcDbPolyline
 90
24
 70
0
 10
92.81718963165075
 20
187.80013642564802
 10
94.23601637107777
 20
187.80013642564802
 10
94.43969560027286
 20
187.80471947476124
 10
94.62099249658937
 20
187.81846862210097
 10
94.77990706002728
 20
187.8413838676671
 10
94.91643929058664
 20
187.87346521145975
 10
95.03549198499319
 20
187.9187627899045
 10
95.14196793997272
 20
187.981326739427
 10
95.23586715552524
 20
188.06115706002728
 10
95.31718963165076
 20
188.15825375170533
 10
95.38284447476127
 20
188.26718110504777
 10
95.42974079126877
 20
188.38250341064122
 10
95.45787858117328
 20
188.5042206684857
 10
95.46725784447477
 20
188.63233287858117
 10
95.45169679399729
 20
188.79646998635744
 10
95.40501364256481
 20
188.94781718963165
 10
95.32720839017736
 20
189.0863744884038
 10
95.21828103683492
 20
189.21214188267393
 10
95.07354195088676
 20
189.31659276944063
 10
94.88830150068213
 20
189.3912005457026
 10
94.66255968622102
 20
189.43596521145975
 10
94.39631650750341
 20
189.45088676671213
 10
92.81718963165075
 20
189.45088676671213
 10
92.81718963165075
 20
187.80013642564802
  0
LWPOLYLINE
  5
83
330
17
100
AcDbEntity
  8
TEXT
100
AcDbPolyline
 90
13
 70
0
 10
100.92769440654844
 20
185.0
 10
97.19304229195089
 20
185.0
 10
97.19304229195089
 20
190.0
 10
100.81173260572989
 20
190.0
 10
100.81173260572989
 20
189.40654843110505
 10
97.85470668485675
 20
189.40654843110505
 10
97.85470668485675
 20
187.87858117326059
 10
100.62073669849933
 20
187.87858117326059
 10
100.62073669849933
 20
187.2851296043656
 10
97.85470668485675
 20
187.2851296043656
 10
97.85470668485675
 20
185.59345156889495
 10
100.92769440654844
 20
185.59345156889495
 10
100.92769440654844
 20
185.0
  0
LWPOLYLINE
  5
84
330
17
100
AcDbEntity
  8
TEXT
100
AcDbPolyline
 90
107
 70
0
 10
104.8055934515689
 20
188.53342428376536
 10
104.768715893588
 20
188.75735419508868
 10
104.69901091405184
 20
188.9516541609823
 10
104.59647851296045
 20
189.11632418144612
 10
104.46111869031378
 20
189.25136425648023
 10
104.29293144611188
 20
189.35656122100954
 10
104.09191678035471
 20
189.43170190995906
 10
103.8580746930423
 20
189.47678632332878
 10
103.59140518417463
 20
189.49181446111868
 10
103.34754433833561
 20
189.47987721691678
 10
103.12755798090042
 20
189.44406548431104
 10
102.93144611186904
 20
189.3843792633015
 10
102.75920873124149
 20
189.30081855388812
 10
102.61894611186904
 20
189.1944491814461
 10
102.51875852660301
 20
189.0663369713506
 10
102.45864597544339
 20
188.91648192360162
 10
102.43860845839018
 20
188.7448840381992
 10
102.45406292633015
 20
188.5932170873124
 10
102.50042633015008
 20
188.46222714870396
 10
102.57769866984994
 20
188.3519142223738
 10
102.68587994542975
 20
188.26227830832195
 10
102.83776006139155
 20
188.1830874829468
 10
103.04612892223739
 20
188.10410982264665
 10
103.31098652796727
 20
188.02534532742158
 10
103.63233287858118
 20
187.9467939972715
 10
103.92841916780355
 20
187.8781548431105
 10
104.19594133697136
 20
187.8086630286494
 10
104.43489938608458
 20
187.73831855388815
 10
104.64529331514325
 20
187.66712141882675
 10
104.8343707366985
 20
187.5855857776262
 10
105.00937926330151
 20
187.4842257844475
 10
105.17031889495226
 20
187.3630414392906
 10
105.31718963165076
 20
187.22203274215553
 10
105.43954638472034
 20
187.05821538199183
 10
105.52694406548432
 20
186.86860504774899
 10
105.57938267394272
 20
186.653201739427
 10
105.59686221009551
 20
186.4120054570259
 10
105.56478086630287
 20
186.10334242837652
 10
105.46853683492498
 20
185.82196452933152
 10
105.3081301159618
 20
185.56787175989086
 10
105.08356070941338
 20
185.34106412005457
 10
104.80740535470669
 20
185.15454467939972
 10
104.49224079126876
 20
185.0213165075034
 10
104.1380670190996
 20
184.9413796043656
 10
103.74488403819919
 20
184.91473396998634
 10
103.48969879774899
 20
184.92208816507502
 10
103.25108714188268
 20
184.94415075034107
 10
103.02904907060028
 20
184.98092172578444
 10
102.82358458390178
 20
185.03240109140518
 10
102.63469368178718
 20
185.09858884720327
 10
102.46237636425649
 20
185.17948499317873
 10
102.3066326313097
 20
185.27508952933152
 10
102.1674624829468
 20
185.38540245566168
 10
101.93649812414735
 20
185.63821623465213
 10
101.76713847203274
 20
185.92598908594817
 10
101.65938352660301
 20
186.2487210095498
 10
101.61323328785812
 20
186.60641200545703
 10
102.24079126875853
 20
186.66098226466576
 10
102.28640859481582
 20
186.3812031036835
 10
102.37892223738064
 20
186.14213847203274
 10
102.51833219645295
 20
185.9437883697135
 10
102.70463847203276
 20
185.7861527967258
 10
102.92526432469306
 20
185.66603427694406
 10
103.16763301500683
 20
185.58023533424284
 10
103.43174454297409
 20
185.5287559686221
 10
103.71759890859482
 20
185.51159618008185
 10
103.98224334924967
 20
185.52587824010914
 10
104.22024215552524
 20
185.568724420191
 10
104.43159532742156
 20
185.64013472032744
 10
104.61630286493862
 20
185.74010914051843
 10
104.7662644952251
 20
185.86459754433835
 10
104.87337994542975
 20
186.00954979536152
 10
104.93764921555253
 20
186.174965893588
 10
104.95907230559345
 20
186.36084583901774
 10
104.93668997271487
 20
186.55162858117328
 10
104.86954297407912
 20
186.71469986357437
 10
104.75763130968622
 20
186.85005968622102
 10
104.60095497953616
 20
186.95770804911322
 10
104.39152029331515
 20
187.05118093451568
 10
104.12133356070942
 20
187.14401432469305
 10
103.79039478171896
 20
187.23620821964528
 10
103.3987039563438
 20
187.32776261937244
 10
103.00616047066849
 20
187.42826995225101
 10
102.67266371077763
 20
187.54732264665756
 10
102.39821367667122
 20
187.68492070259208
 10
102.18281036834925
 20
187.84106412005457
 10
102.02016541609822
 20
188.01884379263302
 10
101.90399045020465
 20
188.22135061391543
 10
101.83428547066849
 20
188.44858458390178
 10
101.81105047748977
 20
188.70054570259208
 10
101.84046725784448
 20
188.98767905866302
 10
101.9287175989086
 20
189.2488062755798
 10
102.07580150068213
 20
189.48392735334244
 10
102.28171896316508
 20
189.6930422919509
 10
102.53836971350614
 20
189.86464017735335
 10
102.83765347885404
 20
189.98721009549797
 10
103.17957025920875
 20
190.06075204638472
 10
103.56412005457027
 20
190.08526603001366
 10
103.95986101637108
 20
190.06085862892226
 10
104.31488744884038
 20
189.98763642564802
 10
104.62919935197817
 20
189.86559942019102
 10
104.90279672578446
 20
189.69474761255117
 10
105.12630030695772
 20
189.47891797407914
 10
105.29033083219646
 20
189.2219474761255
 10
105.3948883015007
 20
188.9238361186903
 10
105.43997271487041
 20
188.58458390177353
 10
104.8055934515689
 20
188.53342428376536
  0
LWPOLYLINE
  5
85
330
17
100
AcDbEntity
  8
TEXT
100
AcDbPolyline
 90
5
 70
0
 10
109.4918144611187
 20
184.1268758526603
 10
105.9174624829468
 20
184.1268758526603
 10
105.9174624829468
 20
184.47476125511596
 10
109.4918144611187
 20
184.47476125511596
 10
109.4918144611187
 20
184.1268758526603
  0
LWPOLYLINE
  5
86
330
17
100
AcDbEntity
  8
TEXT
100
AcDbPolyline
 90
65
 70
0
 10
111.39154160982265
 20
190.0238744884038
 10
111.58895911493862
 20
190.01388237551157
 10
111.77364000682128
 20
189.98390603683492
 10
111.94558428547067
 20
189.93394547237378
 10
112.10479195088676
 20
189.86400068212822
 10
112.25126300306958
 20
189.77407166609822
 10
112.3849974420191
 20
189.66415842428376
 10
112.50599526773533
 20
189.53426095668485
 10
112.61425648021827
 20
189.3843792633015
 10
112.70978107946794
 20
189.21451334413368
 10
112.79256906548432
 20
189.02466319918145
 10
112.8626204382674
 20
188.81482882844475
 10
112.91993519781718
 20
188.5850102319236
 10
112.96451334413369
 20
188.335207409618
 10
112.99635487721692
 20
188.06542036152797
 10
113.01545979706684
 20
187.77564908765348
 10
113.02182810368349
 20
187.46589358799454
 10
113.01524663199181
 20
187.15310048601637
 10
112.99550221691678
 20
186.86103768758525
 10
112.96259485845839
 20
186.58970519270122
 10
112.91652455661665
 20
186.33910300136426
 10
112.85729131139155
 20
186.10923111357434
 10
112.78489512278308
 20
185.9000895293315
 10
112.69933599079127
 20
185.71167824863574
 10
112.6006139154161
 20
185.54399727148703
 10
112.48958155695772
 20
185.39651368519782
 10
112.36709157571624
 20
185.26869457708048
 10
112.23314397169169
 20
185.16053994713505
 10
112.08773874488404
 20
185.07204979536152
 10
111.93087589529333
 20
185.00322412175987
 10
111.76255542291952
 20
184.95406292633012
 10
111.58277732776263
 20
184.92456620907228
 10
111.39154160982265
 20
184.91473396998634
 10
111.19453711203957
 20
184.9246994372442
 10
111.0102425818554
 20
184.9545958390177
 10
110.83865801927013
 20
185.00442317530695
 10
110.67978342428377
 20
185.07418144611185
 10
110.53361879689632
 20
185.16387065143246
 10
110.40016413710778
 20
185.27349079126876
 10
110.27941944491815
 20
185.40304186562074
 10
110.17138472032742
 20
185.5525238744884
 10
110.07605996333561
 20
185.72193681787175
 10
109.9934451739427
 20
185.91128069577078
 10
109.9235403521487
 20
186.12055550818553
 10
109.86634549795362
 20
186.34976125511596
 10
109.82186061135744
 20
186.59889793656208
 10
109.79008569236017
 20
186.86796555252388
 10
109.7710207409618
 20
187.15696410300137
 10
109.76466575716235
 20
187.46589358799454
 10
109.77124722885402
 20
187.77873998124147
 10
109.79099164392906
 20
188.07096265347886
 10
109.82389900238745
 20
188.34256160470667
 10
109.8699693042292
 20
188.59353683492498
 10
109.9292025494543
 20
188.8238883441337
 10
110.00159873806275
 20
189.03361613233287
 10
110.08715787005457
 20
189.2227201995225
 10
110.18587994542975
 20
189.3912005457026
 10
110.29685901261938
 20
189.5394835010232
 10
110.41918912005457
 20
189.66799539563436
 10
110.55287026773533
 20
189.77673622953614
 10
110.69790245566166
 20
189.8657060027285
 10
110.85428568383357
 20
189.93490471521145
 10
111.02201995225103
 20
189.98433236698497
 10
111.20110526091406
 20
190.0139889580491
 10
111.39154160982265
 20
190.0238744884038
  0
LWPOLYLINE
  5
87
330
17
100
AcDbEntity
  8
TEXT
100
AcDbPolyline
 90
49
 70
0
 10
111.39154160982265
 20
185.41950886766713
 10
111.6236783765348
 20
185.44945856070942
 10
111.8255457025921
 20
185.5393076398363
 10
111.99714358799454
 20
185.68905610504774
 10
112.13847203274216
 20
185.89870395634378
 10
112.19762534106412
 20
186.02801521998634
 10
112.24889154160982
 20
186.1763514665757
 10
112.29227063437926
 20
186.34371269611185
 10
112.32776261937244
 20
186.53009890859482
 10
112.35536749658937
 20
186.73551010402454
 10
112.37508526603001
 20
186.9599462824011
 10
112.3869159276944
 20
187.20340744372442
 10
112.39085948158254
 20
187.46589358799454
 10
112.38393161664393
 20
187.8243306616644
 10
112.36314802182811
 20
188.1424795361528
 10
112.32850869713506
 20
188.42034021145975
 10
112.28001364256481
 20
188.65791268758525
 10
112.21755627557981
 20
188.86148533424284
 10
112.14103001364256
 20
189.037346521146
 10
112.05043485675307
 20
189.1854962482947
 10
111.94577080491132
 20
189.30593451568896
 10
111.82693127557981
 20
189.39919423601637
 10
111.69380968622102
 20
189.46580832196452
 10
111.54640603683492
 20
189.50577677353343
 10
111.38472032742156
 20
189.51909959072304
 10
111.15279672578446
 20
189.48861698499317
 10
110.95156889495226
 20
189.39716916780355
 10
110.78103683492496
 20
189.24475613915416
 10
110.64120054570259
 20
189.03137789904503
 10
110.582846606412
 20
188.90022808663028
 10
110.53227319236017
 20
188.7506394952251
 10
110.48948030354707
 20
188.58261212482947
 10
110.45446793997272
 20
188.39614597544337
 10
110.4272361016371
 20
188.19124104706685
 10
110.40778478854024
 20
187.96789733969987
 10
110.39611400068213
 20
187.72611485334244
 10
110.39222373806275
 20
187.46589358799454
 10
110.39925818553888
 20
187.1118263983629
 10
110.42036152796726
 20
186.79655525238744
 10
110.45553376534788
 20
186.5200801500682
 10
110.50477489768076
 20
186.28240109140518
 10
110.56787175989086
 20
186.07808236698497
 10
110.64461118690313
 20
185.90168826739426
 10
110.7349931787176
 20
185.753218792633
 10
110.83901773533425
 20
185.63267394270122
 10
110.95668485675307
 20
185.5394142223738
 10
111.08799454297409
 20
185.47280013642566
 10
111.23294679399729
 20
185.43283168485675
 10
111.39154160982265
 20
185.41950886766713
  0
LWPOLYLINE
  5
88
330
17
100
AcDbEntity
  8
TEXT
100
AcDbPolyline
 90
65
 70
0
 10
115.27626193724421
 20
190.0238744884038
 10
115.47367944236018
 20
190.01388237551157
 10
115.65836033424284
 20
189.98390603683492
 10
115.83030461289223
 20
189.93394547237378
 10
115.98951227830833
 20
189.86400068212822
 10
116.13598333049114
 20
189.77407166609822
 10
116.26971776944066
 20
189.66415842428376
 10
116.39071559515689
 20
189.53426095668485
 10
116.49897680763985
 20
189.3843792633015
 10
116.5945014068895
 20
189.21451334413368
 10
116.67728939290588
 20
189.02466319918145
 10
116.74734076568896
 20
188.81482882844475
 10
116.80465552523874
 20
188.5850102319236
 10
116.84923367155525
 20
188.335207409618
 10
116.88107520463848
 20
188.06542036152797
 10
116.9001801244884
 20
187.77564908765348
 10
116.90654843110505
 20
187.46589358799454
 10
116.89996695941338
 20
187.15310048601637
 10
116.88022254433834
 20
186.86103768758525
 10
116.84731518587995
 20
186.58970519270122
 10
116.8012448840382
 20
186.33910300136426
 10
116.74201163881311
 20
186.10923111357434
 10
116.66961545020465
 20
185.9000895293315
 10
116.58405631821283
 20
185.71167824863574
 10
116.48533424283767
 20
185.54399727148703
 10
116.37430188437928
 20
185.39651368519782
 10
116.2518119031378
 20
185.26869457708048
 10
116.11786429911325
 20
185.16053994713505
 10
115.97245907230561
 20
185.07204979536152
 10
115.81559622271489
 20
185.00322412175987
 10
115.64727575034108
 20
184.95406292633012
 10
115.46749765518419
 20
184.92456620907228
 10
115.27626193724421
 20
184.91473396998634
 10
115.07925743946113
 20
184.9246994372442
 10
114.89496290927696
 20
184.9545958390177
 10
114.72337834669169
 20
185.00442317530695
 10
114.56450375170533
 20
185.07418144611185
 10
114.41833912431788
 20
185.16387065143246
 10
114.28488446452934
 20
185.27349079126876
 10
114.16413977233971
 20
185.40304186562074
 10
114.05610504774899
 20
185.5525238744884
 10
113.96078029075717
 20
185.72193681787175
 10
113.87816550136426
 20
185.91128069577078
 10
113.80826067957027
 20
186.12055550818553
 10
113.75106582537518
 20
186.34976125511596
 10
113.706580938779
 20
186.59889793656208
 10
113.67480601978173
 20
186.86796555252388
 10
113.65574106838336
 20
187.15696410300137
 10
113.64938608458391
 20
187.46589358799454
 10
113.65596755627558
 20
187.77873998124147
 10
113.67571197135062
 20
188.07096265347886
 10
113.70861932980901
 20
188.34256160470667
 10
113.75468963165076
 20
188.59353683492498
 10
113.81392287687586
 20
188.8238883441337
 10
113.88631906548432
 20
189.03361613233287
 10
113.97187819747613
 20
189.2227201995225
 10
114.07060027285131
 20
189.3912005457026
 10
114.18157934004094
 20
189.5394835010232
 10
114.30390944747613
 20
189.66799539563436
 10
114.43759059515689
 20
189.77673622953614
 10
114.58262278308322
 20
189.8657060027285
 10
114.73900601125513
 20
189.93490471521145
 10
114.90674027967259
 20
189.98433236698497
 10
115.08582558833562
 20
190.0139889580491
 10
115.27626193724421
 20
190.0238744884038
  0
LWPOLYLINE
  5
89
330
17
100
AcDbEntity
  8
TEXT
100
AcDbPolyline
 90
49
 70
0
 10
115.27626193724421
 20
185.41950886766713
 10
115.50839870395636
 20
185.44945856070942
 10
115.71026603001366
 20
185.5393076398363
 10
115.8818639154161
 20
185.68905610504774
 10
116.02319236016372
 20
185.89870395634378
 10
116.08234566848569
 20
186.02801521998634
 10
116.13361186903138
 20
186.1763514665757
 10
116.17699096180083
 20
186.34371269611185
 10
116.21248294679401
 20
186.53009890859482
 10
116.24008782401093
 20
186.73551010402454
 10
116.25980559345157
 20
186.9599462824011
 10
116.27163625511596
 20
187.20340744372442
 10
116.2755798090041
 20
187.46589358799454
 10
116.2686519440655
 20
187.8243306616644
 10
116.24786834924967
 20
188.1424795361528
 10
116.21322902455663
 20
188.42034021145975
 10
116.16473396998637
 20
188.65791268758525
 10
116.10227660300137
 20
188.86148533424284
 10
116.02575034106414
 20
189.037346521146
 10
115.93515518417463
 20
189.1854962482947
 10
115.8304911323329
 20
189.30593451568896
 10
115.71165160300137
 20
189.39919423601637
 10
115.57853001364258
 20
189.46580832196452
 10
115.4311263642565
 20
189.50577677353343
 10
115.26944065484312
 20
189.51909959072304
 10
115.03751705320602
 20
189.48861698499317
 10
114.83628922237382
 20
189.39716916780355
 10
114.66575716234652
 20
189.24475613915416
 10
114.52592087312415
 20
189.03137789904503
 10
114.46756693383357
 20
188.90022808663028
 10
114.41699351978173
 20
188.7506394952251
 10
114.37420063096863
 20
188.58261212482947
 10
114.33918826739428
 20
188.39614597544337
 10
114.31195642905867
 20
188.19124104706685
 10
114.2925051159618
 20
187.96789733969987
 10
114.2808343281037
 20
187.72611485334244
 10
114.27694406548432
 20
187.46589358799454
 10
114.28397851296045
 20
187.1118263983629
 10
114.30508185538882
 20
186.79655525238744
 10
114.34025409276944
 20
186.5200801500682
 10
114.38949522510232
 20
186.28240109140518
 10
114.45259208731242
 20
186.07808236698497
 10
114.5293315143247
 20
185.90168826739426
 10
114.61971350613916
 20
185.753218792633
 10
114.72373806275581
 20
185.63267394270122
 10
114.84140518417465
 20
185.5394142223738
 10
114.97271487039565
 20
185.47280013642566
 10
115.11766712141883
 20
185.43283168485675
 10
115.27626193724421
 20
185.41950886766713
  0
LWPOLYLINE
  5
8A
330
17
100
AcDbEntity
  8
TEXT
100
AcDbPolyline
 90
18
 70
0
 10
119.83969986357437
 20
185.0
 10
119.22578444747614
 20
185.0
 10
119.22578444747614
 20
188.9120054570259
 10
118.97616814461121
 20
188.7020378581173
 10
118.68775579809005
 20
188.5086971350614
 10
118.3605474079127
 20
188.33198328785812
 10
117.99454297407914
 20
188.1718963165075
 10
117.99454297407914
 20
188.76534788540246
 10
118.24916865620737
 20
188.89617795020465
 10
118.48269099590725
 20
189.03457537517053
 10
118.69510999317873
 20
189.18054016030013
 10
118.88642564802184
 20
189.33407230559345
 10
119.05663796043657
 20
189.49517181105045
 10
119.20574693042293
 20
189.6638386766712
 10
119.33375255798092
 20
189.84007290245566
 10
119.44065484311052
 20
190.0238744884038
 10
119.83969986357437
 20
190.0238744884038
 10
119.83969986357437
 20
185.0
  0
LWPOLYLINE
  5
8C
330
17
100
AcDbEntity
  8
TEXT
100
AcDbPolyline
 90
9
 70
0
 10
4.113233287858117
 20
180.40654843110505
 10
2.459072305593452
 20
180.40654843110505
 10
2.459072305593452
 20
176.0
 10
1.7939972714870396
 20
176.0
 10
1.7939972714870396
 20
180.40654843110505
 10
0.15347885402455663
 20
180.40654843110505
 10
0.15347885402455663
 20
181.0
 10
4.113233287858117
 20
181.0
 10
4.113233287858117
 20
180.40654843110505
  0
LWPOLYLINE
  5
8D
330
17
100
AcDbEntity
  8
TEXT
100
AcDbPolyline
 90
21
 70
0
 10
8.884720327421554
 20
181.0
 10
6.892905866302865
 20
178.11800818553888
 10
6.892905866302865
 20
176.0
 10
6.227830832196453
 20
176.0
 10
6.227830832196453
 20
178.11800818553888
 10
4.3008185538881305
 20
181.0
 10
5.105729877216916
 20
181.0
 10
6.203956343792633
 20
179.31855388813096
 10
6.291354024556616
 20
179.1806360845839
 10
6.386425648021827
 20
179.02268076398363
 10
6.489171214188267
 20
178.84468792633015
 10
6.599590723055934
 20
178.64665757162348
 10
6.6545873124147334
 20
178.74460692360165
 10
6.747953615279672
 20
178.89861869031378
 10
6.87968963165075
 20
179.1086928717599
 10
7.049795361527967
 20
179.37482946793997
 10
7.258270804911323
 20
179.69702847885404
 10
7.5051159618008185
 20
180.07528990450206
 10
7.790330832196453
 20
180.50961374488404
 10
8.113915416098227
 20
181.0
 10
8.884720327421554
 20
181.0
  0
LWPOLYLINE
  5
8E
330
17
100
AcDbEntity
  8
TEXT
100
AcDbPolyline
 90
34
 70
0
 10
9.464529331514324
 20
181.0
 10
11.350613915416098
 20
181.0
 10
11.566230388813096
 20
180.99722885402457
 10
11.766285811732605
 20
180.98891541609822
 10
11.950780184174624
 20
180.97505968622102
 10
12.119713506139153
 20
180.9556616643929
 10
12.277988574351976
 20
180.92464614597543
 10
12.43050818553888
 20
180.87593792633015
 10
12.577272339699862
 20
180.80953700545703
 10
12.718281036834924
 20
180.72544338335607
 10
12.847991984993177
 20
180.62418997271487
 10
12.960862892223737
 20
180.50630968622102
 10
13.056893758526602
 20
180.3718025238745
 10
13.136084583901773
 20
180.2206684856753
 10
13.198009038199181
 20
180.059409106412
 10
13.242240791268758
 20
179.89452592087312
 10
13.268779843110504
 20
179.72601892905868
 10
13.27762619372442
 20
179.55388813096863
 10
13.249808151432468
 20
179.22486783765348
 10
13.166354024556615
 20
178.93016712141883
 10
13.02726381309686
 20
178.66978598226467
 10
12.832537517053204
 20
178.443724420191
 10
12.712871973055933
 20
178.3458017138472
 10
12.576419679399725
 20
178.26093536834924
 10
12.423180636084583
 20
178.18912538369713
 10
12.253154843110504
 20
178.13037175989086
 10
12.066342300477489
 20
178.0846744969304
 10
11.862743008185538
 20
178.0520335948158
 10
11.64235696623465
 20
178.03244905354705
 10
11.405184174624829
 20
178.02592087312414
 10
10.12619372442019
 20
178.02592087312414
 10
10.12619372442019
 20
176.0
 10
9.464529331514324
 20
176.0
 10
9.464529331514324
 20
181.0
  0
LWPOLYLINE
  5
8F
330
17
100
AcDbEntity
  8
TEXT
100
AcDbPolyline
 90
24
 70
0
 10
10.12619372442019
 20
178.6193724420191
 10
11.41200545702592
 20
178.6193724420191
 10
11.688587141882673
 20
178.6336545020464
 10
11.928291268758526
 20
178.67650068212825
 10
12.131117837653479
 20
178.74791098226467
 10
12.29706684856753
 20
178.8478854024557
 10
12.426138301500682
 20
178.97642394270125
 10
12.518332196452933
 20
179.13352660300137
 10
12.573648533424283
 20
179.3191933833561
 10
12.592087312414733
 20
179.53342428376536
 10
12.582494884038198
 20
179.67912261255117
 10
12.553717598908595
 20
179.81608117326059
 10
12.50575545702592
 20
179.94429996589358
 10
12.438608458390176
 20
180.0637789904502
 10
12.357499147339698
 20
180.16801671214188
 10
12.267650068212824
 20
180.25051159618008
 10
12.16906122100955
 20
180.3112636425648
 10
12.061732605729876
 20
180.35027285129604
 10
11.93649812414734
 20
180.3748934174625
 10
11.78419167803547
 20
180.3924795361528
 10
11.60481326739427
 20
180.40303120736698
 10
11.398362892223737
 20
180.40654843110505
 10
10.12619372442019
 20
180.40654843110505
 10
10.12619372442019
 20
178.6193724420191
  0
LWPOLYLINE
  5
90
330
17
100
AcDbEntity
  8
TEXT
100
AcDbPolyline
 90
13
 70
0
 10
17.87175989085948
 20
176.0
 10
14.137107776261937
 20
176.0
 10
14.137107776261937
 20
181.0
 10
17.755798090040926
 20
181.0
 10
17.755798090040926
 20
180.40654843110505
 10
14.798772169167803
 20
180.40654843110505
 10
14.798772169167803
 20
178.87858117326059
 10
17.564802182810368
 20
178.87858117326059
 10
17.564802182810368
 20
178.2851296043656
 10
14.798772169167803
 20
178.2851296043656
 10
14.798772169167803
 20
176.59345156889495
 10
17.87175989085948
 20
176.59345156889495
 10
17.87175989085948
 20
176.0
  0
LWPOLYLINE
  5
91
330
17
100
AcDbEntity
  8
TEXT
100
AcDbPolyline
 90
5
 70
0
 10
19.57025920873124
 20
178.91950886766713
 10
18.87107776261937
 20
178.91950886766713
 10
18.87107776261937
 20
179.61869031377898
 10
19.57025920873124
 20
179.61869031377898
 10
19.57025920873124
 20
178.91950886766713
  0
LWPOLYLINE
  5
92
330
17
100
AcDbEntity
  8
TEXT
100
AcDbPolyline
 90
5
 70
0
 10
19.57025920873124
 20
176.0
 10
18.87107776261937
 20
176.0
 10
18.87107776261937
 20
176.69918144611188
 10
19.57025920873124
 20
176.69918144611188
 10
19.57025920873124
 20
176.0
  0
LWPOLYLINE
  5
93
330
17
100
AcDbEntity
  8
TEXT
100
AcDbPolyline
 90
11
 70
0
 10
26.057298772169165
 20
180.40654843110505
 10
23.345839017735333
 20
180.40654843110505
 10
23.345839017735333
 20
178.8581173260573
 10
25.695770804911323
 20
178.8581173260573
 10
25.695770804911323
 20
178.26466575716233
 10
23.345839017735333
 20
178.26466575716233
 10
23.345839017735333
 20
176.0
 10
22.684174624829467
 20
176.0
 10
22.684174624829467
 20
181.0
 10
26.057298772169165
 20
181.0
 10
26.057298772169165
 20
180.40654843110505
  0
LWPOLYLINE
  5
94
330
17
100
AcDbEntity
  8
TEXT
100
AcDbPolyline
 90
7
 70
0
 10
30.044338335607094
 20
176.0
 10
26.916780354706685
 20
176.0
 10
26.916780354706685
 20
181.0
 10
27.57844474761255
 20
181.0
 10
27.57844474761255
 20
176.59345156889495
 10
30.044338335607094
 20
176.59345156889495
 10
30.044338335607094
 20
176.0
  0
LWPOLYLINE
  5
95
330
17
100
AcDbEntity
  8
TEXT
100
AcDbPolyline
 90
9
 70
0
 10
34.94201909959072
 20
176.0
 10
34.19508867667121
 20
176.0
 10
33.608458390177354
 20
177.52114597544337
 10
31.521145975443382
 20
177.52114597544337
 10
30.968622100954978
 20
176.0
 10
30.26944065484311
 20
176.0
 10
32.18963165075034
 20
181.0
 10
32.90245566166439
 20
181.0
 10
34.94201909959072
 20
176.0
  0
LWPOLYLINE
  5
96
330
17
100
AcDbEntity
  8
TEXT
100
AcDbPolyline
 90
20
 70
0
 10
33.40723055934515
 20
178.0463847203274
 10
33.262118434515685
 20
178.43032166609822
 10
33.133739768076396
 20
178.77039989768076
 10
33.022094560027284
 20
179.06661941507502
 10
32.92718281036835
 20
179.31898021828104
 10
32.84900451909959
 20
179.52748230729878
 10
32.78755968622101
 20
179.69212568212825
 10
32.7428483117326
 20
179.81291034276944
 10
32.71487039563438
 20
179.8898362892224
 10
32.67458219645293
 20
180.00910214870396
 10
32.63216234652114
 20
180.1469133697135
 10
32.587610845839016
 20
180.30326995225101
 10
32.54092769440655
 20
180.4781718963165
 10
32.52387448840382
 20
180.4781718963165
 10
32.47207537517053
 20
180.23047407912688
 10
32.41217598908595
 20
179.99215552523873
 10
32.34417633015007
 20
179.7632162346521
 10
32.26807639836289
 20
179.54365620736698
 10
31.708731241473394
 20
178.0463847203274
 10
33.40723055934515
 20
178.0463847203274
  0
LWPOLYLINE
  5
97
330
17
100
AcDbEntity
  8
TEXT
100
AcDbPolyline
 90
9
 70
0
 10
39.04843110504775
 20
180.40654843110505
 10
37.394270122783084
 20
180.40654843110505
 10
37.394270122783084
 20
176.0
 10
36.72919508867667
 20
176.0
 10
36.72919508867667
 20
180.40654843110505
 10
35.08867667121419
 20
180.40654843110505
 10
35.08867667121419
 20
181.0
 10
39.04843110504775
 20
181.0
 10
39.04843110504775
 20
180.40654843110505
  0
LWPOLYLINE
  5
98
330
17
100
AcDbEntity
  8
TEXT
100
AcDbPolyline
 90
5
 70
0
 10
42.73533424283765
 20
175.1268758526603
 10
39.160982264665755
 20
175.1268758526603
 10
39.160982264665755
 20
175.47476125511596
 10
42.73533424283765
 20
175.47476125511596
 10
42.73533424283765
 20
175.1268758526603
  0
LWPOLYLINE
  5
99
330
17
100
AcDbEntity
  8
TEXT
100
AcDbPolyline
 90
34
 70
0
 10
43.23328785811732
 20
181.0
 10
45.1193724420191
 20
181.0
 10
45.3349889154161
 20
180.99722885402457
 10
45.53504433833561
 20
180.98891541609822
 10
45.71953871077763
 20
180.97505968622102
 10
45.88847203274216
 20
180.9556616643929
 10
46.04674710095498
 20
180.92464614597543
 10
46.199266712141885
 20
180.87593792633015
 10
46.34603086630286
 20
180.80953700545703
 10
46.487039563437925
 20
180.72544338335607
 10
46.61675051159618
 20
180.62418997271487
 10
46.72962141882674
 20
180.50630968622102
 10
46.8256522851296
 20
180.3718025238745
 10
46.90484311050477
 20
180.2206684856753
 10
46.96676756480218
 20
180.059409106412
 10
47.010999317871764
 20
179.89452592087312
 10
47.03753836971351
 20
179.72601892905868
 10
47.046384720327424
 20
179.55388813096863
 10
47.01856667803547
 20
179.22486783765348
 10
46.93511255115962
 20
178.93016712141883
 10
46.79602233969986
 20
178.66978598226467
 10
46.601296043656205
 20
178.443724420191
 10
46.481630499658934
 20
178.3458017138472
 10
46.34517820600273
 20
178.26093536834924
 10
46.19193916268758
 20
178.18912538369713
 10
46.0219133697135
 20
178.13037175989086
 10
45.83510082708049
 20
178.0846744969304
 10
45.63150153478854
 20
178.0520335948158
 10
45.41111549283765
 20
178.03244905354705
 10
45.17394270122783
 20
178.02592087312414
 10
43.89495225102319
 20
178.02592087312414
 10
43.89495225102319
 20
176.0
 10
43.23328785811732
 20
176.0
 10
43.23328785811732
 20
181.0
  0
LWPOLYLINE
  5
9A
330
17
100
AcDbEntity
  8
TEXT
100
AcDbPolyline
 90
24
 70
0
 10
43.89495225102319
 20
178.6193724420191
 10
45.18076398362892
 20
178.6193724420191
 10
45.45734566848567
 20
178.6336545020464
 10
45.69704979536153
 20
178.67650068212825
 10
45.89987636425648
 20
178.74791098226467
 10
46.06582537517053
 20
178.8478854024557
 10
46.19489682810368
 20
178.97642394270125
 10
46.28709072305593
 20
179.13352660300137
 10
46.342407060027284
 20
179.3191933833561
 10
46.360845839017735
 20
179.53342428376536
 10
46.3512534106412
 20
179.67912261255117
 10
46.3224761255116
 20
179.81608117326059
 10
46.27451398362892
 20
179.94429996589358
 10
46.20736698499318
 20
180.0637789904502
 10
46.1262576739427
 20
180.16801671214188
 10
46.036408594815825
 20
180.25051159618008
 10
45.93781974761255
 20
180.3112636425648
 10
45.83049113233288
 20
180.35027285129604
 10
45.70525665075034
 20
180.3748934174625
 10
45.55295020463847
 20
180.3924795361528
 10
45.37357179399727
 20
180.40303120736698
 10
45.16712141882674
 20
180.40654843110505
 10
43.89495225102319
 20
180.40654843110505
 10
43.89495225102319
 20
178.6193724420191
  0
LWPOLYLINE
  5
9B
330
17
100
AcDbEntity
  8
TEXT
100
AcDbPolyline
 90
7
 70
0
 10
51.006139154160984
 20
176.0
 10
47.87858117326057
 20
176.0
 10
47.87858117326057
 20
181.0
 10
48.54024556616644
 20
181.0
 10
48.54024556616644
 20
176.59345156889495
 10
51.006139154160984
 20
176.59345156889495
 10
51.006139154160984
 20
176.0
  0
LWPOLYLINE
  5
9C
330
17
100
AcDbEntity
  8
TEXT
100
AcDbPolyline
 90
9
 70
0
 10
55.90381991814461
 20
176.0
 10
55.1568894952251
 20
176.0
 10
54.570259208731244
 20
177.52114597544337
 10
52.48294679399727
 20
177.52114597544337
 10
51.93042291950887
 20
176.0
 10
51.231241473397
 20
176.0
 10
53.15143246930423
 20
181.0
 10
53.86425648021828
 20
181.0
 10
55.90381991814461
 20
176.0
  0
LWPOLYLINE
  5
9D
330
17
100
AcDbEntity
  8
TEXT
100
AcDbPolyline
 90
20
 70
0
 10
54.36903137789905
 20
178.0463847203274
 10
54.22391925306958
 20
178.43032166609822
 10
54.095540586630285
 20
178.77039989768076
 10
53.983895378581174
 20
179.06661941507502
 10
53.88898362892224
 20
179.31898021828104
 10
53.81080533765348
 20
179.52748230729878
 10
53.7493605047749
 20
179.69212568212825
 10
53.70464913028649
 20
179.81291034276944
 10
53.67667121418827
 20
179.8898362892224
 10
53.63638301500682
 20
180.00910214870396
 10
53.59396316507504
 20
180.1469133697135
 10
53.549411664392906
 20
180.30326995225101
 10
53.50272851296044
 20
180.4781718963165
 10
53.48567530695771
 20
180.4781718963165
 10
53.43387619372442
 20
180.23047407912688
 10
53.373976807639835
 20
179.99215552523873
 10
53.30597714870396
 20
179.7632162346521
 10
53.22987721691678
 20
179.54365620736698
 10
52.670532060027284
 20
178.0463847203274
 10
54.36903137789905
 20
178.0463847203274
  0
LWPOLYLINE
  5
9E
330
17
100
AcDbEntity
  8
TEXT
100
AcDbPolyline
 90
9
 70
0
 10
60.01023192360164
 20
180.40654843110505
 10
58.356070941336974
 20
180.40654843110505
 10
58.356070941336974
 20
176.0
 10
57.69099590723056
 20
176.0
 10
57.69099590723056
 20
180.40654843110505
 10
56.05047748976808
 20
180.40654843110505
 10
56.05047748976808
 20
181.0
 10
60.01023192360164
 20
181.0
 10
60.01023192360164
 20
180.40654843110505
  0
LWPOLYLINE
  5
9F
330
17
100
AcDbEntity
  8
TEXT
100
AcDbPolyline
 90
13
 70
0
 10
64.45088676671215
 20
176.0
 10
60.71623465211459
 20
176.0
 10
60.71623465211459
 20
181.0
 10
64.33492496589359
 20
181.0
 10
64.33492496589359
 20
180.40654843110505
 10
61.37789904502046
 20
180.40654843110505
 10
61.37789904502046
 20
178.87858117326059
 10
64.14392905866303
 20
178.87858117326059
 10
64.14392905866303
 20
178.2851296043656
 10
61.37789904502046
 20
178.2851296043656
 10
61.37789904502046
 20
176.59345156889495
 10
64.45088676671215
 20
176.59345156889495
 10
64.45088676671215
 20
176.0
  0
LWPOLYLINE
  5
A1
330
17
100
AcDbEntity
  8
TEXT
100
AcDbPolyline
 90
25
 70
0
 10
5.286493860845839
 20
167.0
 10
4.65893587994543
 20
167.0
 10
4.65893587994543
 20
171.18485675306957
 10
4.645293315143247
 20
171.18485675306957
 10
3.2060027285129604
 20
167.0
 10
2.6125511596180084
 20
167.0
 10
1.180081855388813
 20
171.25306957708048
 10
1.159618008185539
 20
171.25306957708048
 10
1.159618008185539
 20
167.0
 10
0.5320600272851296
 20
167.0
 10
0.5320600272851296
 20
172.0
 10
1.5211459754433834
 20
172.0
 10
2.7046384720327423
 20
168.45975443383355
 10
2.7931019781718964
 20
168.19223226466576
 10
2.860675306957708
 20
167.97970668485675
 10
2.9073584583901773
 20
167.82217769440655
 10
2.9331514324693044
 20
167.71964529331515
 10
2.946793997271487
 20
167.71964529331515
 10
2.997953615279673
 20
167.87845327421556
 10
3.059345156889495
 20
168.0649727148704
 10
3.130968622100955
 20
168.27920361527967
 10
3.212824010914052
 20
168.52114597544337
 10
4.406548431105048
 20
172.0
 10
5.286493860845839
 20
172.0
 10
5.286493860845839
 20
167.0
  0
LWPOLYLINE
  5
A2
330
17
100
AcDbEntity
  8
TEXT
100
AcDbPolyline
 90
9
 70
0
 10
10.48431105047749
 20
167.0
 10
9.73738062755798
 20
167.0
 10
9.15075034106412
 20
168.52114597544337
 10
7.06343792633015
 20
168.52114597544337
 10
6.5109140518417465
 20
167.0
 10
5.811732605729877
 20
167.0
 10
7.731923601637107
 20
172.0
 10
8.44474761255116
 20
172.0
 10
10.48431105047749
 20
167.0
  0
LWPOLYLINE
  5
A3
330
17
100
AcDbEntity
  8
TEXT
100
AcDbPolyline
 90
20
 70
0
 10
8.949522510231922
 20
169.0463847203274
 10
8.804410385402454
 20
169.43032166609822
 10
8.676031718963165
 20
169.77039989768076
 10
8.564386510914051
 20
170.06661941507502
 10
8.469474761255114
 20
170.31898021828104
 10
8.391296469986356
 20
170.52748230729878
 10
8.329851637107776
 20
170.69212568212825
 10
8.285140262619372
 20
170.81291034276944
 10
8.257162346521145
 20
170.8898362892224
 10
8.216874147339698
 20
171.00910214870396
 10
8.174454297407912
 20
171.1469133697135
 10
8.129902796725784
 20
171.30326995225101
 10
8.083219645293315
 20
171.4781718963165
 10
8.066166439290587
 20
171.4781718963165
 10
8.014367326057299
 20
171.23047407912688
 10
7.954467939972715
 20
170.99215552523873
 10
7.886468281036835
 20
170.7632162346521
 10
7.810368349249659
 20
170.54365620736698
 10
7.251023192360163
 20
169.0463847203274
 10
8.949522510231922
 20
169.0463847203274
  0
LWPOLYLINE
  5
A4
330
17
100
AcDbEntity
  8
TEXT
100
AcDbPolyline
 90
9
 70
0
 10
14.590723055934516
 20
171.40654843110505
 10
12.936562073669851
 20
171.40654843110505
 10
12.936562073669851
 20
167.0
 10
12.27148703956344
 20
167.0
 10
12.27148703956344
 20
171.40654843110505
 10
10.630968622100955
 20
171.40654843110505
 10
10.630968622100955
 20
172.0
 10
14.590723055934516
 20
172.0
 10
14.590723055934516
 20
171.40654843110505
  0
LWPOLYLINE
  5
A5
330
17
100
AcDbEntity
  8
TEXT
100
AcDbPolyline
 90
13
 70
0
 10
19.031377899045022
 20
167.0
 10
15.296725784447478
 20
167.0
 10
15.296725784447478
 20
172.0
 10
18.91541609822647
 20
172.0
 10
18.91541609822647
 20
171.40654843110505
 10
15.958390177353344
 20
171.40654843110505
 10
15.958390177353344
 20
169.87858117326059
 10
18.724420190995907
 20
169.87858117326059
 10
18.724420190995907
 20
169.2851296043656
 10
15.958390177353344
 20
169.2851296043656
 10
15.958390177353344
 20
167.59345156889495
 10
19.031377899045022
 20
167.59345156889495
 10
19.031377899045022
 20
167.0
  0
LWPOLYLINE
  5
A6
330
17
100
AcDbEntity
  8
TEXT
100
AcDbPolyline
 90
57
 70
0
 10
24.36903137789905
 20
167.0
 10
23.5368349249659
 20
167.0
 10
23.358948669849937
 20
167.28079169508868
 10
23.198755115961806
 20
167.5331258526603
 10
23.056254263301504
 20
167.75700247271487
 10
22.931446111869036
 20
167.95242155525239
 10
22.824330661664398
 20
168.11938310027284
 10
22.73490791268759
 20
168.25788710777627
 10
22.66317786493861
 20
168.3679335777626
 10
22.609140518417465
 20
168.44952251023193
 10
22.517586118690318
 20
168.5794466234652
 10
22.423686903137792
 20
168.69977830832195
 10
22.327442871759892
 20
168.81051756480218
 10
22.228854024556618
 20
168.91166439290586
 10
22.130584924965895
 20
168.99916865620736
 10
22.03530013642565
 20
169.06898021828104
 10
21.942999658935882
 20
169.12109907912688
 10
21.853683492496593
 20
169.15552523874487
 10
21.7587184515689
 20
169.17790757162345
 10
21.64947135061392
 20
169.19389495225101
 10
21.525942189631653
 20
169.20348738062756
 10
21.388130968622104
 20
169.20668485675307
 10
20.624147339699867
 20
169.20668485675307
 10
20.624147339699867
 20
167.0
 10
19.962482946794
 20
167.0
 10
19.962482946794
 20
172.0
 10
22.17598908594816
 20
172.0
 10
22.393630627557982
 20
171.99637619372442
 10
22.592939972714873
 20
171.98550477489766
 10
22.77391712141883
 20
171.96738574351977
 10
22.936562073669855
 20
171.9420190995907
 10
23.08535129604366
 20
171.9050349590723
 10
23.224761255115965
 20
171.85206343792632
 10
23.35479195088677
 20
171.7831045361528
 10
23.475443383356073
 20
171.6981582537517
 10
23.584690484311054
 20
171.59914307639835
 10
23.680508185538883
 20
171.48797748976807
 10
23.762896487039566
 20
171.36466149386084
 10
23.8318553888131
 20
171.22919508867668
 10
23.886319065484315
 20
171.0857349931787
 10
23.92522169167804
 20
170.93843792633015
 10
23.948563267394274
 20
170.78730388813096
 10
23.956343792633017
 20
170.63233287858117
 10
23.933961459754435
 20
170.3631053888131
 10
23.866814461118693
 20
170.12158935879944
 10
23.754902796725787
 20
169.90778478854025
 10
23.59822646657572
 20
169.72169167803548
 10
23.398703956343795
 20
169.56522851296043
 10
23.158253751705324
 20
169.44031377899046
 10
22.876875852660305
 20
169.3469474761255
 10
22.554570259208734
 20
169.2851296043656
 10
22.554570259208734
 20
169.27148703956343
 10
22.80141541609823
 20
169.131437585266
 10
23.040586630286498
 20
168.9329809004093
 10
23.272083901773534
 20
168.67611698499317
 10
23.495907230559347
 20
168.36084583901774
 10
24.36903137789905
 20
167.0
  0
LWPOLYLINE
  5
A7
330
17
100
AcDbEntity
  8
TEXT
100
AcDbPolyline
 90
24
 70
0
 10
20.624147339699867
 20
169.80013642564802
 10
22.04297407912688
 20
169.80013642564802
 10
22.246653308321967
 20
169.80471947476124
 10
22.427950204638474
 20
169.81846862210097
 10
22.586864768076403
 20
169.8413838676671
 10
22.723396998635746
 20
169.87346521145975
 10
22.842449693042294
 20
169.9187627899045
 10
22.94892564802183
 20
169.981326739427
 10
23.042824863574356
 20
170.06115706002728
 10
23.124147339699867
 20
170.15825375170533
 10
23.18980218281037
 20
170.26718110504777
 10
23.236698499317875
 20
170.38250341064122
 10
23.264836289222377
 20
170.5042206684857
 10
23.274215552523877
 20
170.63233287858117
 10
23.258654502046387
 20
170.79646998635744
 10
23.21197135061392
 20
170.94781718963165
 10
23.13416609822647
 20
171.0863744884038
 10
23.025238744884042
 20
171.21214188267393
 10
22.880499658935882
 20
171.31659276944063
 10
22.695259208731244
 20
171.3912005457026
 10
22.469517394270124
 20
171.43596521145975
 10
22.203274215552526
 20
171.45088676671213
 10
20.624147339699867
 20
171.45088676671213
 10
20.624147339699867
 20
169.80013642564802
  0
LWPOLYLINE
  5
A8
330
17
100
AcDbEntity
  8
TEXT
100
AcDbPolyline
 90
5
 70
0
 10
25.753751705320603
 20
167.0
 10
25.08867667121419
 20
167.0
 10
25.08867667121419
 20
172.0
 10
25.753751705320603
 20
172.0
 10
25.753751705320603
 20
167.0
  0
LWPOLYLINE
  5
A9
330
17
100
AcDbEntity
  8
TEXT
100
AcDbPolyline
 90
9
 70
0
 10
31.053888130968623
 20
167.0
 10
30.306957708049115
 20
167.0
 10
29.720327421555254
 20
168.52114597544337
 10
27.633015006821285
 20
168.52114597544337
 10
27.08049113233288
 20
167.0
 10
26.381309686221012
 20
167.0
 10
28.301500682128243
 20
172.0
 10
29.014324693042294
 20
172.0
 10
31.053888130968623
 20
167.0
  0
LWPOLYLINE
  5
AA
330
17
100
AcDbEntity
  8
TEXT
100
AcDbPolyline
 90
20
 70
0
 10
29.51909959072306
 20
169.0463847203274
 10
29.37398746589359
 20
169.43032166609822
 10
29.2456087994543
 20
169.77039989768076
 10
29.133963591405188
 20
170.06661941507502
 10
29.03905184174625
 20
170.31898021828104
 10
28.960873550477494
 20
170.52748230729878
 10
28.899428717598912
 20
170.69212568212825
 10
28.854717343110508
 20
170.81291034276944
 10
28.82673942701228
 20
170.8898362892224
 10
28.786451227830835
 20
171.00910214870396
 10
28.74403137789905
 20
171.1469133697135
 10
28.69947987721692
 20
171.30326995225101
 10
28.65279672578445
 20
171.4781718963165
 10
28.635743519781723
 20
171.4781718963165
 10
28.583944406548433
 20
171.23047407912688
 10
28.52404502046385
 20
170.99215552523873
 10
28.45604536152797
 20
170.7632162346521
 10
28.379945429740793
 20
170.54365620736698
 10
27.820600272851298
 20
169.0463847203274
 10
29.51909959072306
 20
169.0463847203274
  0
LWPOLYLINE
  5
AB
330
17
100
AcDbEntity
  8
TEXT
100
AcDbPolyline
 90
7
 70
0
 10
34.69986357435198
 20
167.0
 10
31.57230559345157
 20
167.0
 10
31.57230559345157
 20
172.0
 10
32.23396998635744
 20
172.0
 10
32.23396998635744
 20
167.59345156889495
 10
34.69986357435198
 20
167.59345156889495
 10
34.69986357435198
 20
167.0
  0
LWPOLYLINE
  5
AC
330
17
100
AcDbEntity
  8
TEXT
100
AcDbPolyline
 90
5
 70
0
 10
36.258526603001364
 20
169.91950886766713
 10
35.55934515688949
 20
169.91950886766713
 10
35.55934515688949
 20
170.61869031377898
 10
36.258526603001364
 20
170.61869031377898
 10
36.258526603001364
 20
169.91950886766713
  0
LWPOLYLINE
  5
AD
330
17
100
AcDbEntity
  8
TEXT
100
AcDbPolyline
 90
5
 70
0
 10
36.258526603001364
 20
167.0
 10
35.55934515688949
 20
167.0
 10
35.55934515688949
 20
167.69918144611188
 10
36.258526603001364
 20
167.69918144611188
 10
36.258526603001364
 20
167.0
  0
LWPOLYLINE
  5
AE
330
17
100
AcDbEntity
  8
TEXT
100
AcDbPolyline
 90
9
 70
0
 10
43.478854024556625
 20
167.0
 10
42.731923601637114
 20
167.0
 10
42.145293315143256
 20
168.52114597544337
 10
40.057980900409284
 20
168.52114597544337
 10
39.50545702592088
 20
167.0
 10
38.80627557980901
 20
167.0
 10
40.726466575716245
 20
172.0
 10
41.43929058663029
 20
172.0
 10
43.478854024556625
 20
167.0
  0
LWPOLYLINE
  5
AF
330
17
100
AcDbEntity
  8
TEXT
100
AcDbPolyline
 90
20
 70
0
 10
41.944065484311054
 20
169.0463847203274
 10
41.79895335948159
 20
169.43032166609822
 10
41.6705746930423
 20
169.77039989768076
 10
41.558929484993186
 20
170.06661941507502
 10
41.46401773533425
 20
170.31898021828104
 10
41.38583944406549
 20
170.52748230729878
 10
41.32439461118691
 20
170.69212568212825
 10
41.2796832366985
 20
170.81291034276944
 10
41.25170532060028
 20
170.8898362892224
 10
41.21141712141883
 20
171.00910214870396
 10
41.168997271487044
 20
171.1469133697135
 10
41.12444577080492
 20
171.30326995225101
 10
41.07776261937245
 20
171.4781718963165
 10
41.06070941336972
 20
171.4781718963165
 10
41.008910300136435
 20
171.23047407912688
 10
40.949010914051854
 20
170.99215552523873
 10
40.88101125511597
 20
170.7632162346521
 10
40.804911323328795
 20
170.54365620736698
 10
40.245566166439296
 20
169.0463847203274
 10
41.944065484311054
 20
169.0463847203274
  0
LWPOLYLINE
  5
B0
330
17
100
AcDbEntity
  8
TEXT
100
AcDbPolyline
 90
5
 70
0
 10
44.55320600272852
 20
167.0
 10
43.93929058663029
 20
167.0
 10
43.93929058663029
 20
172.0
 10
44.55320600272852
 20
172.0
 10
44.55320600272852
 20
167.0
  0
LWPOLYLINE
  5
B1
330
17
100
AcDbEntity
  8
TEXT
100
AcDbPolyline
 90
50
 70
0
 10
48.424283765347894
 20
167.0
 10
47.87517053206003
 20
167.0
 10
47.87517053206003
 20
167.53206002728513
 10
47.858117326057304
 20
167.53206002728513
 10
47.74934984652115
 20
167.38737423260574
 10
47.631096521145984
 20
167.2619798772169
 10
47.5033573499318
 20
167.15587696111868
 10
47.366132332878585
 20
167.06906548431104
 10
47.219421469986365
 20
167.00154544679398
 10
47.06322476125512
 20
166.9533168485675
 10
46.89754220668486
 20
166.92437968963165
 10
46.722373806275584
 20
166.91473396998634
 10
46.536600443383364
 20
166.9257119713506
 10
46.357861527967266
 20
166.95864597544337
 10
46.18615706002729
 20
167.01353598226467
 10
46.021487039563446
 20
167.09038199181447
 10
45.87376364256481
 20
167.18651944065485
 10
45.75289904502047
 20
167.2992837653479
 10
45.65889324693043
 20
167.42867496589358
 10
45.59174624829468
 20
167.57469304229195
 10
45.544743349249664
 20
167.74042888813096
 10
45.51116984993179
 20
167.92897339699863
 10
45.491025750341066
 20
168.14032656889495
 10
45.484311050477494
 20
168.37448840381992
 10
45.484311050477494
 20
170.61869031377898
 10
46.098226466575724
 20
170.61869031377898
 10
46.098226466575724
 20
168.61323328785812
 10
46.10110419508869
 20
168.3898362892224
 10
46.109737380627564
 20
168.20054570259208
 10
46.12412602319237
 20
168.04536152796726
 10
46.14427012278309
 20
167.9242837653479
 10
46.176564631650756
 20
167.82484225784447
 10
46.22740450204639
 20
167.73456684856754
 10
46.296789733969995
 20
167.65345753751706
 10
46.38472032742156
 20
167.58151432469305
 10
46.48661323328786
 20
167.52257418144612
 10
46.59788540245567
 20
167.48047407912688
 10
46.71853683492497
 20
167.45521401773536
 10
46.848567530695775
 20
167.4467939972715
 10
47.0199522510232
 20
167.4618221350614
 10
47.186221009549804
 20
167.50690654843112
 10
47.347373806275584
 20
167.58204723738064
 10
47.50341064120055
 20
167.68724420190995
 10
47.63770463847204
 20
167.83976381309685
 10
47.733628922237386
 20
168.05687244201908
 10
47.79118349249659
 20
168.33857008867668
 10
47.810368349249664
 20
168.68485675306957
 10
47.810368349249664
 20
170.61869031377898
 10
48.424283765347894
 20
170.61869031377898
 10
48.424283765347894
 20
167.0
  0
LWPOLYLINE
  5
B2
330
17
100
AcDbEntity
  8
TEXT
100
AcDbPolyline
 90
81
 70
0
 10
54.28035470668486
 20
167.0
 10
53.66643929058664
 20
167.0
 10
53.66643929058664
 20
169.2851296043656
 10
53.664307639836295
 20
169.4067402796726
 10
53.657912687585274
 20
169.51918485675307
 10
53.64725443383357
 20
169.6224633356071
 10
53.63233287858118
 20
169.71657571623464
 10
53.60856497271488
 20
169.80354706684855
 10
53.57136766712143
 20
169.88540245566168
 10
53.520740961800826
 20
169.96214188267393
 10
53.45668485675308
 20
170.0337653478854
 10
53.376001875852666
 20
170.0941976466576
 10
53.27549454297409
 20
170.13736357435198
 10
53.155162858117336
 20
170.16326313096863
 10
53.015006821282405
 20
170.1718963165075
 10
52.840424624829474
 20
170.156122100955
 10
52.678206002728516
 20
170.1087994542974
 10
52.528350954979544
 20
170.0299283765348
 10
52.390859481582545
 20
169.91950886766713
 10
52.27596350613916
 20
169.7737039563438
 10
52.19389495225103
 20
169.5886766712142
 10
52.144653819918155
 20
169.3644270122783
 10
52.12824010914053
 20
169.10095497953614
 10
52.12824010914053
 20
167.0
 10
51.5143246930423
 20
167.0
 10
51.5143246930423
 20
169.35334242837652
 10
51.50398618690314
 20
169.57013130968622
 10
51.47297066848568
 20
169.74982946793997
 10
51.42127813778991
 20
169.8924369031378
 10
51.34890859481583
 20
169.99795361527967
 10
51.25756736016372
 20
170.07405354706685
 10
51.14895975443384
 20
170.12841064120056
 10
51.0230857776262
 20
170.16102489768076
 10
50.8799454297408
 20
170.1718963165075
 10
50.690974590723066
 20
170.15484311050477
 10
50.51969645293316
 20
170.1036834924966
 10
50.366111016371086
 20
170.01841746248294
 10
50.23021828103684
 20
169.89904502046386
 10
50.119052694406555
 20
169.73298942701228
 10
50.03964870395635
 20
169.50767394270125
 10
49.992006309686225
 20
169.2230985675307
 10
49.97612551159619
 20
168.87926330150069
 10
49.97612551159619
 20
167.0
 10
49.36221009549796
 20
167.0
 10
49.36221009549796
 20
170.61869031377898
 10
49.914733969986365
 20
170.61869031377898
 10
49.914733969986365
 20
170.11391541609822
 10
49.92837653478855
 20
170.11391541609822
 10
50.025846265347894
 20
170.25140688949523
 10
50.13408083219646
 20
170.3705661664393
 10
50.25308023533425
 20
170.4713932469304
 10
50.382844474761264
 20
170.55388813096863
 10
50.523373550477494
 20
170.61805081855388
 10
50.67466746248295
 20
170.66388130968622
 10
50.836726210777634
 20
170.6913796043656
 10
51.009549795361536
 20
170.70054570259208
 10
51.200225954979544
 20
170.690633526603
 10
51.37320941336972
 20
170.66089699863574
 10
51.52850017053206
 20
170.6113361186903
 10
51.66609822646658
 20
170.5419508867667
 10
51.78600358117326
 20
170.45274130286492
 10
51.88821623465212
 20
170.343707366985
 10
51.97273618690314
 20
170.21484907912688
 10
52.03956343792633
 20
170.06616643929058
 10
52.14502685879946
 20
170.21484907912688
 10
52.26018929058664
 20
170.343707366985
 10
52.38505073328786
 20
170.45274130286492
 10
52.51961118690314
 20
170.5419508867667
 10
52.663870651432475
 20
170.6113361186903
 10
52.81782912687586
 20
170.66089699863574
 10
52.981486613233294
 20
170.690633526603
 10
53.15484311050478
 20
170.70054570259208
 10
53.41863489085949
 20
170.68157401091403
 10
53.64725443383357
 20
170.62465893587995
 10
53.84070173942702
 20
170.52980047748977
 10
53.99897680763984
 20
170.39699863574353
 10
54.12207963847204
 20
170.2262534106412
 10
54.210010231923604
 20
170.01756480218282
 10
54.26276858799455
 20
169.77093281036835
 10
54.28035470668486
 20
169.48635743519782
 10
54.28035470668486
 20
167.0
  0
LWPOLYLINE
  5
B3
330
17
100
AcDbEntity
  8
TEXT
100
AcDbPolyline
 90
5
 70
0
 10
55.80832196452934
 20
167.0
 10
55.19440654843111
 20
167.0
 10
55.19440654843111
 20
170.61869031377898
 10
55.80832196452934
 20
170.61869031377898
 10
55.80832196452934
 20
167.0
  0
LWPOLYLINE
  5
B4
330
17
100
AcDbEntity
  8
TEXT
100
AcDbPolyline
 90
5
 70
0
 10
55.80832196452934
 20
171.30422919508868
 10
55.19440654843111
 20
171.30422919508868
 10
55.19440654843111
 20
172.0
 10
55.80832196452934
 20
172.0
 10
55.80832196452934
 20
171.30422919508868
  0
LWPOLYLINE
  5
B5
330
17
100
AcDbEntity
  8
TEXT
100
AcDbPolyline
 90
54
 70
0
 10
59.70327421555253
 20
167.0
 10
59.08594815825376
 20
167.0
 10
59.08594815825376
 20
169.19986357435198
 10
59.073478001364265
 20
169.45608799454297
 10
59.036067530695775
 20
169.668826739427
 10
58.9737167462483
 20
169.83807980900409
 10
58.886425648021834
 20
169.9638472032742
 10
58.77696538199182
 20
170.05486869031378
 10
58.64810709413371
 20
170.1198840381992
 10
58.49985078444748
 20
170.15889324693043
 10
58.33219645293316
 20
170.1718963165075
 10
58.19758270804912
 20
170.1635828785812
 10
58.06659276944066
 20
170.13864256480218
 10
57.93922663710778
 20
170.09707537517053
 10
57.81548431105048
 20
170.03888130968622
 10
57.70240023874489
 20
169.9655525238745
 10
57.607008867667126
 20
169.87858117326059
 10
57.529310197817196
 20
169.77796725784447
 10
57.469304229195096
 20
169.6637107776262
 10
57.42453956343793
 20
169.5300562755798
 10
57.39256480218282
 20
169.3712482946794
 10
57.37337994542975
 20
169.18728683492495
 10
57.366984993178725
 20
168.9781718963165
 10
57.366984993178725
 20
167.0
 10
56.753069577080495
 20
167.0
 10
56.753069577080495
 20
170.61869031377898
 10
57.3055934515689
 20
170.61869031377898
 10
57.3055934515689
 20
170.10709413369713
 10
57.319236016371086
 20
170.10709413369713
 10
57.42208816507504
 20
170.2461843451569
 10
57.53623806275581
 20
170.36672919508868
 10
57.661685709413376
 20
170.4687286834925
 10
57.798431105047754
 20
170.55218281036835
 10
57.94647424965894
 20
170.61709157571624
 10
58.105815143246936
 20
170.66345497953614
 10
58.27645378581174
 20
170.6912730218281
 10
58.45839017735335
 20
170.70054570259208
 10
58.6012107776262
 20
170.69415075034107
 10
58.743178717598916
 20
170.674965893588
 10
58.88429399727149
 20
170.64299113233287
 10
59.024556616643935
 20
170.5982264665757
 10
59.156825545702596
 20
170.5406718963165
 10
59.27395975443384
 20
170.47032742155525
 10
59.37595924283766
 20
170.38719304229195
 10
59.46282401091406
 20
170.2912687585266
 10
59.53476722373807
 20
170.18724420190995
 10
59.59200204638473
 20
170.07980900409277
 10
59.63452847885404
 20
169.96896316507502
 10
59.662346521145984
 20
169.85470668485675
 10
59.680252387448846
 20
169.72851296043655
 10
59.693042291950896
 20
169.5818553888131
 10
59.70071623465212
 20
169.41473396998634
 10
59.70327421555253
 20
169.22714870395635
 10
59.70327421555253
 20
167.0
  0
LWPOLYLINE
  5
B6
330
17
100
AcDbEntity
  8
TEXT
100
AcDbPolyline
 90
5
 70
0
 10
61.24488403819919
 20
167.0
 10
60.63096862210096
 20
167.0
 10
60.63096862210096
 20
170.61869031377898
 10
61.24488403819919
 20
170.61869031377898
 10
61.24488403819919
 20
167.0
  0
LWPOLYLINE
  5
B7
330
17
100
AcDbEntity
  8
TEXT
100
AcDbPolyline
 90
5
 70
0
 10
61.24488403819919
 20
171.30422919508868
 10
60.63096862210096
 20
171.30422919508868
 10
60.63096862210096
 20
172.0
 10
61.24488403819919
 20
172.0
 10
61.24488403819919
 20
171.30422919508868
  0
LWPOLYLINE
  5
B8
330
17
100
AcDbEntity
  8
TEXT
100
AcDbPolyline
 90
50
 70
0
 10
65.11596180081855
 20
167.0
 10
64.5668485675307
 20
167.0
 10
64.5668485675307
 20
167.53206002728513
 10
64.54979536152797
 20
167.53206002728513
 10
64.44102788199181
 20
167.38737423260574
 10
64.32277455661665
 20
167.2619798772169
 10
64.19503538540246
 20
167.15587696111868
 10
64.05781036834925
 20
167.06906548431104
 10
63.91109950545703
 20
167.00154544679398
 10
63.75490279672579
 20
166.9533168485675
 10
63.58922024215553
 20
166.92437968963165
 10
63.41405184174625
 20
166.91473396998634
 10
63.22827847885403
 20
166.9257119713506
 10
63.04953956343793
 20
166.95864597544337
 10
62.87783509549796
 20
167.01353598226467
 10
62.71316507503411
 20
167.09038199181447
 10
62.56544167803548
 20
167.18651944065485
 10
62.444577080491136
 20
167.2992837653479
 10
62.3505712824011
 20
167.42867496589358
 10
62.28342428376535
 20
167.57469304229195
 10
62.23642138472033
 20
167.74042888813096
 10
62.202847885402456
 20
167.92897339699863
 10
62.18270378581173
 20
168.14032656889495
 10
62.17598908594816
 20
168.37448840381992
 10
62.17598908594816
 20
170.61869031377898
 10
62.78990450204639
 20
170.61869031377898
 10
62.78990450204639
 20
168.61323328785812
 10
62.792782230559354
 20
168.3898362892224
 10
62.80141541609823
 20
168.20054570259208
 10
62.81580405866303
 20
168.04536152796726
 10
62.83594815825376
 20
167.9242837653479
 10
62.86824266712142
 20
167.82484225784447
 10
62.919082537517056
 20
167.73456684856754
 10
62.98846776944066
 20
167.65345753751706
 10
63.07639836289223
 20
167.58151432469305
 10
63.17829126875853
 20
167.52257418144612
 10
63.28956343792633
 20
167.48047407912688
 10
63.410214870395635
 20
167.45521401773536
 10
63.54024556616644
 20
167.4467939972715
 10
63.711630286493865
 20
167.4618221350614
 10
63.87789904502047
 20
167.50690654843112
 10
64.03905184174626
 20
167.58204723738064
 10
64.19508867667122
 20
167.68724420190995
 10
64.3293826739427
 20
167.83976381309685
 10
64.42530695770805
 20
168.05687244201908
 10
64.48286152796726
 20
168.33857008867668
 10
64.50204638472033
 20
168.68485675306957
 10
64.50204638472033
 20
170.61869031377898
 10
65.11596180081855
 20
170.61869031377898
 10
65.11596180081855
 20
167.0
  0
LWPOLYLINE
  5
B9
330
17
100
AcDbEntity
  8
TEXT
100
AcDbPolyline
 90
81
 70
0
 10
70.97203274215553
 20
167.0
 10
70.35811732605731
 20
167.0
 10
70.35811732605731
 20
169.2851296043656
 10
70.35598567530697
 20
169.4067402796726
 10
70.34959072305594
 20
169.51918485675307
 10
70.33893246930424
 20
169.6224633356071
 10
70.32401091405185
 20
169.71657571623464
 10
70.30024300818555
 20
169.80354706684855
 10
70.2630457025921
 20
169.88540245566168
 10
70.2124189972715
 20
169.96214188267393
 10
70.14836289222374
 20
170.0337653478854
 10
70.06767991132334
 20
170.0941976466576
 10
69.96717257844476
 20
170.13736357435198
 10
69.84684089358801
 20
170.16326313096863
 10
69.70668485675309
 20
170.1718963165075
 10
69.53210266030015
 20
170.156122100955
 10
69.36988403819919
 20
170.1087994542974
 10
69.2200289904502
 20
170.0299283765348
 10
69.08253751705321
 20
169.91950886766713
 10
68.96764154160982
 20
169.7737039563438
 10
68.8855729877217
 20
169.5886766712142
 10
68.83633185538882
 20
169.3644270122783
 10
68.8199181446112
 20
169.10095497953614
 10
68.8199181446112
 20
167.0
 10
68.20600272851297
 20
167.0
 10
68.20600272851297
 20
169.35334242837652
 10
68.19566422237382
 20
169.57013130968622
 10
68.16464870395635
 20
169.74982946793997
 10
68.11295617326059
 20
169.8924369031378
 10
68.0405866302865
 20
169.99795361527967
 10
67.94924539563439
 20
170.07405354706685
 10
67.84063778990452
 20
170.12841064120056
 10
67.71476381309688
 20
170.16102489768076
 10
67.57162346521147
 20
170.1718963165075
 10
67.38265262619373
 20
170.15484311050477
 10
67.21137448840383
 20
170.1036834924966
 10
67.05778905184175
 20
170.01841746248294
 10
66.92189631650751
 20
169.89904502046386
 10
66.81073072987722
 20
169.73298942701228
 10
66.73132673942702
 20
169.50767394270125
 10
66.68368434515689
 20
169.2230985675307
 10
66.66780354706685
 20
168.87926330150069
 10
66.66780354706685
 20
167.0
 10
66.05388813096863
 20
167.0
 10
66.05388813096863
 20
170.61869031377898
 10
66.60641200545703
 20
170.61869031377898
 10
66.60641200545703
 20
170.11391541609822
 10
66.62005457025921
 20
170.11391541609822
 10
66.71752430081857
 20
170.25140688949523
 10
66.82575886766713
 20
170.3705661664393
 10
66.94475827080493
 20
170.4713932469304
 10
67.07452251023193
 20
170.55388813096863
 10
67.21505158594817
 20
170.61805081855388
 10
67.36634549795363
 20
170.66388130968622
 10
67.52840424624831
 20
170.6913796043656
 10
67.70122783083221
 20
170.70054570259208
 10
67.89190399045022
 20
170.690633526603
 10
68.0648874488404
 20
170.66089699863574
 10
68.22017820600274
 20
170.6113361186903
 10
68.35777626193726
 20
170.5419508867667
 10
68.47768161664393
 20
170.45274130286492
 10
68.5798942701228
 20
170.343707366985
 10
68.66441422237381
 20
170.21484907912688
 10
68.731241473397
 20
170.06616643929058
 10
68.83670489427013
 20
170.21484907912688
 10
68.95186732605731
 20
170.343707366985
 10
69.07672876875853
 20
170.45274130286492
 10
69.21128922237381
 20
170.5419508867667
 10
69.35554868690315
 20
170.6113361186903
 10
69.50950716234654
 20
170.66089699863574
 10
69.67316464870397
 20
170.690633526603
 10
69.84652114597546
 20
170.70054570259208
 10
70.11031292633017
 20
170.68157401091403
 10
70.33893246930424
 20
170.62465893587995
 10
70.53237977489769
 20
170.52980047748977
 10
70.69065484311052
 20
170.39699863574353
 10
70.81375767394272
 20
170.2262534106412
 10
70.90168826739428
 20
170.01756480218282
 10
70.95444662346522
 20
169.77093281036835
 10
70.97203274215553
 20
169.48635743519782
 10
70.97203274215553
 20
167.0
  0
LWPOLYLINE
  5
BA
330
17
100
AcDbEntity
  8
TEXT
100
AcDbPolyline
 90
64
 70
0
 10
74.46452933151433
 20
170.00477489768076
 10
74.69517394270123
 20
170.1420532060027
 10
74.93008185538882
 20
170.24010914051843
 10
75.1692530695771
 20
170.29894270122782
 10
75.41268758526604
 20
170.31855388813096
 10
75.71474249658937
 20
170.29094901091406
 10
75.9967598908595
 20
170.2081343792633
 10
76.25873976807641
 20
170.07010999317873
 10
76.50068212824011
 20
169.8768758526603
 10
76.70361527967259
 20
169.63759805593452
 10
76.84856753069577
 20
169.36144270122782
 10
76.9355388813097
 20
169.04840978854023
 10
76.96452933151433
 20
168.69849931787175
 10
76.93511255115962
 20
168.340701739427
 10
76.84686221009551
 20
168.01082878581173
 10
76.69977830832197
 20
167.7088804570259
 10
76.49386084583902
 20
167.43485675306957
 10
76.24019440654844
 20
167.20730303547066
 10
75.94986357435198
 20
167.04476466575716
 10
75.62286834924967
 20
166.94724164392903
 10
75.25920873124149
 20
166.91473396998634
 10
74.95758015006822
 20
166.93679655525239
 10
74.6768417462483
 20
167.00298431105045
 10
74.41699351978173
 20
167.11329723738064
 10
74.17803547066849
 20
167.26773533424284
 10
73.97382332878581
 20
167.46544594133698
 10
73.81821282401091
 20
167.7055763983629
 10
73.7112039563438
 20
167.9881267053206
 10
73.65279672578446
 20
168.3130968622101
 10
74.29399727148704
 20
168.36084583901774
 10
74.34430422919509
 20
168.13883441336972
 10
74.41678035470669
 20
167.9468792633015
 10
74.51142564802184
 20
167.7849803888131
 10
74.62824010914053
 20
167.6531377899045
 10
74.7635999317872
 20
167.55092513642563
 10
74.91388130968623
 20
167.47791609822647
 10
75.07908424283767
 20
167.43411067530695
 10
75.25920873124149
 20
167.41950886766713
 10
75.4817530695771
 20
167.44157145293318
 10
75.68212824010915
 20
167.50775920873124
 10
75.86033424283767
 20
167.6180721350614
 10
76.01637107776263
 20
167.7725102319236
 10
76.14320429740792
 20
167.95913625511596
 10
76.23379945429741
 20
168.16601296043655
 10
76.28815654843112
 20
168.3931403478854
 10
76.30627557980901
 20
168.6405184174625
 10
76.28773021828104
 20
168.88928206002728
 10
76.23209413369715
 20
169.11033424283767
 10
76.13936732605731
 20
169.30367496589358
 10
76.00954979536154
 20
169.46930422919507
 10
75.85052864938609
 20
169.60210607094132
 10
75.67019099590723
 20
169.69696452933152
 10
75.46853683492498
 20
169.7538796043656
 10
75.2455661664393
 20
169.77285129604365
 10
74.96759890859482
 20
169.74279502046386
 10
74.72373806275581
 20
169.65262619372442
 10
74.51398362892225
 20
169.50234481582538
 10
74.33833560709414
 20
169.2919508867667
 10
73.75852660300137
 20
169.3601637107776
 10
74.2462482946794
 20
171.9317871759891
 10
76.72578444747613
 20
171.9317871759891
 10
76.72578444747613
 20
171.33833560709414
 10
74.73396998635745
 20
171.33833560709414
 10
74.46452933151433
 20
170.00477489768076
  0
LWPOLYLINE
  5
BB
330
17
100
AcDbEntity
  8
TEXT
100
AcDbPolyline
 90
65
 70
0
 10
79.1848567530696
 20
172.0238744884038
 10
79.38227425818556
 20
172.01388237551157
 10
79.56695515006822
 20
171.98390603683492
 10
79.73889942871762
 20
171.93394547237378
 10
79.8981070941337
 20
171.86400068212822
 10
80.04457814631652
 20
171.77407166609822
 10
80.17831258526604
 20
171.66415842428376
 10
80.29931041098227
 20
171.53426095668485
 10
80.40757162346523
 20
171.3843792633015
 10
80.50309622271489
 20
171.21451334413368
 10
80.58588420873126
 20
171.02466319918145
 10
80.65593558151434
 20
170.81482882844475
 10
80.71325034106412
 20
170.5850102319236
 10
80.75782848738064
 20
170.335207409618
 10
80.78967002046386
 20
170.06542036152797
 10
80.80877494031378
 20
169.77564908765348
 10
80.81514324693043
 20
169.46589358799454
 10
80.80856177523876
 20
169.15310048601637
 10
80.78881736016372
 20
168.86103768758525
 10
80.75591000170533
 20
168.58970519270122
 10
80.70983969986358
 20
168.33910300136426
 10
80.65060645463849
 20
168.10923111357434
 10
80.57821026603003
 20
167.9000895293315
 10
80.49265113403821
 20
167.71167824863574
 10
80.39392905866305
 20
167.54399727148703
 10
80.28289670020466
 20
167.39651368519782
 10
80.16040671896319
 20
167.26869457708048
 10
80.02645911493863
 20
167.16053994713505
 10
79.88105388813099
 20
167.07204979536152
 10
79.72419103854027
 20
167.00322412175987
 10
79.55587056616646
 20
166.95406292633012
 10
79.37609247100957
 20
166.92456620907228
 10
79.1848567530696
 20
166.91473396998634
 10
78.98785225528651
 20
166.9246994372442
 10
78.80355772510234
 20
166.9545958390177
 10
78.63197316251707
 20
167.00442317530695
 10
78.47309856753071
 20
167.07418144611185
 10
78.32693394014326
 20
167.16387065143246
 10
78.19347928035472
 20
167.27349079126876
 10
78.07273458816509
 20
167.40304186562074
 10
77.96469986357437
 20
167.5525238744884
 10
77.86937510658255
 20
167.72193681787175
 10
77.78676031718965
 20
167.91128069577078
 10
77.71685549539565
 20
168.12055550818553
 10
77.65966064120056
 20
168.34976125511596
 10
77.61517575460438
 20
168.59889793656208
 10
77.58340083560711
 20
168.86796555252388
 10
77.56433588420875
 20
169.15696410300137
 10
77.55798090040929
 20
169.46589358799454
 10
77.56456237210097
 20
169.77873998124147
 10
77.584306787176
 20
170.07096265347886
 10
77.61721414563439
 20
170.34256160470667
 10
77.66328444747614
 20
170.59353683492498
 10
77.72251769270125
 20
170.8238883441337
 10
77.7949138813097
 20
171.03361613233287
 10
77.88047301330151
 20
171.2227201995225
 10
77.97919508867669
 20
171.3912005457026
 10
78.09017415586632
 20
171.5394835010232
 10
78.21250426330151
 20
171.66799539563436
 10
78.34618541098227
 20
171.77673622953614
 10
78.4912175989086
 20
171.8657060027285
 10
78.64760082708051
 20
171.93490471521145
 10
78.81533509549797
 20
171.98433236698497
 10
78.994420404161
 20
172.0139889580491
 10
79.1848567530696
 20
172.0238744884038
  0
LWPOLYLINE
  5
BC
330
17
100
AcDbEntity
  8
TEXT
100
AcDbPolyline
 90
49
 70
0
 10
79.1848567530696
 20
167.41950886766713
 10
79.41699351978174
 20
167.44945856070942
 10
79.61886084583904
 20
167.5393076398363
 10
79.79045873124149
 20
167.68905610504774
 10
79.9317871759891
 20
167.89870395634378
 10
79.99094048431107
 20
168.02801521998634
 10
80.04220668485677
 20
168.1763514665757
 10
80.0855857776262
 20
168.34371269611185
 10
80.1210777626194
 20
168.53009890859482
 10
80.14868263983631
 20
168.73551010402454
 10
80.16840040927696
 20
168.9599462824011
 10
80.18023107094135
 20
169.20340744372442
 10
80.18417462482948
 20
169.46589358799454
 10
80.17724675989088
 20
169.8243306616644
 10
80.15646316507505
 20
170.1424795361528
 10
80.121823840382
 20
170.42034021145975
 10
80.07332878581175
 20
170.65791268758525
 10
80.01087141882675
 20
170.86148533424284
 10
79.93434515688952
 20
171.037346521146
 10
79.84375000000001
 20
171.1854962482947
 10
79.73908594815828
 20
171.30593451568896
 10
79.62024641882675
 20
171.39919423601637
 10
79.48712482946796
 20
171.46580832196452
 10
79.33972118008188
 20
171.50577677353343
 10
79.1780354706685
 20
171.51909959072304
 10
78.9461118690314
 20
171.48861698499317
 10
78.7448840381992
 20
171.39716916780355
 10
78.5743519781719
 20
171.24475613915416
 10
78.43451568894953
 20
171.03137789904503
 10
78.37616174965895
 20
170.90022808663028
 10
78.32558833560711
 20
170.7506394952251
 10
78.28279544679401
 20
170.58261212482947
 10
78.24778308321966
 20
170.39614597544337
 10
78.22055124488405
 20
170.19124104706685
 10
78.20109993178718
 20
169.96789733969987
 10
78.18942914392908
 20
169.72611485334244
 10
78.1855388813097
 20
169.46589358799454
 10
78.19257332878583
 20
169.1118263983629
 10
78.2136766712142
 20
168.79655525238744
 10
78.24884890859482
 20
168.5200801500682
 10
78.2980900409277
 20
168.28240109140518
 10
78.3611869031378
 20
168.07808236698497
 10
78.43792633015008
 20
167.90168826739426
 10
78.52830832196454
 20
167.753218792633
 10
78.6323328785812
 20
167.63267394270122
 10
78.75000000000003
 20
167.5394142223738
 10
78.88130968622103
 20
167.47280013642566
 10
79.02626193724421
 20
167.43283168485675
 10
79.1848567530696
 20
167.41950886766713
  0
LWPOLYLINE
  5
BD
330
17
100
AcDbEntity
  8
TEXT
100
AcDbPolyline
 90
64
 70
0
 10
82.23396998635745
 20
170.00477489768076
 10
82.46461459754435
 20
170.1420532060027
 10
82.69952251023194
 20
170.24010914051843
 10
82.93869372442022
 20
170.29894270122782
 10
83.18212824010917
 20
170.31855388813096
 10
83.48418315143249
 20
170.29094901091406
 10
83.76620054570262
 20
170.2081343792633
 10
84.02818042291953
 20
170.07010999317873
 10
84.27012278308324
 20
169.8768758526603
 10
84.47305593451571
 20
169.63759805593452
 10
84.6180081855389
 20
169.36144270122782
 10
84.70497953615282
 20
169.04840978854023
 10
84.73396998635745
 20
168.69849931787175
 10
84.70455320600274
 20
168.340701739427
 10
84.61630286493863
 20
168.01082878581173
 10
84.46921896316509
 20
167.7088804570259
 10
84.26330150068215
 20
167.43485675306957
 10
84.00963506139156
 20
167.20730303547066
 10
83.7193042291951
 20
167.04476466575716
 10
83.3923090040928
 20
166.94724164392903
 10
83.02864938608461
 20
166.91473396998634
 10
82.72702080491135
 20
166.93679655525239
 10
82.44628240109142
 20
167.00298431105045
 10
82.18643417462485
 20
167.11329723738064
 10
81.94747612551161
 20
167.26773533424284
 10
81.74326398362894
 20
167.46544594133698
 10
81.58765347885404
 20
167.7055763983629
 10
81.48064461118692
 20
167.9881267053206
 10
81.42223738062758
 20
168.3130968622101
 10
82.06343792633017
 20
168.36084583901774
 10
82.11374488403821
 20
168.13883441336972
 10
82.18622100954981
 20
167.9468792633015
 10
82.28086630286496
 20
167.7849803888131
 10
82.39768076398366
 20
167.6531377899045
 10
82.53304058663032
 20
167.55092513642563
 10
82.68332196452936
 20
167.47791609822647
 10
82.84852489768079
 20
167.43411067530695
 10
83.02864938608461
 20
167.41950886766713
 10
83.25119372442022
 20
167.44157145293318
 10
83.45156889495227
 20
167.50775920873124
 10
83.62977489768079
 20
167.6180721350614
 10
83.78581173260575
 20
167.7725102319236
 10
83.91264495225104
 20
167.95913625511596
 10
84.00324010914053
 20
168.16601296043655
 10
84.05759720327424
 20
168.3931403478854
 10
84.07571623465213
 20
168.6405184174625
 10
84.05717087312416
 20
168.88928206002728
 10
84.00153478854027
 20
169.11033424283767
 10
83.90880798090043
 20
169.30367496589358
 10
83.77899045020466
 20
169.46930422919507
 10
83.61996930422922
 20
169.60210607094132
 10
83.43963165075036
 20
169.69696452933152
 10
83.2379774897681
 20
169.7538796043656
 10
83.01500682128243
 20
169.77285129604365
 10
82.73703956343795
 20
169.74279502046386
 10
82.49317871759894
 20
169.65262619372442
 10
82.28342428376537
 20
169.50234481582538
 10
82.10777626193726
 20
169.2919508867667
 10
81.5279672578445
 20
169.3601637107776
 10
82.01568894952253
 20
171.9317871759891
 10
84.49522510231925
 20
171.9317871759891
 10
84.49522510231925
 20
171.33833560709414
 10
82.50341064120057
 20
171.33833560709414
 10
82.23396998635745
 20
170.00477489768076
  0
LWPOLYLINE
  5
BE
330
17
100
AcDbEntity
  8
TEXT
100
AcDbPolyline
 90
69
 70
0
 10
88.54024556616646
 20
167.0
 10
85.22851296043659
 20
167.0
 10
85.24695173942703
 20
167.21209924965893
 10
85.30226807639839
 20
167.42547748976807
 10
85.39446197135064
 20
167.64013472032744
 10
85.5235334242838
 20
167.85607094133698
 10
85.70312500000003
 20
168.0862892223738
 10
85.94687926330153
 20
168.343792633015
 10
86.2547962141883
 20
168.62858117326059
 10
86.62687585266033
 20
168.9406548431105
 10
86.86753922237384
 20
169.14092343110505
 10
87.09498635743523
 20
169.34609481582538
 10
87.30921725784451
 20
169.55616899727147
 10
87.51023192360167
 20
169.77114597544337
 10
87.68033765347889
 20
169.9888940995907
 10
87.80184174624833
 20
170.20728171896317
 10
87.87474420190999
 20
170.4263088335607
 10
87.89904502046387
 20
170.64597544338335
 10
87.8823115620737
 20
170.82705917462482
 10
87.83211118690316
 20
170.99172919508868
 10
87.74844389495229
 20
171.1399855047749
 10
87.63130968622104
 20
171.2718281036835
 10
87.48859566848571
 20
171.3800093792633
 10
87.32818894952254
 20
171.45728171896315
 10
87.15008952933155
 20
171.50364512278307
 10
86.95429740791272
 20
171.51909959072304
 10
86.75626705320603
 20
171.503218792633
 10
86.57486357435201
 20
171.4555763983629
 10
86.41008697135064
 20
171.3761724079127
 10
86.26193724420193
 20
171.2650068212824
 10
86.13936732605733
 20
171.12229280354708
 10
86.05133015006824
 20
170.94824351978173
 10
85.99782571623467
 20
170.74285896998637
 10
85.97885402455664
 20
170.506139154161
 10
85.34788540245569
 20
170.57776261937244
 10
85.40085692360167
 20
170.90838165075033
 10
85.5017905866303
 20
171.19764665757162
 10
85.65068639154164
 20
171.4455576398363
 10
85.84754433833564
 20
171.65211459754434
 10
86.08319832878584
 20
171.81475954979535
 10
86.34848226466579
 20
171.93093451568893
 10
86.64339614597547
 20
172.0006394952251
 10
86.9679399727149
 20
172.0238744884038
 10
87.31593195770807
 20
171.99840126193723
 10
87.62320941336975
 20
171.9219815825375
 10
87.88977233969989
 20
171.79461545020462
 10
88.11562073669853
 20
171.6163028649386
 10
88.2954254774898
 20
171.4019653819918
 10
88.42385743519785
 20
171.16652455661665
 10
88.50091660982267
 20
170.9099803888131
 10
88.52660300136428
 20
170.63233287858117
 10
88.50496674624831
 20
170.39113659618008
 10
88.44005798090043
 20
170.14844815825376
 10
88.33187670532062
 20
169.90426756480218
 10
88.1804229195089
 20
169.65859481582538
 10
88.0831397083902
 20
169.5301895037517
 10
87.96438011596183
 20
169.39139239427013
 10
87.82414414222377
 20
169.24220348738064
 10
87.66243178717602
 20
169.08262278308322
 10
87.47924305081858
 20
168.9126502813779
 10
87.27457793315146
 20
168.73228598226467
 10
87.04843643417466
 20
168.54152988574353
 10
86.80081855388816
 20
168.34038199181447
 10
86.55248124147343
 20
168.13126705320602
 10
86.349761255116
 20
167.93707366984992
 10
86.19265859481585
 20
167.75780184174624
 10
86.08117326057301
 20
167.59345156889495
 10
88.54024556616646
 20
167.59345156889495
 10
88.54024556616646
 20
167.0
  0
LWPOLYLINE
  5
C0
330
17
100
AcDbEntity
  8
TEXT
100
AcDbPolyline
 90
9
 70
0
 10
4.113233287858117
 20
162.40654843110505
 10
2.459072305593452
 20
162.40654843110505
 10
2.459072305593452
 20
158.0
 10
1.7939972714870396
 20
158.0
 10
1.7939972714870396
 20
162.40654843110505
 10
0.15347885402455663
 20
162.40654843110505
 10
0.15347885402455663
 20
163.0
 10
4.113233287858117
 20
163.0
 10
4.113233287858117
 20
162.40654843110505
  0
LWPOLYLINE
  5
C1
330
17
100
AcDbEntity
  8
TEXT
100
AcDbPolyline
 90
13
 70
0
 10
8.751705320600273
 20
158.0
 10
8.086630286493861
 20
158.0
 10
8.086630286493861
 20
160.35334242837652
 10
5.487721691678035
 20
160.35334242837652
 10
5.487721691678035
 20
158.0
 10
4.826057298772169
 20
158.0
 10
4.826057298772169
 20
163.0
 10
5.487721691678035
 20
163.0
 10
5.487721691678035
 20
160.9467939972715
 10
8.086630286493861
 20
160.9467939972715
 10
8.086630286493861
 20
163.0
 10
8.751705320600273
 20
163.0
 10
8.751705320600273
 20
158.0
  0
LWPOLYLINE
  5
C2
330
17
100
AcDbEntity
  8
TEXT
100
AcDbPolyline
 90
5
 70
0
 10
10.617326057298772
 20
158.0
 10
9.95225102319236
 20
158.0
 10
9.95225102319236
 20
163.0
 10
10.617326057298772
 20
163.0
 10
10.617326057298772
 20
158.0
  0
LWPOLYLINE
  5
C3
330
17
100
AcDbEntity
  8
TEXT
100
AcDbPolyline
 90
91
 70
0
 10
16.023192360163712
 20
159.58594815825376
 10
15.893694577080492
 20
159.19148618690315
 10
15.723482264665757
 20
158.8505286493861
 10
15.512555422919508
 20
158.5630755457026
 10
15.260914051841747
 20
158.32912687585267
 10
14.975379433833561
 20
158.14782997953614
 10
14.662772851296044
 20
158.01833219645292
 10
14.323094304229196
 20
157.940633526603
 10
13.956343792633016
 20
157.91473396998634
 10
13.659804527626195
 20
157.9267511510914
 10
13.384102148703956
 20
157.96280269440655
 10
13.129236655866304
 20
158.02288859993178
 10
12.895208049113233
 20
158.1070088676671
 10
12.682016328444748
 20
158.21516349761254
 10
12.489661493860845
 20
158.34735248976807
 10
12.318143545361528
 20
158.5035758441337
 10
12.167462482946794
 20
158.68383356070942
 10
12.03596627728513
 20
158.88098460948157
 10
11.92200289904502
 20
159.08788796043655
 10
11.825572348226466
 20
159.30454361357434
 10
11.746674624829467
 20
159.53095156889495
 10
11.685309728854024
 20
159.76711182639835
 10
11.641477660300136
 20
160.01302438608457
 10
11.615178419167803
 20
160.2686892479536
 10
11.606412005457026
 20
160.53410641200546
 10
11.6167238659618
 20
160.82526325886766
 10
11.647659447476125
 20
161.10016626875853
 10
11.69921875
 20
161.35881544167805
 10
11.771401773533423
 20
161.6012107776262
 10
11.864208518076397
 20
161.82735227660302
 10
11.977638983628921
 20
162.03723993860848
 10
12.111693170190996
 20
162.23087376364256
 10
12.266371077762619
 20
162.40825375170533
 10
12.437249531036834
 20
162.56692850443383
 10
12.619905354706685
 20
162.70444662346523
 10
12.814338548772168
 20
162.82080810879947
 10
13.020549113233287
 20
162.91601296043657
 10
13.238537048090041
 20
162.99006117837655
 10
13.468302353342429
 20
163.0429527626194
 10
13.70984502899045
 20
163.07468771316508
 10
13.963165075034107
 20
163.08526603001366
 10
14.314887448840382
 20
163.06203103683492
 10
14.640177353342429
 20
162.99232605729878
 10
14.939034788540246
 20
162.87615109140518
 10
15.211459754433834
 20
162.71350613915416
 10
15.451270463847203
 20
162.50609652114596
 10
15.652285129604365
 20
162.2556275579809
 10
15.81450375170532
 20
161.96209924965893
 10
15.937926330150068
 20
161.62551159618008
 10
15.289904502046385
 20
161.47203274215553
 10
15.197390859481583
 20
161.71674624829467
 10
15.08356070941337
 20
161.92905866302866
 10
14.948414051841747
 20
162.10896998635744
 10
14.791950886766713
 20
162.25648021828104
 10
14.614384379263303
 20
162.37137619372442
 10
14.415927694406548
 20
162.45344474761254
 10
14.196580832196453
 20
162.50268587994543
 10
13.956343792633016
 20
162.51909959072304
 10
13.757887107776263
 20
162.51070621589358
 10
13.571793997271488
 20
162.48552609140518
 10
13.39806446111869
 20
162.44355921725784
 10
13.236698499317871
 20
162.38480559345157
 10
13.087696111869032
 20
162.30926521998634
 10
12.95105729877217
 20
162.2169380968622
 10
12.826782060027286
 20
162.1078242240791
 10
12.71487039563438
 20
161.9819236016371
 10
12.529843110504775
 20
161.69042036152797
 10
12.39768076398363
 20
161.3530866302865
 10
12.31838335607094
 20
160.9699224079127
 10
12.291950886766712
 20
160.54092769440655
 10
12.298905397339698
 20
160.2883803717599
 10
12.319768929058663
 20
160.0525665075034
 10
12.3545414819236
 20
159.8334861016371
 10
12.403223055934514
 20
159.631139154161
 10
12.465813651091405
 20
159.44552566507502
 10
12.54231326739427
 20
159.27664563437926
 10
12.63272190484311
 20
159.12449906207365
 10
12.737039563437927
 20
158.98908594815825
 10
12.976530525238745
 20
158.7667547748977
 10
13.249914733969986
 20
158.6079467939973
 10
13.55719218963165
 20
158.51266200545703
 10
13.898362892223737
 20
158.48090040927696
 10
14.177928888130968
 20
158.50072476125513
 10
14.4299965893588
 20
158.56019781718965
 10
14.65456599590723
 20
158.65931957708048
 10
14.851637107776263
 20
158.7980900409277
 10
15.021209924965895
 20
158.97672237380627
 10
15.163284447476126
 20
159.19542974079127
 10
15.277860675306957
 20
159.45421214188266
 10
15.36493860845839
 20
159.75306957708048
 10
16.023192360163712
 20
159.58594815825376
  0
LWPOLYLINE
  5
C4
330
17
100
AcDbEntity
  8
TEXT
100
AcDbPolyline
 90
13
 70
0
 10
20.941336971350616
 20
158.0
 10
20.068212824010914
 20
158.0
 10
18.294679399727148
 20
160.52728512960437
 10
17.46930422919509
 20
159.7326057298772
 10
17.46930422919509
 20
158.0
 10
16.807639836289223
 20
158.0
 10
16.807639836289223
 20
163.0
 10
17.46930422919509
 20
163.0
 10
17.46930422919509
 20
160.52046384720327
 10
19.955661664392906
 20
163.0
 10
20.84924965893588
 20
163.0
 10
18.75511596180082
 20
160.97407912687586
 10
20.941336971350616
 20
158.0
  0
LWPOLYLINE
  5
C5
330
17
100
AcDbEntity
  8
TEXT
100
AcDbPolyline
 90
13
 70
0
 10
25.439972714870397
 20
158.0
 10
24.761255115961802
 20
158.0
 10
22.148703956343795
 20
161.9256480218281
 10
22.135061391541612
 20
161.9256480218281
 10
22.135061391541612
 20
158.0
 10
21.507503410641203
 20
158.0
 10
21.507503410641203
 20
163.0
 10
22.18281036834925
 20
163.0
 10
24.79536152796726
 20
159.0743519781719
 10
24.80900409276944
 20
159.0743519781719
 10
24.80900409276944
 20
163.0
 10
25.439972714870397
 20
163.0
 10
25.439972714870397
 20
158.0
  0
LWPOLYLINE
  5
C6
330
17
100
AcDbEntity
  8
TEXT
100
AcDbPolyline
 90
13
 70
0
 10
30.28649386084584
 20
158.0
 10
26.551841746248297
 20
158.0
 10
26.551841746248297
 20
163.0
 10
30.170532060027288
 20
163.0
 10
30.170532060027288
 20
162.40654843110505
 10
27.213506139154163
 20
162.40654843110505
 10
27.213506139154163
 20
160.87858117326059
 10
29.979536152796726
 20
160.87858117326059
 10
29.979536152796726
 20
160.2851296043656
 10
27.213506139154163
 20
160.2851296043656
 10
27.213506139154163
 20
158.59345156889495
 10
30.28649386084584
 20
158.59345156889495
 10
30.28649386084584
 20
158.0
  0
LWPOLYLINE
  5
C7
330
17
100
AcDbEntity
  8
TEXT
100
AcDbPolyline
 90
107
 70
0
 10
34.16439290586631
 20
161.53342428376536
 10
34.12751534788541
 20
161.75735419508868
 10
34.05781036834925
 20
161.9516541609823
 10
33.95527796725785
 20
162.11632418144612
 10
33.819918144611194
 20
162.25136425648023
 10
33.651730900409284
 20
162.35656122100954
 10
33.45071623465212
 20
162.43170190995906
 10
33.2168741473397
 20
162.47678632332878
 10
32.95020463847204
 20
162.49181446111868
 10
32.70634379263302
 20
162.47987721691678
 10
32.48635743519782
 20
162.44406548431104
 10
32.29024556616644
 20
162.3843792633015
 10
32.11800818553888
 20
162.30081855388812
 10
31.97774556616644
 20
162.1944491814461
 10
31.877557980900413
 20
162.0663369713506
 10
31.817445429740793
 20
161.91648192360162
 10
31.79740791268759
 20
161.7448840381992
 10
31.81286238062756
 20
161.5932170873124
 10
31.85922578444748
 20
161.46222714870396
 10
31.93649812414734
 20
161.3519142223738
 10
32.04467939972715
 20
161.26227830832195
 10
32.19655951568895
 20
161.1830874829468
 10
32.40492837653479
 20
161.10410982264665
 10
32.66978598226467
 20
161.02534532742158
 10
32.991132332878585
 20
160.9467939972715
 10
33.28721862210096
 20
160.8781548431105
 10
33.55474079126876
 20
160.8086630286494
 10
33.79369884038199
 20
160.73831855388815
 10
34.00409276944066
 20
160.66712141882675
 10
34.193170190995914
 20
160.5855857776262
 10
34.36817871759891
 20
160.4842257844475
 10
34.529118349249664
 20
160.3630414392906
 10
34.67598908594816
 20
160.22203274215553
 10
34.798345839017735
 20
160.05821538199183
 10
34.88574351978172
 20
159.86860504774899
 10
34.93818212824011
 20
159.653201739427
 10
34.955661664392906
 20
159.4120054570259
 10
34.92358032060027
 20
159.10334242837652
 10
34.82733628922237
 20
158.82196452933152
 10
34.666929570259214
 20
158.56787175989086
 10
34.44236016371078
 20
158.34106412005457
 10
34.1662048090041
 20
158.15454467939972
 10
33.85104024556617
 20
158.0213165075034
 10
33.496866473397006
 20
157.9413796043656
 10
33.10368349249659
 20
157.91473396998634
 10
32.84849825204639
 20
157.92208816507502
 10
32.60988659618008
 20
157.94415075034107
 10
32.387848524897684
 20
157.98092172578444
 10
32.18238403819918
 20
158.03240109140518
 10
31.993493136084588
 20
158.09858884720327
 10
31.82117581855389
 20
158.17948499317873
 10
31.665432085607097
 20
158.27508952933152
 10
31.526261937244204
 20
158.38540245566168
 10
31.29529757844475
 20
158.63821623465213
 10
31.125937926330153
 20
158.92598908594817
 10
31.018182980900413
 20
159.2487210095498
 10
30.972032742155527
 20
159.60641200545703
 10
31.59959072305594
 20
159.66098226466576
 10
31.645208049113236
 20
159.3812031036835
 10
31.73772169167804
 20
159.14213847203274
 10
31.877131650750343
 20
158.9437883697135
 10
32.06343792633015
 20
158.7861527967258
 10
32.28406377899045
 20
158.66603427694406
 10
32.52643246930423
 20
158.58023533424284
 10
32.79054399727149
 20
158.5287559686221
 10
33.07639836289223
 20
158.51159618008185
 10
33.34104280354707
 20
158.52587824010914
 10
33.57904160982265
 20
158.568724420191
 10
33.790394781718966
 20
158.64013472032744
 10
33.97510231923602
 20
158.74010914051843
 10
34.12506394952251
 20
158.86459754433835
 10
34.23217939972715
 20
159.00954979536152
 10
34.29644866984994
 20
159.174965893588
 10
34.31787175989086
 20
159.36084583901774
 10
34.295489427012285
 20
159.55162858117328
 10
34.228342428376536
 20
159.71469986357437
 10
34.11643076398364
 20
159.85005968622102
 10
33.95975443383357
 20
159.95770804911322
 10
33.75031974761256
 20
160.05118093451568
 10
33.48013301500683
 20
160.14401432469305
 10
33.14919423601638
 20
160.23620821964528
 10
32.757503410641206
 20
160.32776261937244
 10
32.364959924965895
 20
160.42826995225101
 10
32.03146316507504
 20
160.54732264665756
 10
31.757013130968623
 20
160.68492070259208
 10
31.54160982264666
 20
160.84106412005457
 10
31.378964870395638
 20
161.01884379263302
 10
31.26278990450205
 20
161.22135061391543
 10
31.1930849249659
 20
161.44858458390178
 10
31.16984993178718
 20
161.70054570259208
 10
31.19926671214189
 20
161.98767905866302
 10
31.287517053206006
 20
162.2488062755798
 10
31.43460095497954
 20
162.48392735334244
 10
31.640518417462488
 20
162.6930422919509
 10
31.89716916780355
 20
162.86464017735335
 10
32.196452933151434
 20
162.98721009549797
 10
32.53836971350614
 20
163.06075204638472
 10
32.92291950886767
 20
163.08526603001366
 10
33.31866047066849
 20
163.06085862892226
 10
33.67368690313779
 20
162.98763642564802
 10
33.987998806275584
 20
162.86559942019102
 10
34.26159618008186
 20
162.69474761255117
 10
34.48509976125512
 20
162.47891797407914
 10
34.649130286493865
 20
162.2219474761255
 10
34.75368775579809
 20
161.9238361186903
 10
34.798772169167805
 20
161.58458390177353
 10
34.16439290586631
 20
161.53342428376536
  0
LWPOLYLINE
  5
C8
330
17
100
AcDbEntity
  8
TEXT
100
AcDbPolyline
 90
107
 70
0
 10
38.82332878581174
 20
161.53342428376536
 10
38.78645122783084
 20
161.75735419508868
 10
38.71674624829468
 20
161.9516541609823
 10
38.61421384720328
 20
162.11632418144612
 10
38.478854024556625
 20
162.25136425648023
 10
38.310666780354715
 20
162.35656122100954
 10
38.10965211459755
 20
162.43170190995906
 10
37.875810027285134
 20
162.47678632332878
 10
37.60914051841747
 20
162.49181446111868
 10
37.36527967257845
 20
162.47987721691678
 10
37.14529331514325
 20
162.44406548431104
 10
36.94918144611187
 20
162.3843792633015
 10
36.776944065484315
 20
162.30081855388812
 10
36.63668144611187
 20
162.1944491814461
 10
36.536493860845844
 20
162.0663369713506
 10
36.476381309686225
 20
161.91648192360162
 10
36.45634379263302
 20
161.7448840381992
 10
36.471798260572996
 20
161.5932170873124
 10
36.51816166439291
 20
161.46222714870396
 10
36.59543400409277
 20
161.3519142223738
 10
36.70361527967258
 20
161.26227830832195
 10
36.855495395634385
 20
161.1830874829468
 10
37.06386425648022
 20
161.10410982264665
 10
37.3287218622101
 20
161.02534532742158
 10
37.65006821282402
 20
160.9467939972715
 10
37.94615450204639
 20
160.8781548431105
 10
38.213676671214195
 20
160.8086630286494
 10
38.452634720327424
 20
160.73831855388815
 10
38.66302864938609
 20
160.66712141882675
 10
38.852106070941346
 20
160.5855857776262
 10
39.02711459754434
 20
160.4842257844475
 10
39.188054229195096
 20
160.3630414392906
 10
39.33492496589359
 20
160.22203274215553
 10
39.457281718963166
 20
160.05821538199183
 10
39.54467939972715
 20
159.86860504774899
 10
39.59711800818554
 20
159.653201739427
 10
39.61459754433834
 20
159.4120054570259
 10
39.582516200545705
 20
159.10334242837652
 10
39.486272169167805
 20
158.82196452933152
 10
39.325865450204645
 20
158.56787175989086
 10
39.10129604365621
 20
158.34106412005457
 10
38.82514068894953
 20
158.15454467939972
 10
38.5099761255116
 20
158.0213165075034
 10
38.15580235334244
 20
157.9413796043656
 10
37.762619372442025
 20
157.91473396998634
 10
37.50743413199182
 20
157.92208816507502
 10
37.268822476125514
 20
157.94415075034107
 10
37.046784404843116
 20
157.98092172578444
 10
36.84131991814462
 20
158.03240109140518
 10
36.65242901603002
 20
158.09858884720327
 10
36.48011169849932
 20
158.17948499317873
 10
36.32436796555253
 20
158.27508952933152
 10
36.18519781718964
 20
158.38540245566168
 10
35.954233458390185
 20
158.63821623465213
 10
35.784873806275584
 20
158.92598908594817
 10
35.677118860845844
 20
159.2487210095498
 10
35.63096862210096
 20
159.60641200545703
 10
36.25852660300137
 20
159.66098226466576
 10
36.30414392905867
 20
159.3812031036835
 10
36.39665757162347
 20
159.14213847203274
 10
36.536067530695775
 20
158.9437883697135
 10
36.722373806275584
 20
158.7861527967258
 10
36.94299965893588
 20
158.66603427694406
 10
37.185368349249664
 20
158.58023533424284
 10
37.44947987721692
 20
158.5287559686221
 10
37.73533424283766
 20
158.51159618008185
 10
37.9999786834925
 20
158.52587824010914
 10
38.237977489768085
 20
158.568724420191
 10
38.4493306616644
 20
158.64013472032744
 10
38.634038199181454
 20
158.74010914051843
 10
38.783999829467945
 20
158.86459754433835
 10
38.89111527967258
 20
159.00954979536152
 10
38.95538454979537
 20
159.174965893588
 10
38.976807639836295
 20
159.36084583901774
 10
38.95442530695772
 20
159.55162858117328
 10
38.88727830832197
 20
159.71469986357437
 10
38.77536664392907
 20
159.85005968622102
 10
38.618690313779
 20
159.95770804911322
 10
38.40925562755799
 20
160.05118093451568
 10
38.13906889495226
 20
160.14401432469305
 10
37.80813011596181
 20
160.23620821964528
 10
37.41643929058664
 20
160.32776261937244
 10
37.023895804911334
 20
160.42826995225101
 10
36.69039904502047
 20
160.54732264665756
 10
36.41594901091406
 20
160.68492070259208
 10
36.200545702592095
 20
160.84106412005457
 10
36.037900750341066
 20
161.01884379263302
 10
35.92172578444748
 20
161.22135061391543
 10
35.85202080491133
 20
161.44858458390178
 10
35.82878581173261
 20
161.70054570259208
 10
35.858202592087316
 20
161.98767905866302
 10
35.946452933151434
 20
162.2488062755798
 10
36.09353683492497
 20
162.48392735334244
 10
36.29945429740792
 20
162.6930422919509
 10
36.556105047748986
 20
162.86464017735335
 10
36.855388813096866
 20
162.98721009549797
 10
37.197305593451574
 20
163.06075204638472
 10
37.5818553888131
 20
163.08526603001366
 10
37.97759635061392
 20
163.06085862892226
 10
38.332622783083224
 20
162.98763642564802
 10
38.646934686221016
 20
162.86559942019102
 10
38.92053206002729
 20
162.69474761255117
 10
39.14403564120055
 20
162.47891797407914
 10
39.308066166439296
 20
162.2219474761255
 10
39.41262363574352
 20
161.9238361186903
 10
39.457708049113236
 20
161.58458390177353
 10
38.82332878581174
 20
161.53342428376536
  0
LWPOLYLINE
  5
C9
330
17
100
AcDbEntity
  8
TEXT
100
AcDbPolyline
 90
5
 70
0
 10
41.302864938608465
 20
160.91950886766713
 10
40.6036834924966
 20
160.91950886766713
 10
40.6036834924966
 20
161.61869031377898
 10
41.302864938608465
 20
161.61869031377898
 10
41.302864938608465
 20
160.91950886766713
  0
LWPOLYLINE
  5
CA
330
17
100
AcDbEntity
  8
TEXT
100
AcDbPolyline
 90
5
 70
0
 10
41.302864938608465
 20
158.0
 10
40.6036834924966
 20
158.0
 10
40.6036834924966
 20
158.69918144611188
 10
41.302864938608465
 20
158.69918144611188
 10
41.302864938608465
 20
158.0
  0
LWPOLYLINE
  5
CB
330
17
100
AcDbEntity
  8
TEXT
100
AcDbPolyline
 90
69
 70
0
 10
47.38403819918146
 20
158.0
 10
44.07230559345158
 20
158.0
 10
44.09074437244203
 20
158.21209924965893
 10
44.14606070941338
 20
158.42547748976807
 10
44.23825460436563
 20
158.64013472032744
 10
44.36732605729878
 20
158.85607094133698
 10
44.54691763301502
 20
159.0862892223738
 10
44.790671896316525
 20
159.343792633015
 10
45.09858884720329
 20
159.62858117326059
 10
45.47066848567532
 20
159.9406548431105
 10
45.71133185538883
 20
160.14092343110505
 10
45.93877899045022
 20
160.34609481582538
 10
46.153009890859494
 20
160.55616899727147
 10
46.35402455661666
 20
160.77114597544337
 10
46.52413028649387
 20
160.9888940995907
 10
46.64563437926331
 20
161.20728171896317
 10
46.718536834924976
 20
161.4263088335607
 10
46.742837653478865
 20
161.64597544338335
 10
46.72610419508869
 20
161.82705917462482
 10
46.675903819918155
 20
161.99172919508868
 10
46.59223652796727
 20
162.1399855047749
 10
46.47510231923603
 20
162.2718281036835
 10
46.33238830150069
 20
162.3800093792633
 10
46.17198158253753
 20
162.45728171896315
 10
45.99388216234654
 20
162.50364512278307
 10
45.79809004092771
 20
162.51909959072304
 10
45.60005968622102
 20
162.503218792633
 10
45.418656207367
 20
162.4555763983629
 10
45.253879604365636
 20
162.3761724079127
 10
45.10572987721693
 20
162.2650068212824
 10
44.98315995907232
 20
162.12229280354708
 10
44.89512278308324
 20
161.94824351978173
 10
44.84161834924967
 20
161.74285896998637
 10
44.82264665757164
 20
161.506139154161
 10
44.19167803547068
 20
161.57776261937244
 10
44.24464955661666
 20
161.90838165075033
 10
44.345583219645306
 20
162.19764665757162
 10
44.49447902455663
 20
162.4455576398363
 10
44.69133697135063
 20
162.65211459754434
 10
44.92699096180083
 20
162.81475954979535
 10
45.192274897680775
 20
162.93093451568893
 10
45.487188778990465
 20
163.0006394952251
 10
45.811732605729894
 20
163.0238744884038
 10
46.15972459072307
 20
162.99840126193723
 10
46.467002046384735
 20
162.9219815825375
 10
46.73356497271488
 20
162.79461545020462
 10
46.959413369713516
 20
162.6163028649386
 10
47.139218110504785
 20
162.4019653819918
 10
47.26765006821284
 20
162.16652455661665
 10
47.344709242837666
 20
161.9099803888131
 10
47.37039563437928
 20
161.63233287858117
 10
47.34875937926331
 20
161.39113659618008
 10
47.28385061391543
 20
161.14844815825376
 10
47.175669338335624
 20
160.90426756480218
 10
47.02421555252389
 20
160.65859481582538
 10
46.9269323414052
 20
160.5301895037517
 10
46.80817274897682
 20
160.39139239427013
 10
46.66793677523876
 20
160.24220348738064
 10
46.50622442019101
 20
160.08262278308322
 10
46.323035683833574
 20
159.9126502813779
 10
46.11837056616645
 20
159.73228598226467
 10
45.892229067189646
 20
159.54152988574353
 10
45.64461118690315
 20
159.34038199181447
 10
45.396273874488415
 20
159.13126705320602
 10
45.19355388813098
 20
158.93707366984992
 10
45.036451227830845
 20
158.75780184174624
 10
44.92496589358801
 20
158.59345156889495
 10
47.38403819918146
 20
158.59345156889495
 10
47.38403819918146
 20
158.0
  0
LWPOLYLINE
  5
CC
330
17
100
AcDbEntity
  8
TEXT
100
AcDbPolyline
 90
5
 70
0
 10
49.062073669849944
 20
158.0
 10
48.36289222373807
 20
158.0
 10
48.36289222373807
 20
158.69918144611188
 10
49.062073669849944
 20
158.69918144611188
 10
49.062073669849944
 20
158.0
  0
LWPOLYLINE
  5
CD
330
17
100
AcDbEntity
  8
TEXT
100
AcDbPolyline
 90
65
 70
0
 10
51.623465211459774
 20
163.0238744884038
 10
51.82088271657574
 20
163.01388237551157
 10
52.00556360845841
 20
162.98390603683492
 10
52.177507887107794
 20
162.93394547237378
 10
52.33671555252389
 20
162.86400068212822
 10
52.4831866047067
 20
162.77407166609822
 10
52.61692104365623
 20
162.66415842428376
 10
52.73791886937246
 20
162.53426095668485
 10
52.84618008185541
 20
162.3843792633015
 10
52.941704681105065
 20
162.21451334413368
 10
53.024492667121436
 20
162.02466319918145
 10
53.09454403990452
 20
161.81482882844475
 10
53.15185879945432
 20
161.5850102319236
 10
53.19643694577082
 20
161.335207409618
 10
53.228278478854044
 20
161.06542036152797
 10
53.247383398703974
 20
160.77564908765348
 10
53.25375170532062
 20
160.46589358799454
 10
53.24717023362894
 20
160.15310048601637
 10
53.227425818553904
 20
159.86103768758525
 10
53.194518460095516
 20
159.58970519270122
 10
53.14844815825377
 20
159.33910300136426
 10
53.08921491302867
 20
159.10923111357434
 10
53.01681872442021
 20
158.9000895293315
 10
52.9312595924284
 20
158.71167824863574
 10
52.832537517053225
 20
158.54399727148703
 10
52.72150515859484
 20
158.39651368519782
 10
52.59901517735336
 20
158.26869457708048
 10
52.4650675733288
 20
158.16053994713505
 10
52.31966234652116
 20
158.07204979536152
 10
52.16279949693044
 20
158.00322412175987
 10
51.99447902455663
 20
157.95406292633012
 10
51.81470092939975
 20
157.92456620907228
 10
51.623465211459774
 20
157.91473396998634
 10
51.42646071367669
 20
157.9246994372442
 10
51.242166183492515
 20
157.9545958390177
 10
51.07058162090725
 20
158.00442317530695
 10
50.91170702592089
 20
158.07418144611185
 10
50.76554239853344
 20
158.16387065143246
 10
50.6320877387449
 20
158.27349079126876
 10
50.51134304655527
 20
158.40304186562074
 10
50.403308321964545
 20
158.5525238744884
 10
50.30798356497273
 20
158.72193681787175
 10
50.225368775579824
 20
158.91128069577078
 10
50.15546395378583
 20
159.12055550818553
 10
50.09826909959074
 20
159.34976125511596
 10
50.05378421299456
 20
159.59889793656208
 10
50.022009293997286
 20
159.86796555252388
 10
50.00294434259892
 20
160.15696410300137
 10
49.99658935879947
 20
160.46589358799454
 10
50.00317083049114
 20
160.77873998124147
 10
50.02291524556618
 20
161.07096265347886
 10
50.05582260402457
 20
161.34256160470667
 10
50.10189290586632
 20
161.59353683492498
 10
50.16112615109142
 20
161.8238883441337
 10
50.23352233969988
 20
162.03361613233287
 10
50.319081471691696
 20
162.2227201995225
 10
50.41780354706687
 20
162.3912005457026
 10
50.5287826142565
 20
162.5394835010232
 10
50.651112721691696
 20
162.66799539563436
 10
50.78479386937246
 20
162.77673622953614
 10
50.92982605729879
 20
162.8657060027285
 10
51.08620928547069
 20
162.93490471521145
 10
51.25394355388815
 20
162.98433236698497
 10
51.433028862551176
 20
163.0139889580491
 10
51.623465211459774
 20
163.0238744884038
  0
LWPOLYLINE
  5
CE
330
17
100
AcDbEntity
  8
TEXT
100
AcDbPolyline
 90
49
 70
0
 10
51.623465211459774
 20
158.41950886766713
 10
51.85560197817191
 20
158.44945856070942
 10
52.057469304229215
 20
158.5393076398363
 10
52.229067189631664
 20
158.68905610504774
 10
52.37039563437928
 20
158.89870395634378
 10
52.429548942701246
 20
159.02801521998634
 10
52.48081514324694
 20
159.1763514665757
 10
52.524194236016385
 20
159.34371269611185
 10
52.559686221009564
 20
159.53009890859482
 10
52.58729109822648
 20
159.73551010402454
 10
52.60700886766713
 20
159.9599462824011
 10
52.61883952933153
 20
160.20340744372442
 10
52.62278308321966
 20
160.46589358799454
 10
52.61585521828105
 20
160.8243306616644
 10
52.59507162346522
 20
161.1424795361528
 10
52.560432298772184
 20
161.42034021145975
 10
52.511937244201924
 20
161.65791268758525
 10
52.44947987721693
 20
161.86148533424284
 10
52.372953615279684
 20
162.037346521146
 10
52.28235845839019
 20
162.1854962482947
 10
52.17769440654845
 20
162.30593451568896
 10
52.05885487721693
 20
162.39919423601637
 10
51.92573328785814
 20
162.46580832196452
 10
51.77832963847205
 20
162.50577677353343
 10
51.61664392905868
 20
162.51909959072304
 10
51.384720327421576
 20
162.48861698499317
 10
51.18349249658937
 20
162.39716916780355
 10
51.01296043656209
 20
162.24475613915416
 10
50.873124147339716
 20
162.03137789904503
 10
50.81477020804913
 20
161.90022808663028
 10
50.764196793997286
 20
161.7506394952251
 10
50.72140390518419
 20
161.58261212482947
 10
50.68639154160984
 20
161.39614597544337
 10
50.659159703274234
 20
161.19124104706685
 10
50.63970839017737
 20
160.96789733969987
 10
50.62803760231925
 20
160.72611485334244
 10
50.62414733969988
 20
160.46589358799454
 10
50.631181787176004
 20
160.1118263983629
 10
50.65228512960438
 20
159.79655525238744
 10
50.68745736698501
 20
159.5200801500682
 10
50.73669849931789
 20
159.28240109140518
 10
50.799795361527984
 20
159.07808236698497
 10
50.87653478854026
 20
158.90168826739426
 10
50.96691678035472
 20
158.753218792633
 10
51.070941336971366
 20
158.63267394270122
 10
51.18860845839019
 20
158.5394142223738
 10
51.3199181446112
 20
158.47280013642566
 10
51.4648703956344
 20
158.43283168485675
 10
51.623465211459774
 20
158.41950886766713
  0
LWPOLYLINE
  5
CF
330
17
100
AcDbEntity
  8
TEXT
100
AcDbPolyline
 90
65
 70
0
 10
55.50818553888133
 20
163.0238744884038
 10
55.70560304399729
 20
163.01388237551157
 10
55.890283935879964
 20
162.98390603683492
 10
56.06222821452935
 20
162.93394547237378
 10
56.221435879945446
 20
162.86400068212822
 10
56.36790693212826
 20
162.77407166609822
 10
56.50164137107778
 20
162.66415842428376
 10
56.62263919679401
 20
162.53426095668485
 10
56.73090040927696
 20
162.3843792633015
 10
56.82642500852662
 20
162.21451334413368
 10
56.90921299454299
 20
162.02466319918145
 10
56.979264367326074
 20
161.81482882844475
 10
57.03657912687587
 20
161.5850102319236
 10
57.081157273192375
 20
161.335207409618
 10
57.1129988062756
 20
161.06542036152797
 10
57.13210372612553
 20
160.77564908765348
 10
57.13847203274217
 20
160.46589358799454
 10
57.1318905610505
 20
160.15310048601637
 10
57.11214614597546
 20
159.86103768758525
 10
57.07923878751707
 20
159.58970519270122
 10
57.033168485675326
 20
159.33910300136426
 10
56.973935240450224
 20
159.10923111357434
 10
56.901539051841766
 20
158.9000895293315
 10
56.81597991984995
 20
158.71167824863574
 10
56.71725784447478
 20
158.54399727148703
 10
56.60622548601639
 20
158.39651368519782
 10
56.48373550477491
 20
158.26869457708048
 10
56.34978790075036
 20
158.16053994713505
 10
56.20438267394272
 20
158.07204979536152
 10
56.047519824351994
 20
158.00322412175987
 10
55.87919935197819
 20
157.95406292633012
 10
55.6994212568213
 20
157.92456620907228
 10
55.50818553888133
 20
157.91473396998634
 10
55.311181041098244
 20
157.9246994372442
 10
55.12688651091407
 20
157.9545958390177
 10
54.9553019483288
 20
158.00442317530695
 10
54.796427353342445
 20
158.07418144611185
 10
54.650262725954995
 20
158.16387065143246
 10
54.516808066166455
 20
158.27349079126876
 10
54.39606337397682
 20
158.40304186562074
 10
54.2880286493861
 20
158.5525238744884
 10
54.192703892394285
 20
158.72193681787175
 10
54.11008910300138
 20
158.91128069577078
 10
54.04018428120738
 20
159.12055550818553
 10
53.98298942701229
 20
159.34976125511596
 10
53.93850454041611
 20
159.59889793656208
 10
53.90672962141884
 20
159.86796555252388
 10
53.88766467002048
 20
160.15696410300137
 10
53.88130968622102
 20
160.46589358799454
 10
53.8878911579127
 20
160.77873998124147
 10
53.907635572987736
 20
161.07096265347886
 10
53.940542931446124
 20
161.34256160470667
 10
53.98661323328787
 20
161.59353683492498
 10
54.04584647851298
 20
161.8238883441337
 10
54.118242667121436
 20
162.03361613233287
 10
54.20380179911325
 20
162.2227201995225
 10
54.30252387448842
 20
162.3912005457026
 10
54.413502941678054
 20
162.5394835010232
 10
54.53583304911325
 20
162.66799539563436
 10
54.66951419679401
 20
162.77673622953614
 10
54.814546384720344
 20
162.8657060027285
 10
54.97092961289224
 20
162.93490471521145
 10
55.138663881309704
 20
162.98433236698497
 10
55.31774918997273
 20
163.0139889580491
 10
55.50818553888133
 20
163.0238744884038
  0
LWPOLYLINE
  5
D0
330
17
100
AcDbEntity
  8
TEXT
100
AcDbPolyline
 90
49
 70
0
 10
55.50818553888133
 20
158.41950886766713
 10
55.740322305593466
 20
158.44945856070942
 10
55.94218963165076
 20
158.5393076398363
 10
56.11378751705322
 20
158.68905610504774
 10
56.25511596180083
 20
158.89870395634378
 10
56.3142692701228
 20
159.02801521998634
 10
56.3655354706685
 20
159.1763514665757
 10
56.40891456343794
 20
159.34371269611185
 10
56.44440654843112
 20
159.53009890859482
 10
56.472011425648034
 20
159.73551010402454
 10
56.49172919508869
 20
159.9599462824011
 10
56.503559856753085
 20
160.20340744372442
 10
56.50750341064121
 20
160.46589358799454
 10
56.5005755457026
 20
160.8243306616644
 10
56.47979195088678
 20
161.1424795361528
 10
56.44515262619374
 20
161.42034021145975
 10
56.39665757162348
 20
161.65791268758525
 10
56.334200204638485
 20
161.86148533424284
 10
56.257673942701246
 20
162.037346521146
 10
56.167078785811746
 20
162.1854962482947
 10
56.06241473397
 20
162.30593451568896
 10
55.943575204638485
 20
162.39919423601637
 10
55.81045361527969
 20
162.46580832196452
 10
55.663049965893606
 20
162.50577677353343
 10
55.50136425648024
 20
162.51909959072304
 10
55.26944065484313
 20
162.48861698499317
 10
55.06821282401093
 20
162.39716916780355
 10
54.897680763983644
 20
162.24475613915416
 10
54.75784447476127
 20
162.03137789904503
 10
54.69949053547069
 20
161.90022808663028
 10
54.64891712141884
 20
161.7506394952251
 10
54.606124232605744
 20
161.58261212482947
 10
54.5711118690314
 20
161.39614597544337
 10
54.54388003069579
 20
161.19124104706685
 10
54.52442871759892
 20
160.96789733969987
 10
54.51275792974081
 20
160.72611485334244
 10
54.508867667121436
 20
160.46589358799454
 10
54.51590211459756
 20
160.1118263983629
 10
54.53700545702594
 20
159.79655525238744
 10
54.57217769440656
 20
159.5200801500682
 10
54.62141882673944
 20
159.28240109140518
 10
54.68451568894954
 20
159.07808236698497
 10
54.761255115961816
 20
158.90168826739426
 10
54.85163710777628
 20
158.753218792633
 10
54.95566166439292
 20
158.63267394270122
 10
55.073328785811746
 20
158.5394142223738
 10
55.204638472032755
 20
158.47280013642566
 10
55.349590723055954
 20
158.43283168485675
 10
55.50818553888133
 20
158.41950886766713
  0
LWPOLYLINE
  5
D1
330
17
100
AcDbEntity
  8
TEXT
100
AcDbPolyline
 90
81
 70
0
 10
64.76466575716236
 20
158.0
 10
64.15075034106414
 20
158.0
 10
64.15075034106414
 20
160.2851296043656
 10
64.1486186903138
 20
160.4067402796726
 10
64.14222373806277
 20
160.51918485675307
 10
64.13156548431107
 20
160.6224633356071
 10
64.11664392905868
 20
160.71657571623464
 10
64.09287602319237
 20
160.80354706684855
 10
64.05567871759892
 20
160.88540245566168
 10
64.00505201227833
 20
160.96214188267393
 10
63.94099590723058
 20
161.0337653478854
 10
63.86031292633017
 20
161.0941976466576
 10
63.75980559345159
 20
161.13736357435198
 10
63.63947390859484
 20
161.16326313096863
 10
63.49931787175991
 20
161.1718963165075
 10
63.324735675306975
 20
161.156122100955
 10
63.16251705320602
 20
161.1087994542974
 10
63.012662005457045
 20
161.0299283765348
 10
62.87517053206005
 20
160.91950886766713
 10
62.760274556616665
 20
160.7737039563438
 10
62.67820600272853
 20
160.5886766712142
 10
62.628964870395656
 20
160.3644270122783
 10
62.61255115961803
 20
160.10095497953614
 10
62.61255115961803
 20
158.0
 10
61.9986357435198
 20
158.0
 10
61.9986357435198
 20
160.35334242837652
 10
61.98829723738064
 20
160.57013130968622
 10
61.95728171896318
 20
160.74982946793997
 10
61.90558918826741
 20
160.8924369031378
 10
61.83321964529333
 20
160.99795361527967
 10
61.74187841064122
 20
161.07405354706685
 10
61.63327080491134
 20
161.12841064120056
 10
61.5073968281037
 20
161.16102489768076
 10
61.3642564802183
 20
161.1718963165075
 10
61.17528564120057
 20
161.15484311050477
 10
61.00400750341066
 20
161.1036834924966
 10
60.85042206684859
 20
161.01841746248294
 10
60.71452933151434
 20
160.89904502046386
 10
60.60336374488406
 20
160.73298942701228
 10
60.523959754433854
 20
160.50767394270125
 10
60.476317360163726
 20
160.2230985675307
 10
60.46043656207369
 20
159.87926330150069
 10
60.46043656207369
 20
158.0
 10
59.84652114597546
 20
158.0
 10
59.84652114597546
 20
161.61869031377898
 10
60.399045020463866
 20
161.61869031377898
 10
60.399045020463866
 20
161.11391541609822
 10
60.41268758526605
 20
161.11391541609822
 10
60.510157315825396
 20
161.25140688949523
 10
60.61839188267396
 20
161.3705661664393
 10
60.73739128581175
 20
161.4713932469304
 10
60.867155525238765
 20
161.55388813096863
 10
61.007684600954995
 20
161.61805081855388
 10
61.15897851296045
 20
161.66388130968622
 10
61.321037261255135
 20
161.6913796043656
 10
61.49386084583904
 20
161.70054570259208
 10
61.684537005457045
 20
161.690633526603
 10
61.85752046384722
 20
161.66089699863574
 10
62.012811221009564
 20
161.6113361186903
 10
62.15040927694408
 20
161.5419508867667
 10
62.27031463165076
 20
161.45274130286492
 10
62.37252728512962
 20
161.343707366985
 10
62.45704723738064
 20
161.21484907912688
 10
62.523874488403834
 20
161.06616643929058
 10
62.62933790927696
 20
161.21484907912688
 10
62.74450034106414
 20
161.343707366985
 10
62.86936178376536
 20
161.45274130286492
 10
63.00392223738064
 20
161.5419508867667
 10
63.14818170190998
 20
161.6113361186903
 10
63.30214017735336
 20
161.66089699863574
 10
63.465797663710795
 20
161.690633526603
 10
63.63915416098228
 20
161.70054570259208
 10
63.90294594133699
 20
161.68157401091403
 10
64.13156548431107
 20
161.62465893587995
 10
64.32501278990452
 20
161.52980047748977
 10
64.48328785811735
 20
161.39699863574353
 10
64.60639068894955
 20
161.2262534106412
 10
64.6943212824011
 20
161.01756480218282
 10
64.74707963847204
 20
160.77093281036835
 10
64.76466575716236
 20
160.48635743519782
 10
64.76466575716236
 20
158.0
  0
LWPOLYLINE
  5
D2
330
17
100
AcDbEntity
  8
TEXT
100
AcDbPolyline
 90
81
 70
0
 10
70.58321964529333
 20
158.0
 10
69.9693042291951
 20
158.0
 10
69.9693042291951
 20
160.2851296043656
 10
69.96717257844476
 20
160.4067402796726
 10
69.96077762619373
 20
160.51918485675307
 10
69.95011937244203
 20
160.6224633356071
 10
69.93519781718965
 20
160.71657571623464
 10
69.91142991132334
 20
160.80354706684855
 10
69.87423260572989
 20
160.88540245566168
 10
69.82360590040929
 20
160.96214188267393
 10
69.75954979536154
 20
161.0337653478854
 10
69.67886681446113
 20
161.0941976466576
 10
69.57835948158255
 20
161.13736357435198
 10
69.4580277967258
 20
161.16326313096863
 10
69.31787175989088
 20
161.1718963165075
 10
69.14328956343795
 20
161.156122100955
 10
68.98107094133698
 20
161.1087994542974
 10
68.831215893588
 20
161.0299283765348
 10
68.693724420191
 20
160.91950886766713
 10
68.57882844474761
 20
160.7737039563438
 10
68.4967598908595
 20
160.5886766712142
 10
68.44751875852661
 20
160.3644270122783
 10
68.43110504774899
 20
160.10095497953614
 10
68.43110504774899
 20
158.0
 10
67.81718963165076
 20
158.0
 10
67.81718963165076
 20
160.35334242837652
 10
67.80685112551161
 20
160.57013130968622
 10
67.77583560709414
 20
160.74982946793997
 10
67.72414307639838
 20
160.8924369031378
 10
67.65177353342429
 20
160.99795361527967
 10
67.56043229877218
 20
161.07405354706685
 10
67.45182469304231
 20
161.12841064120056
 10
67.32595071623467
 20
161.16102489768076
 10
67.18281036834927
 20
161.1718963165075
 10
66.99383952933152
 20
161.15484311050477
 10
66.82256139154163
 20
161.1036834924966
 10
66.66897595497954
 20
161.01841746248294
 10
66.5330832196453
 20
160.89904502046386
 10
66.42191763301501
 20
160.73298942701228
 10
66.34251364256481
 20
160.50767394270125
 10
66.29487124829468
 20
160.2230985675307
 10
66.27899045020465
 20
159.87926330150069
 10
66.27899045020465
 20
158.0
 10
65.66507503410642
 20
158.0
 10
65.66507503410642
 20
161.61869031377898
 10
66.21759890859482
 20
161.61869031377898
 10
66.21759890859482
 20
161.11391541609822
 10
66.231241473397
 20
161.11391541609822
 10
66.32871120395636
 20
161.25140688949523
 10
66.43694577080493
 20
161.3705661664393
 10
66.55594517394272
 20
161.4713932469304
 10
66.68570941336972
 20
161.55388813096863
 10
66.82623848908597
 20
161.61805081855388
 10
66.97753240109142
 20
161.66388130968622
 10
67.1395911493861
 20
161.6913796043656
 10
67.31241473397
 20
161.70054570259208
 10
67.50309089358801
 20
161.690633526603
 10
67.67607435197819
 20
161.66089699863574
 10
67.83136510914053
 20
161.6113361186903
 10
67.96896316507505
 20
161.5419508867667
 10
68.08886851978173
 20
161.45274130286492
 10
68.19108117326059
 20
161.343707366985
 10
68.2756011255116
 20
161.21484907912688
 10
68.3424283765348
 20
161.06616643929058
 10
68.44789179740792
 20
161.21484907912688
 10
68.5630542291951
 20
161.343707366985
 10
68.68791567189632
 20
161.45274130286492
 10
68.8224761255116
 20
161.5419508867667
 10
68.96673559004094
 20
161.6113361186903
 10
69.12069406548433
 20
161.66089699863574
 10
69.28435155184177
 20
161.690633526603
 10
69.45770804911325
 20
161.70054570259208
 10
69.72149982946796
 20
161.68157401091403
 10
69.95011937244203
 20
161.62465893587995
 10
70.14356667803548
 20
161.52980047748977
 10
70.30184174624831
 20
161.39699863574353
 10
70.42494457708051
 20
161.2262534106412
 10
70.51287517053207
 20
161.01756480218282
 10
70.56563352660301
 20
160.77093281036835
 10
70.58321964529333
 20
160.48635743519782
 10
70.58321964529333
 20
158.0
  0
LWPOLYLINE
  5
D4
330
17
100
AcDbEntity
  8
TEXT
100
AcDbPolyline
 90
11
 70
0
 10
3.9324693042291954
 20
153.40654843110505
 10
1.2210095497953615
 20
153.40654843110505
 10
1.2210095497953615
 20
151.8581173260573
 10
3.5709413369713507
 20
151.8581173260573
 10
3.5709413369713507
 20
151.26466575716233
 10
1.2210095497953615
 20
151.26466575716233
 10
1.2210095497953615
 20
149.0
 10
0.5593451568894953
 20
149.0
 10
0.5593451568894953
 20
154.0
 10
3.9324693042291954
 20
154.0
 10
3.9324693042291954
 20
153.40654843110505
  0
LWPOLYLINE
  5
D5
330
17
100
AcDbEntity
  8
TEXT
100
AcDbPolyline
 90
7
 70
0
 10
7.919508867667121
 20
149.0
 10
4.7919508867667115
 20
149.0
 10
4.7919508867667115
 20
154.0
 10
5.4536152796725785
 20
154.0
 10
5.4536152796725785
 20
149.59345156889495
 10
7.919508867667121
 20
149.59345156889495
 10
7.919508867667121
 20
149.0
  0
LWPOLYLINE
  5
D6
330
17
100
AcDbEntity
  8
TEXT
100
AcDbPolyline
 90
9
 70
0
 10
12.81718963165075
 20
149.0
 10
12.07025920873124
 20
149.0
 10
11.483628922237381
 20
150.52114597544337
 10
9.39631650750341
 20
150.52114597544337
 10
8.843792633015006
 20
149.0
 10
8.144611186903138
 20
149.0
 10
10.064802182810368
 20
154.0
 10
10.77762619372442
 20
154.0
 10
12.81718963165075
 20
149.0
  0
LWPOLYLINE
  5
D7
330
17
100
AcDbEntity
  8
TEXT
100
AcDbPolyline
 90
20
 70
0
 10
11.282401091405184
 20
151.0463847203274
 10
11.137288966575715
 20
151.43032166609822
 10
11.008910300136426
 20
151.77039989768076
 10
10.897265092087313
 20
152.06661941507502
 10
10.802353342428376
 20
152.31898021828104
 10
10.724175051159618
 20
152.52748230729878
 10
10.662730218281038
 20
152.69212568212825
 10
10.618018843792633
 20
152.81291034276944
 10
10.590040927694407
 20
152.8898362892224
 10
10.54975272851296
 20
153.00910214870396
 10
10.507332878581174
 20
153.1469133697135
 10
10.462781377899045
 20
153.30326995225101
 10
10.416098226466575
 20
153.4781718963165
 10
10.399045020463847
 20
153.4781718963165
 10
10.347245907230558
 20
153.23047407912688
 10
10.287346521145976
 20
152.99215552523873
 10
10.219346862210095
 20
152.7632162346521
 10
10.143246930422919
 20
152.54365620736698
 10
9.583901773533425
 20
151.0463847203274
 10
11.282401091405184
 20
151.0463847203274
  0
LWPOLYLINE
  5
D8
330
17
100
AcDbEntity
  8
TEXT
100
AcDbPolyline
 90
9
 70
0
 10
16.923601637107776
 20
153.40654843110505
 10
15.26944065484311
 20
153.40654843110505
 10
15.26944065484311
 20
149.0
 10
14.604365620736699
 20
149.0
 10
14.604365620736699
 20
153.40654843110505
 10
12.963847203274216
 20
153.40654843110505
 10
12.963847203274216
 20
154.0
 10
16.923601637107776
 20
154.0
 10
16.923601637107776
 20
153.40654843110505
  0
LWPOLYLINE
  5
D9
330
17
100
AcDbEntity
  8
TEXT
100
AcDbPolyline
 90
107
 70
0
 10
22.52387448840382
 20
152.53342428376536
 10
22.48699693042292
 20
152.75735419508868
 10
22.417291950886767
 20
152.9516541609823
 10
22.31475954979536
 20
153.11632418144612
 10
22.179399727148702
 20
153.25136425648023
 10
22.011212482946792
 20
153.35656122100954
 10
21.810197817189632
 20
153.43170190995906
 10
21.576355729877218
 20
153.47678632332878
 10
21.30968622100955
 20
153.49181446111868
 10
21.065825375170533
 20
153.47987721691678
 10
20.845839017735333
 20
153.44406548431104
 10
20.649727148703953
 20
153.3843792633015
 10
20.477489768076396
 20
153.30081855388812
 10
20.337227148703953
 20
153.1944491814461
 10
20.237039563437925
 20
153.0663369713506
 10
20.176927012278306
 20
152.91648192360162
 10
20.1568894952251
 20
152.7448840381992
 10
20.172343963165073
 20
152.5932170873124
 10
20.218707366984994
 20
152.46222714870396
 10
20.295979706684854
 20
152.3519142223738
 10
20.404160982264663
 20
152.26227830832195
 10
20.556041098226466
 20
152.1830874829468
 10
20.764409959072303
 20
152.10410982264665
 10
21.029267564802183
 20
152.02534532742158
 10
21.350613915416098
 20
151.9467939972715
 10
21.64670020463847
 20
151.8781548431105
 10
21.914222373806275
 20
151.8086630286494
 10
22.153180422919508
 20
151.73831855388815
 10
22.36357435197817
 20
151.66712141882675
 10
22.552651773533423
 20
151.5855857776262
 10
22.727660300136424
 20
151.4842257844475
 10
22.888599931787173
 20
151.3630414392906
 10
23.035470668485672
 20
151.22203274215553
 10
23.15782742155525
 20
151.05821538199183
 10
23.245225102319235
 20
150.86860504774899
 10
23.297663710777623
 20
150.653201739427
 10
23.315143246930422
 20
150.4120054570259
 10
23.28306190313779
 20
150.10334242837652
 10
23.18681787175989
 20
149.82196452933152
 10
23.026411152796726
 20
149.56787175989086
 10
22.801841746248293
 20
149.34106412005457
 10
22.52568639154161
 20
149.15454467939972
 10
22.21052182810368
 20
149.0213165075034
 10
21.856348055934514
 20
148.9413796043656
 10
21.463165075034105
 20
148.91473396998634
 10
21.2079798345839
 20
148.92208816507502
 10
20.9693681787176
 20
148.94415075034107
 10
20.747330107435197
 20
148.98092172578444
 10
20.541865620736697
 20
149.03240109140518
 10
20.3529747186221
 20
149.09858884720327
 10
20.180657401091402
 20
149.17948499317873
 10
20.02491366814461
 20
149.27508952933152
 10
19.885743519781716
 20
149.38540245566168
 10
19.65477916098226
 20
149.63821623465213
 10
19.485419508867665
 20
149.92598908594817
 10
19.377664563437925
 20
150.2487210095498
 10
19.33151432469304
 20
150.60641200545703
 10
19.959072305593452
 20
150.66098226466576
 10
20.00468963165075
 20
150.3812031036835
 10
20.097203274215552
 20
150.14213847203274
 10
20.236613233287855
 20
149.9437883697135
 10
20.422919508867665
 20
149.7861527967258
 10
20.643545361527966
 20
149.66603427694406
 10
20.885914051841745
 20
149.58023533424284
 10
21.150025579809004
 20
149.5287559686221
 10
21.43587994542974
 20
149.51159618008185
 10
21.700524386084584
 20
149.52587824010914
 10
21.93852319236016
 20
149.568724420191
 10
22.149876364256478
 20
149.64013472032744
 10
22.33458390177353
 20
149.74010914051843
 10
22.484545532060025
 20
149.86459754433835
 10
22.591660982264663
 20
150.00954979536152
 10
22.65593025238745
 20
150.174965893588
 10
22.677353342428376
 20
150.36084583901774
 10
22.654971009549794
 20
150.55162858117328
 10
22.58782401091405
 20
150.71469986357437
 10
22.475912346521145
 20
150.85005968622102
 10
22.319236016371075
 20
150.95770804911322
 10
22.109801330150066
 20
151.05118093451568
 10
21.839614597544337
 20
151.14401432469305
 10
21.508675818553886
 20
151.23620821964528
 10
21.116984993178715
 20
151.32776261937244
 10
20.724441507503407
 20
151.42826995225101
 10
20.39094474761255
 20
151.54732264665756
 10
20.116494713506135
 20
151.68492070259208
 10
19.90109140518417
 20
151.84106412005457
 10
19.73844645293315
 20
152.01884379263302
 10
19.622271487039562
 20
152.22135061391543
 10
19.55256650750341
 20
152.44858458390178
 10
19.529331514324692
 20
152.70054570259208
 10
19.5587482946794
 20
152.98767905866302
 10
19.64699863574352
 20
153.2488062755798
 10
19.794082537517053
 20
153.48392735334244
 10
20.0
 20
153.6930422919509
 10
20.256650750341063
 20
153.86464017735335
 10
20.555934515688946
 20
153.98721009549797
 10
20.897851296043655
 20
154.06075204638472
 10
21.282401091405184
 20
154.08526603001366
 10
21.678142053206003
 20
154.06085862892226
 10
22.033168485675304
 20
153.98763642564802
 10
22.347480388813096
 20
153.86559942019102
 10
22.62107776261937
 20
153.69474761255117
 10
22.84458134379263
 20
153.47891797407914
 10
23.008611869031377
 20
153.2219474761255
 10
23.113169338335606
 20
152.9238361186903
 10
23.15825375170532
 20
152.58458390177353
 10
22.52387448840382
 20
152.53342428376536
  0
LWPOLYLINE
  5
DA
330
17
100
AcDbEntity
  8
TEXT
100
AcDbPolyline
 90
5
 70
0
 10
24.98294679399727
 20
149.0
 10
24.31787175989086
 20
149.0
 10
24.31787175989086
 20
154.0
 10
24.98294679399727
 20
154.0
 10
24.98294679399727
 20
149.0
  0
LWPOLYLINE
  5
DB
330
17
100
AcDbEntity
  8
TEXT
100
AcDbPolyline
 90
20
 70
0
 10
29.696452933151434
 20
149.0
 10
25.743519781718962
 20
149.0
 10
25.743519781718962
 20
149.62073669849931
 10
28.304911323328785
 20
152.8130968622101
 10
28.316209072305593
 20
152.83089614597543
 10
28.350102319236015
 20
152.87406207366985
 10
28.406591064120054
 20
152.9425946452933
 10
28.48567530695771
 20
153.03649386084584
 10
28.574565143246932
 20
153.13955917462482
 10
28.660470668485676
 20
153.2355900409277
 10
28.743391882673944
 20
153.32458645975444
 10
28.823328785811732
 20
153.40654843110505
 10
26.030013642564803
 20
153.40654843110505
 10
26.030013642564803
 20
154.0
 10
29.61118690313779
 20
154.0
 10
29.61118690313779
 20
153.40654843110505
 10
26.804229195088677
 20
149.95156889495226
 10
26.504092769440653
 20
149.59345156889495
 10
29.696452933151434
 20
149.59345156889495
 10
29.696452933151434
 20
149.0
  0
LWPOLYLINE
  5
DC
330
17
100
AcDbEntity
  8
TEXT
100
AcDbPolyline
 90
13
 70
0
 10
34.1712141882674
 20
149.0
 10
30.43656207366985
 20
149.0
 10
30.43656207366985
 20
154.0
 10
34.05525238744884
 20
154.0
 10
34.05525238744884
 20
153.40654843110505
 10
31.098226466575717
 20
153.40654843110505
 10
31.098226466575717
 20
151.87858117326059
 10
33.86425648021828
 20
151.87858117326059
 10
33.86425648021828
 20
151.2851296043656
 10
31.098226466575717
 20
151.2851296043656
 10
31.098226466575717
 20
149.59345156889495
 10
34.1712141882674
 20
149.59345156889495
 10
34.1712141882674
 20
149.0
  0
LWPOLYLINE
  5
DD
330
17
100
AcDbEntity
  8
TEXT
100
AcDbPolyline
 90
5
 70
0
 10
35.869713506139156
 20
151.91950886766713
 10
35.170532060027284
 20
151.91950886766713
 10
35.170532060027284
 20
152.61869031377898
 10
35.869713506139156
 20
152.61869031377898
 10
35.869713506139156
 20
151.91950886766713
  0
LWPOLYLINE
  5
DE
330
17
100
AcDbEntity
  8
TEXT
100
AcDbPolyline
 90
5
 70
0
 10
35.869713506139156
 20
149.0
 10
35.170532060027284
 20
149.0
 10
35.170532060027284
 20
149.69918144611188
 10
35.869713506139156
 20
149.69918144611188
 10
35.869713506139156
 20
149.0
  0
LWPOLYLINE
  5
DF
330
17
100
AcDbEntity
  8
TEXT
100
AcDbPolyline
 90
18
 70
0
 10
41.04365620736699
 20
149.0
 10
40.42974079126877
 20
149.0
 10
40.42974079126877
 20
152.9120054570259
 10
40.18012448840383
 20
152.7020378581173
 10
39.891712141882685
 20
152.5086971350614
 10
39.56450375170533
 20
152.33198328785812
 10
39.19849931787177
 20
152.1718963165075
 10
39.19849931787177
 20
152.76534788540246
 10
39.45312500000001
 20
152.89617795020465
 10
39.686647339699874
 20
153.03457537517053
 10
39.89906633697136
 20
153.18054016030013
 10
40.09038199181447
 20
153.33407230559345
 10
40.2605943042292
 20
153.49517181105045
 10
40.40970327421556
 20
153.6638386766712
 10
40.53770890177354
 20
153.84007290245566
 10
40.64461118690315
 20
154.0238744884038
 10
41.04365620736699
 20
154.0238744884038
 10
41.04365620736699
 20
149.0
  0
LWPOLYLINE
  5
E0
330
17
100
AcDbEntity
  8
TEXT
100
AcDbPolyline
 90
67
 70
0
 10
44.95566166439291
 20
151.70463847203274
 10
45.175488148021834
 20
151.6189994031378
 10
45.36600443383357
 20
151.51215040927696
 10
45.52721052182811
 20
151.3840914904502
 10
45.659106412005464
 20
151.23482264665756
 10
45.76169210436563
 20
151.06434387789903
 10
45.834967598908605
 20
150.87265518417462
 10
45.878932895634385
 20
150.65975656548432
 10
45.89358799454298
 20
150.4256480218281
 10
45.864810709413376
 20
150.11655866302866
 10
45.77847885402457
 20
149.83390177353343
 10
45.63459242837654
 20
149.57767735334244
 10
45.433151432469316
 20
149.34788540245566
 10
45.186519440654855
 20
149.15838165075033
 10
44.90706002728514
 20
149.02302182810368
 10
44.59477319236017
 20
148.94180593451568
 10
44.24965893587996
 20
148.91473396998634
 10
43.90166695088678
 20
148.9420190995907
 10
43.587568212824024
 20
149.0238744884038
 10
43.30736272169169
 20
149.16030013642566
 10
43.06105047748978
 20
149.35129604365622
 10
42.860355559345166
 20
149.58343281036835
 10
42.71700204638473
 20
149.84328103683492
 10
42.630989938608465
 20
150.13084072305594
 10
42.60231923601638
 20
150.44611186903137
 10
42.618413199181454
 20
150.6756906548431
 10
42.666695088676676
 20
150.89034788540246
 10
42.74716490450205
 20
151.09008356070942
 10
42.85982264665758
 20
151.27489768076398
 10
42.99976551841747
 20
151.43477148703957
 10
43.16209072305594
 20
151.55968622100954
 10
43.346798260572996
 20
151.64964188267393
 10
43.55388813096863
 20
151.70463847203274
 10
43.55388813096863
 20
151.71828103683492
 10
43.37802694406549
 20
151.7848418315143
 10
43.225613915416105
 20
151.86856241473396
 10
43.09664904502047
 20
151.96944278649386
 10
42.991132332878585
 20
152.087482946794
 10
42.90906377899046
 20
152.2226828956344
 10
42.85044338335608
 20
152.375042633015
 10
42.81527114597545
 20
152.5445621589359
 10
42.80354706684857
 20
152.731241473397
 10
42.82827421555253
 20
152.99609907912688
 10
42.9024556616644
 20
153.23814802182812
 10
43.02609140518418
 20
153.45738830150069
 10
43.19918144611188
 20
153.65381991814462
 10
43.412346521145984
 20
153.81571879263302
 10
43.656207366985
 20
153.931360845839
 10
43.930763983628935
 20
154.0007460777626
 10
44.236016371077774
 20
154.0238744884038
 10
44.54606497271488
 20
154.0
 10
44.824778308321974
 20
153.92837653478853
 10
45.07215637789905
 20
153.80900409276944
 10
45.28819918144612
 20
153.6418826739427
 10
45.46352745566167
 20
153.44086800818553
 10
45.588761937244215
 20
153.21981582537518
 10
45.66390262619373
 20
152.9787261255116
 10
45.68894952251024
 20
152.71759890859482
 10
45.67749189972716
 20
152.5408317701228
 10
45.64311903137791
 20
152.37887960436564
 10
45.585830917462495
 20
152.23174241132332
 10
45.50562755798091
 20
152.09942019099591
 10
45.40250895293316
 20
151.98191294338335
 10
45.276475102319246
 20
151.8792206684857
 10
45.12752600613916
 20
151.79134336630287
 10
44.95566166439291
 20
151.71828103683492
 10
44.95566166439291
 20
151.70463847203274
  0
LWPOLYLINE
  5
E1
330
17
100
AcDbEntity
  8
TEXT
100
AcDbPolyline
 90
33
 70
0
 10
44.24965893587996
 20
151.9467939972715
 10
44.4149684515689
 20
151.9605431446112
 10
44.566422237380635
 20
152.0017905866303
 10
44.70402029331515
 20
152.07053632332878
 10
44.82776261937245
 20
152.16678035470667
 10
44.9299752728513
 20
152.2837013983629
 10
45.00298431105048
 20
152.41447817189632
 10
45.046789733969995
 20
152.55911067530695
 10
45.06139154160983
 20
152.71759890859482
 10
45.046576568894956
 20
152.87981753069576
 10
45.00213165075035
 20
153.02881991814462
 10
44.928056787176
 20
153.16460607094132
 10
44.824351978171904
 20
153.28717598908594
 10
44.699117496589366
 20
153.38864256480218
 10
44.560453615279684
 20
153.46111869031375
 10
44.40836033424285
 20
153.50460436562074
 10
44.242837653478865
 20
153.51909959072304
 10
44.07486357435199
 20
153.50481753069576
 10
43.922237380627564
 20
153.4619713506139
 10
43.784959072305604
 20
153.3905610504775
 10
43.66302864938609
 20
153.2905866302865
 10
43.563054229195096
 20
153.17121418826738
 10
43.49164392905867
 20
153.04160982264665
 10
43.448797748976816
 20
152.9017735334243
 10
43.43451568894953
 20
152.75170532060028
 10
43.449224079126886
 20
152.5755243860846
 10
43.49334924965895
 20
152.418741473397
 10
43.56689120054571
 20
152.2813565825375
 10
43.66984993178718
 20
152.16336971350614
 10
43.7943383356071
 20
152.06861783765348
 10
43.9324693042292
 20
152.00093792633015
 10
44.08424283765349
 20
151.96032997953617
 10
44.24965893587996
 20
151.9467939972715
  0
LWPOLYLINE
  5
E2
330
17
100
AcDbEntity
  8
TEXT
100
AcDbPolyline
 90
33
 70
0
 10
44.24965893587996
 20
149.41950886766713
 10
44.45728171896317
 20
149.43698840381992
 10
44.64699863574353
 20
149.48942701227833
 10
44.818809686221016
 20
149.5768246930423
 10
44.97271487039564
 20
149.69918144611188
 10
45.09954809004093
 20
149.8494628240109
 10
45.19014324693043
 20
150.0206343792633
 10
45.244500341064125
 20
150.21269611186904
 10
45.262619372442025
 20
150.4256480218281
 10
45.24396742837654
 20
150.63902626193723
 10
45.18801159618009
 20
150.83236698499317
 10
45.094751875852666
 20
151.00567019099591
 10
44.96418826739428
 20
151.15893587994543
 10
44.806765859481594
 20
151.28427694406548
 10
44.632929740791276
 20
151.3738062755798
 10
44.44267991132334
 20
151.4275238744884
 10
44.236016371077774
 20
151.44542974079127
 10
44.0230644611187
 20
151.4269909618008
 10
43.83100272851297
 20
151.37167462482947
 10
43.65983117326058
 20
151.2794807298772
 10
43.509549795361536
 20
151.15040927694406
 10
43.38719304229196
 20
150.99533168485675
 10
43.29979536152798
 20
150.825119372442
 10
43.24735675306959
 20
150.63977233969985
 10
43.22987721691679
 20
150.43929058663028
 10
43.24788966575717
 20
150.23145463847203
 10
43.30192701227832
 20
150.04109822646657
 10
43.39198925648023
 20
149.86822135061394
 10
43.5180763983629
 20
149.71282401091406
 10
43.67187500000001
 20
149.58449863574353
 10
43.845071623465216
 20
149.49283765347886
 10
44.037666268758535
 20
149.43784106412008
 10
44.24965893587996
 20
149.41950886766713
  0
LWPOLYLINE
  5
E3
330
17
100
AcDbEntity
  8
TEXT
100
AcDbPolyline
 90
65
 70
0
 10
48.13437926330151
 20
154.0238744884038
 10
48.331796768417476
 20
154.01388237551157
 10
48.51647766030015
 20
153.98390603683492
 10
48.68842193894953
 20
153.93394547237378
 10
48.84762960436563
 20
153.86400068212822
 10
48.99410065654844
 20
153.77407166609822
 10
49.127835095497964
 20
153.66415842428376
 10
49.248832921214195
 20
153.53426095668485
 10
49.357094133697146
 20
153.3843792633015
 10
49.4526187329468
 20
153.21451334413368
 10
49.53540671896317
 20
153.02466319918145
 10
49.60545809174626
 20
152.81482882844475
 10
49.662772851296054
 20
152.5850102319236
 10
49.70735099761256
 20
152.335207409618
 10
49.73919253069578
 20
152.06542036152797
 10
49.75829745054571
 20
151.77564908765348
 10
49.764665757162355
 20
151.46589358799454
 10
49.75808428547068
 20
151.15310048601637
 10
49.73833987039564
 20
150.86103768758525
 10
49.70543251193725
 20
150.58970519270122
 10
49.65936221009551
 20
150.33910300136426
 10
49.60012896487041
 20
150.10923111357434
 10
49.52773277626195
 20
149.9000895293315
 10
49.442173644270135
 20
149.71167824863574
 10
49.34345156889496
 20
149.54399727148703
 10
49.232419210436575
 20
149.39651368519782
 10
49.109929229195096
 20
149.26869457708048
 10
48.97598162517054
 20
149.16053994713505
 10
48.8305763983629
 20
149.07204979536152
 10
48.67371354877218
 20
149.00322412175987
 10
48.50539307639837
 20
148.95406292633012
 10
48.325614981241486
 20
148.92456620907228
 10
48.13437926330151
 20
148.91473396998634
 10
47.93737476551843
 20
148.9246994372442
 10
47.75308023533425
 20
148.9545958390177
 10
47.581495672748986
 20
149.00442317530695
 10
47.42262107776263
 20
149.07418144611185
 10
47.27645645037518
 20
149.16387065143246
 10
47.14300179058664
 20
149.27349079126876
 10
47.022257098397006
 20
149.40304186562074
 10
46.91422237380628
 20
149.5525238744884
 10
46.81889761681447
 20
149.72193681787175
 10
46.73628282742156
 20
149.91128069577078
 10
46.666378005627564
 20
150.12055550818553
 10
46.609183151432475
 20
150.34976125511596
 10
46.564698264836295
 20
150.59889793656208
 10
46.53292334583902
 20
150.86796555252388
 10
46.51385839444066
 20
151.15696410300137
 10
46.507503410641206
 20
151.46589358799454
 10
46.51408488233288
 20
151.77873998124147
 10
46.53382929740792
 20
152.07096265347886
 10
46.56673665586631
 20
152.34256160470667
 10
46.61280695770806
 20
152.59353683492498
 10
46.67204020293316
 20
152.8238883441337
 10
46.74443639154162
 20
153.03361613233287
 10
46.829995523533434
 20
153.2227201995225
 10
46.928717598908605
 20
153.3912005457026
 10
47.03969666609824
 20
153.5394835010232
 10
47.162026773533434
 20
153.66799539563436
 10
47.295707921214195
 20
153.77673622953614
 10
47.44074010914053
 20
153.8657060027285
 10
47.597123337312425
 20
153.93490471521145
 10
47.76485760572989
 20
153.98433236698497
 10
47.94394291439291
 20
154.0139889580491
 10
48.13437926330151
 20
154.0238744884038
  0
LWPOLYLINE
  5
E4
330
17
100
AcDbEntity
  8
TEXT
100
AcDbPolyline
 90
49
 70
0
 10
48.13437926330151
 20
149.41950886766713
 10
48.36651603001365
 20
149.44945856070942
 10
48.56838335607095
 20
149.5393076398363
 10
48.7399812414734
 20
149.68905610504774
 10
48.881309686221016
 20
149.89870395634378
 10
48.94046299454298
 20
150.02801521998634
 10
48.99172919508868
 20
150.1763514665757
 10
49.03510828785812
 20
150.34371269611185
 10
49.0706002728513
 20
150.53009890859482
 10
49.09820515006822
 20
150.73551010402454
 10
49.11792291950887
 20
150.9599462824011
 10
49.12975358117327
 20
151.20340744372442
 10
49.1336971350614
 20
151.46589358799454
 10
49.126769270122786
 20
151.8243306616644
 10
49.10598567530696
 20
152.1424795361528
 10
49.07134635061392
 20
152.42034021145975
 10
49.02285129604366
 20
152.65791268758525
 10
48.96039392905867
 20
152.86148533424284
 10
48.88386766712142
 20
153.037346521146
 10
48.79327251023193
 20
153.1854962482947
 10
48.688608458390185
 20
153.30593451568896
 10
48.56976892905867
 20
153.39919423601637
 10
48.436647339699874
 20
153.46580832196452
 10
48.28924369031379
 20
153.50577677353343
 10
48.12755798090042
 20
153.51909959072304
 10
47.89563437926331
 20
153.48861698499317
 10
47.69440654843111
 20
153.39716916780355
 10
47.52387448840383
 20
153.24475613915416
 10
47.384038199181454
 20
153.03137789904503
 10
47.32568425989087
 20
152.90022808663028
 10
47.27511084583902
 20
152.7506394952251
 10
47.23231795702593
 20
152.58261212482947
 10
47.197305593451574
 20
152.39614597544337
 10
47.17007375511597
 20
152.19124104706685
 10
47.150622442019106
 20
151.96789733969987
 10
47.13895165416099
 20
151.72611485334244
 10
47.13506139154162
 20
151.46589358799454
 10
47.14209583901774
 20
151.1118263983629
 10
47.16319918144612
 20
150.79655525238744
 10
47.198371418826746
 20
150.5200801500682
 10
47.24761255115963
 20
150.28240109140518
 10
47.31070941336972
 20
150.07808236698497
 10
47.387448840382
 20
149.90168826739426
 10
47.47783083219646
 20
149.753218792633
 10
47.5818553888131
 20
149.63267394270122
 10
47.69952251023193
 20
149.5394142223738
 10
47.83083219645294
 20
149.47280013642566
 10
47.97578444747614
 20
149.43283168485675
 10
48.13437926330151
 20
149.41950886766713
  0
LWPOLYLINE
  5
E5
330
17
100
AcDbEntity
  8
TEXT
100
AcDbPolyline
 90
5
 70
0
 10
51.398362892223744
 20
149.0
 10
50.69918144611188
 20
149.0
 10
50.69918144611188
 20
149.69918144611188
 10
51.398362892223744
 20
149.69918144611188
 10
51.398362892223744
 20
149.0
  0
LWPOLYLINE
  5
E6
330
17
100
AcDbEntity
  8
TEXT
100
AcDbPolyline
 90
65
 70
0
 10
53.959754433833574
 20
154.0238744884038
 10
54.15717193894954
 20
154.01388237551157
 10
54.34185283083221
 20
153.98390603683492
 10
54.513797109481594
 20
153.93394547237378
 10
54.67300477489769
 20
153.86400068212822
 10
54.8194758270805
 20
153.77407166609822
 10
54.95321026603003
 20
153.66415842428376
 10
55.07420809174626
 20
153.53426095668485
 10
55.18246930422921
 20
153.3843792633015
 10
55.277993903478865
 20
153.21451334413368
 10
55.360781889495236
 20
153.02466319918145
 10
55.43083326227832
 20
152.81482882844475
 10
55.48814802182812
 20
152.5850102319236
 10
55.53272616814462
 20
152.335207409618
 10
55.564567701227844
 20
152.06542036152797
 10
55.583672621077774
 20
151.77564908765348
 10
55.59004092769442
 20
151.46589358799454
 10
55.58345945600274
 20
151.15310048601637
 10
55.563715040927704
 20
150.86103768758525
 10
55.530807682469316
 20
150.58970519270122
 10
55.48473738062757
 20
150.33910300136426
 10
55.42550413540247
 20
150.10923111357434
 10
55.35310794679401
 20
149.9000895293315
 10
55.2675488148022
 20
149.71167824863574
 10
55.168826739427026
 20
149.54399727148703
 10
55.05779438096864
 20
149.39651368519782
 10
54.93530439972716
 20
149.26869457708048
 10
54.8013567957026
 20
149.16053994713505
 10
54.65595156889496
 20
149.07204979536152
 10
54.49908871930424
 20
149.00322412175987
 10
54.33076824693043
 20
148.95406292633012
 10
54.15099015177355
 20
148.92456620907228
 10
53.959754433833574
 20
148.91473396998634
 10
53.76274993605049
 20
148.9246994372442
 10
53.578455405866315
 20
148.9545958390177
 10
53.40687084328105
 20
149.00442317530695
 10
53.24799624829469
 20
149.07418144611185
 10
53.10183162090724
 20
149.16387065143246
 10
52.9683769611187
 20
149.27349079126876
 10
52.84763226892907
 20
149.40304186562074
 10
52.739597544338345
 20
149.5525238744884
 10
52.64427278734653
 20
149.72193681787175
 10
52.561657997953624
 20
149.91128069577078
 10
52.49175317615963
 20
150.12055550818553
 10
52.43455832196454
 20
150.34976125511596
 10
52.39007343536836
 20
150.59889793656208
 10
52.358298516371086
 20
150.86796555252388
 10
52.33923356497272
 20
151.15696410300137
 10
52.33287858117327
 20
151.46589358799454
 10
52.33946005286494
 20
151.77873998124147
 10
52.35920446793998
 20
152.07096265347886
 10
52.39211182639837
 20
152.34256160470667
 10
52.438182128240115
 20
152.59353683492498
 10
52.49741537346522
 20
152.8238883441337
 10
52.56981156207368
 20
153.03361613233287
 10
52.655370694065496
 20
153.2227201995225
 10
52.75409276944067
 20
153.3912005457026
 10
52.8650718366303
 20
153.5394835010232
 10
52.987401944065496
 20
153.66799539563436
 10
53.12108309174626
 20
153.77673622953614
 10
53.26611527967259
 20
153.8657060027285
 10
53.42249850784449
 20
153.93490471521145
 10
53.59023277626195
 20
153.98433236698497
 10
53.769318084924976
 20
154.0139889580491
 10
53.959754433833574
 20
154.0238744884038
  0
LWPOLYLINE
  5
E7
330
17
100
AcDbEntity
  8
TEXT
100
AcDbPolyline
 90
49
 70
0
 10
53.959754433833574
 20
149.41950886766713
 10
54.19189120054571
 20
149.44945856070942
 10
54.39375852660301
 20
149.5393076398363
 10
54.565356412005464
 20
149.68905610504774
 10
54.70668485675308
 20
149.89870395634378
 10
54.765838165075046
 20
150.02801521998634
 10
54.81710436562074
 20
150.1763514665757
 10
54.860483458390185
 20
150.34371269611185
 10
54.895975443383364
 20
150.53009890859482
 10
54.92358032060028
 20
150.73551010402454
 10
54.94329809004093
 20
150.9599462824011
 10
54.95512875170533
 20
151.20340744372442
 10
54.95907230559346
 20
151.46589358799454
 10
54.95214444065485
 20
151.8243306616644
 10
54.93136084583902
 20
152.1424795361528
 10
54.896721521145984
 20
152.42034021145975
 10
54.848226466575724
 20
152.65791268758525
 10
54.78576909959073
 20
152.86148533424284
 10
54.70924283765349
 20
153.037346521146
 10
54.61864768076399
 20
153.1854962482947
 10
54.51398362892225
 20
153.30593451568896
 10
54.39514409959073
 20
153.39919423601637
 10
54.26202251023194
 20
153.46580832196452
 10
54.11461886084585
 20
153.50577677353343
 10
53.95293315143248
 20
153.51909959072304
 10
53.721009549795376
 20
153.48861698499317
 10
53.51978171896317
 20
153.39716916780355
 10
53.34924965893589
 20
153.24475613915416
 10
53.209413369713516
 20
153.03137789904503
 10
53.15105943042293
 20
152.90022808663028
 10
53.100486016371086
 20
152.7506394952251
 10
53.05769312755799
 20
152.58261212482947
 10
53.022680763983644
 20
152.39614597544337
 10
52.995448925648034
 20
152.19124104706685
 10
52.97599761255117
 20
151.96789733969987
 10
52.96432682469305
 20
151.72611485334244
 10
52.96043656207368
 20
151.46589358799454
 10
52.967471009549804
 20
151.1118263983629
 10
52.98857435197819
 20
150.79655525238744
 10
53.02374658935881
 20
150.5200801500682
 10
53.07298772169169
 20
150.28240109140518
 10
53.136084583901784
 20
150.07808236698497
 10
53.21282401091406
 20
149.90168826739426
 10
53.30320600272852
 20
149.753218792633
 10
53.407230559345166
 20
149.63267394270122
 10
53.52489768076399
 20
149.5394142223738
 10
53.656207366985
 20
149.47280013642566
 10
53.8011596180082
 20
149.43283168485675
 10
53.959754433833574
 20
149.41950886766713
  0
LWPOLYLINE
  5
E8
330
17
100
AcDbEntity
  8
TEXT
100
AcDbPolyline
 90
65
 70
0
 10
57.84447476125513
 20
154.0238744884038
 10
58.04189226637109
 20
154.01388237551157
 10
58.226573158253764
 20
153.98390603683492
 10
58.39851743690315
 20
153.93394547237378
 10
58.557725102319246
 20
153.86400068212822
 10
58.70419615450206
 20
153.77407166609822
 10
58.83793059345158
 20
153.66415842428376
 10
58.95892841916781
 20
153.53426095668485
 10
59.06718963165076
 20
153.3843792633015
 10
59.16271423090042
 20
153.21451334413368
 10
59.24550221691679
 20
153.02466319918145
 10
59.315553589699874
 20
152.81482882844475
 10
59.37286834924967
 20
152.5850102319236
 10
59.417446495566175
 20
152.335207409618
 10
59.4492880286494
 20
152.06542036152797
 10
59.46839294849933
 20
151.77564908765348
 10
59.47476125511597
 20
151.46589358799454
 10
59.4681797834243
 20
151.15310048601637
 10
59.44843536834926
 20
150.86103768758525
 10
59.41552800989087
 20
150.58970519270122
 10
59.369457708049126
 20
150.33910300136426
 10
59.310224462824024
 20
150.10923111357434
 10
59.237828274215566
 20
149.9000895293315
 10
59.15226914222375
 20
149.71167824863574
 10
59.05354706684858
 20
149.54399727148703
 10
58.94251470839019
 20
149.39651368519782
 10
58.82002472714871
 20
149.26869457708048
 10
58.68607712312416
 20
149.16053994713505
 10
58.54067189631652
 20
149.07204979536152
 10
58.383809046725794
 20
149.00322412175987
 10
58.21548857435199
 20
148.95406292633012
 10
58.0357104791951
 20
148.92456620907228
 10
57.84447476125513
 20
148.91473396998634
 10
57.647470263472044
 20
148.9246994372442
 10
57.46317573328787
 20
148.9545958390177
 10
57.2915911707026
 20
149.00442317530695
 10
57.132716575716245
 20
149.07418144611185
 10
56.986551948328795
 20
149.16387065143246
 10
56.853097288540255
 20
149.27349079126876
 10
56.73235259635062
 20
149.40304186562074
 10
56.6243178717599
 20
149.5525238744884
 10
56.528993114768085
 20
149.72193681787175
 10
56.44637832537518
 20
149.91128069577078
 10
56.37647350358118
 20
150.12055550818553
 10
56.31927864938609
 20
150.34976125511596
 10
56.27479376278991
 20
150.59889793656208
 10
56.24301884379264
 20
150.86796555252388
 10
56.22395389239428
 20
151.15696410300137
 10
56.21759890859482
 20
151.46589358799454
 10
56.2241803802865
 20
151.77873998124147
 10
56.243924795361536
 20
152.07096265347886
 10
56.276832153819925
 20
152.34256160470667
 10
56.322902455661676
 20
152.59353683492498
 10
56.38213570088678
 20
152.8238883441337
 10
56.454531889495236
 20
153.03361613233287
 10
56.54009102148705
 20
153.2227201995225
 10
56.63881309686222
 20
153.3912005457026
 10
56.749792164051854
 20
153.5394835010232
 10
56.87212227148705
 20
153.66799539563436
 10
57.00580341916781
 20
153.77673622953614
 10
57.150835607094145
 20
153.8657060027285
 10
57.30721883526604
 20
153.93490471521145
 10
57.474953103683504
 20
153.98433236698497
 10
57.65403841234653
 20
154.0139889580491
 10
57.84447476125513
 20
154.0238744884038
  0
LWPOLYLINE
  5
E9
330
17
100
AcDbEntity
  8
TEXT
100
AcDbPolyline
 90
49
 70
0
 10
57.84447476125513
 20
149.41950886766713
 10
58.076611527967266
 20
149.44945856070942
 10
58.27847885402457
 20
149.5393076398363
 10
58.45007673942702
 20
149.68905610504774
 10
58.59140518417463
 20
149.89870395634378
 10
58.6505584924966
 20
150.02801521998634
 10
58.7018246930423
 20
150.1763514665757
 10
58.74520378581174
 20
150.34371269611185
 10
58.78069577080492
 20
150.53009890859482
 10
58.808300648021834
 20
150.73551010402454
 10
58.82801841746249
 20
150.9599462824011
 10
58.839849079126886
 20
151.20340744372442
 10
58.84379263301501
 20
151.46589358799454
 10
58.8368647680764
 20
151.8243306616644
 10
58.81608117326058
 20
152.1424795361528
 10
58.78144184856754
 20
152.42034021145975
 10
58.73294679399728
 20
152.65791268758525
 10
58.670489427012285
 20
152.86148533424284
 10
58.59396316507504
 20
153.037346521146
 10
58.50336800818555
 20
153.1854962482947
 10
58.3987039563438
 20
153.30593451568896
 10
58.279864427012285
 20
153.39919423601637
 10
58.14674283765349
 20
153.46580832196452
 10
57.999339188267406
 20
153.50577677353343
 10
57.83765347885404
 20
153.51909959072304
 10
57.60572987721693
 20
153.48861698499317
 10
57.40450204638473
 20
153.39716916780355
 10
57.233969986357444
 20
153.24475613915416
 10
57.09413369713507
 20
153.03137789904503
 10
57.03577975784449
 20
152.90022808663028
 10
56.98520634379264
 20
152.7506394952251
 10
56.942413454979544
 20
152.58261212482947
 10
56.90740109140519
 20
152.39614597544337
 10
56.88016925306959
 20
152.19124104706685
 10
56.86071793997272
 20
151.96789733969987
 10
56.84904715211461
 20
151.72611485334244
 10
56.845156889495236
 20
151.46589358799454
 10
56.85219133697136
 20
151.1118263983629
 10
56.873294679399734
 20
150.79655525238744
 10
56.90846691678036
 20
150.5200801500682
 10
56.95770804911324
 20
150.28240109140518
 10
57.02080491132334
 20
150.07808236698497
 10
57.09754433833562
 20
149.90168826739426
 10
57.18792633015008
 20
149.753218792633
 10
57.29195088676672
 20
149.63267394270122
 10
57.40961800818555
 20
149.5394142223738
 10
57.540927694406555
 20
149.47280013642566
 10
57.685879945429754
 20
149.43283168485675
 10
57.84447476125513
 20
149.41950886766713
  0
LWPOLYLINE
  5
EA
330
17
100
AcDbEntity
  8
TEXT
100
AcDbPolyline
 90
20
 70
0
 10
65.17394270122784
 20
149.0
 10
64.4167803547067
 20
149.0
 10
63.47544338335608
 20
150.4324693042292
 10
62.523874488403834
 20
149.0
 10
61.77694406548432
 20
149.0
 10
63.1036834924966
 20
150.88608458390178
 10
61.88267394270124
 20
152.61869031377898
 10
62.64324693042293
 20
152.61869031377898
 10
62.818575204638485
 20
152.35367283424284
 10
62.97280013642566
 20
152.11967087312414
 10
63.105921725784455
 20
151.91668443042292
 10
63.21793997271488
 20
151.74471350613914
 10
63.30885487721692
 20
151.60375810027284
 10
63.3786664392906
 20
151.493818212824
 10
63.42737465893589
 20
151.4148938437926
 10
63.454979536152806
 20
151.3669849931787
 10
64.3417462482947
 20
152.61869031377898
 10
65.07503410641202
 20
152.61869031377898
 10
63.823328785811746
 20
150.92019099590723
 10
65.17394270122784
 20
149.0
  0
LWPOLYLINE
  5
EB
330
17
100
AcDbEntity
  8
TEXT
100
AcDbPolyline
 90
18
 70
0
 10
69.78171896316509
 20
149.0
 10
69.16780354706687
 20
149.0
 10
69.16780354706687
 20
152.9120054570259
 10
68.91818724420193
 20
152.7020378581173
 10
68.62977489768079
 20
152.5086971350614
 10
68.30256650750343
 20
152.33198328785812
 10
67.93656207366986
 20
152.1718963165075
 10
67.93656207366986
 20
152.76534788540246
 10
68.1911877557981
 20
152.89617795020465
 10
68.42471009549797
 20
153.03457537517053
 10
68.63712909276946
 20
153.18054016030013
 10
68.82844474761256
 20
153.33407230559345
 10
68.9986570600273
 20
153.49517181105045
 10
69.14776603001366
 20
153.6638386766712
 10
69.27577165757164
 20
153.84007290245566
 10
69.38267394270125
 20
154.0238744884038
 10
69.78171896316509
 20
154.0238744884038
 10
69.78171896316509
 20
149.0
  0
LWPOLYLINE
  5
EC
330
17
100
AcDbEntity
  8
TEXT
100
AcDbPolyline
 90
18
 70
0
 10
73.66643929058665
 20
149.0
 10
73.05252387448843
 20
149.0
 10
73.05252387448843
 20
152.9120054570259
 10
72.80290757162349
 20
152.7020378581173
 10
72.51449522510234
 20
152.5086971350614
 10
72.18728683492499
 20
152.33198328785812
 10
71.82128240109142
 20
152.1718963165075
 10
71.82128240109142
 20
152.76534788540246
 10
72.07590808321966
 20
152.89617795020465
 10
72.30943042291953
 20
153.03457537517053
 10
72.52184942019102
 20
153.18054016030013
 10
72.71316507503413
 20
153.33407230559345
 10
72.88337738744886
 20
153.49517181105045
 10
73.03248635743522
 20
153.6638386766712
 10
73.1604919849932
 20
153.84007290245566
 10
73.26739427012281
 20
154.0238744884038
 10
73.66643929058665
 20
154.0238744884038
 10
73.66643929058665
 20
149.0
  0
LWPOLYLINE
  5
ED
330
17
100
AcDbEntity
  8
TEXT
100
AcDbPolyline
 90
65
 70
0
 10
76.87244201909962
 20
154.0238744884038
 10
77.06985952421559
 20
154.01388237551157
 10
77.25454041609825
 20
153.98390603683492
 10
77.42648469474764
 20
153.93394547237378
 10
77.58569236016373
 20
153.86400068212822
 10
77.73216341234655
 20
153.77407166609822
 10
77.86589785129607
 20
153.66415842428376
 10
77.9868956770123
 20
153.53426095668485
 10
78.09515688949526
 20
153.3843792633015
 10
78.19068148874491
 20
153.21451334413368
 10
78.27346947476128
 20
153.02466319918145
 10
78.34352084754437
 20
152.81482882844475
 10
78.40083560709415
 20
152.5850102319236
 10
78.44541375341066
 20
152.335207409618
 10
78.47725528649389
 20
152.06542036152797
 10
78.49636020634381
 20
151.77564908765348
 10
78.50272851296046
 20
151.46589358799454
 10
78.49614704126878
 20
151.15310048601637
 10
78.47640262619375
 20
150.86103768758525
 10
78.44349526773536
 20
150.58970519270122
 10
78.3974249658936
 20
150.33910300136426
 10
78.33819172066852
 20
150.10923111357434
 10
78.26579553206005
 20
149.9000895293315
 10
78.18023640006824
 20
149.71167824863574
 10
78.08151432469307
 20
149.54399727148703
 10
77.97048196623469
 20
149.39651368519782
 10
77.84799198499321
 20
149.26869457708048
 10
77.71404438096866
 20
149.16053994713505
 10
77.56863915416102
 20
149.07204979536152
 10
77.4117763045703
 20
149.00322412175987
 10
77.24345583219649
 20
148.95406292633012
 10
77.0636777370396
 20
148.92456620907228
 10
76.87244201909962
 20
148.91473396998634
 10
76.67543752131654
 20
148.9246994372442
 10
76.49114299113236
 20
148.9545958390177
 10
76.3195584285471
 20
149.00442317530695
 10
76.16068383356074
 20
149.07418144611185
 10
76.01451920617329
 20
149.16387065143246
 10
75.88106454638475
 20
149.27349079126876
 10
75.76031985419512
 20
149.40304186562074
 10
75.6522851296044
 20
149.5525238744884
 10
75.55696037261258
 20
149.72193681787175
 10
75.47434558321967
 20
149.91128069577078
 10
75.40444076142568
 20
150.12055550818553
 10
75.34724590723059
 20
150.34976125511596
 10
75.3027610206344
 20
150.59889793656208
 10
75.27098610163713
 20
150.86796555252388
 10
75.25192115023877
 20
151.15696410300137
 10
75.24556616643932
 20
151.46589358799454
 10
75.25214763813099
 20
151.77873998124147
 10
75.27189205320603
 20
152.07096265347886
 10
75.30479941166442
 20
152.34256160470667
 10
75.35086971350617
 20
152.59353683492498
 10
75.41010295873127
 20
152.8238883441337
 10
75.48249914733972
 20
153.03361613233287
 10
75.56805827933154
 20
153.2227201995225
 10
75.66678035470672
 20
153.3912005457026
 10
75.77775942189635
 20
153.5394835010232
 10
75.90008952933154
 20
153.66799539563436
 10
76.0337706770123
 20
153.77673622953614
 10
76.17880286493863
 20
153.8657060027285
 10
76.33518609311054
 20
153.93490471521145
 10
76.502920361528
 20
153.98433236698497
 10
76.68200567019103
 20
154.0139889580491
 10
76.87244201909962
 20
154.0238744884038
  0
LWPOLYLINE
  5
EE
330
17
100
AcDbEntity
  8
TEXT
100
AcDbPolyline
 90
49
 70
0
 10
76.87244201909962
 20
149.41950886766713
 10
77.10457878581177
 20
149.44945856070942
 10
77.30644611186906
 20
149.5393076398363
 10
77.47804399727151
 20
149.68905610504774
 10
77.61937244201913
 20
149.89870395634378
 10
77.6785257503411
 20
150.02801521998634
 10
77.72979195088679
 20
150.1763514665757
 10
77.77317104365623
 20
150.34371269611185
 10
77.80866302864942
 20
150.53009890859482
 10
77.83626790586634
 20
150.73551010402454
 10
77.85598567530698
 20
150.9599462824011
 10
77.86781633697137
 20
151.20340744372442
 10
77.87175989085951
 20
151.46589358799454
 10
77.8648320259209
 20
151.8243306616644
 10
77.84404843110508
 20
152.1424795361528
 10
77.80940910641203
 20
152.42034021145975
 10
77.76091405184178
 20
152.65791268758525
 10
77.69845668485678
 20
152.86148533424284
 10
77.62193042291955
 20
153.037346521146
 10
77.53133526603004
 20
153.1854962482947
 10
77.4266712141883
 20
153.30593451568896
 10
77.30783168485678
 20
153.39919423601637
 10
77.17471009549799
 20
153.46580832196452
 10
77.02730644611191
 20
153.50577677353343
 10
76.86562073669853
 20
153.51909959072304
 10
76.63369713506142
 20
153.48861698499317
 10
76.43246930422923
 20
153.39716916780355
 10
76.26193724420193
 20
153.24475613915416
 10
76.12210095497956
 20
153.03137789904503
 10
76.06374701568897
 20
152.90022808663028
 10
76.01317360163713
 20
152.7506394952251
 10
75.97038071282404
 20
152.58261212482947
 10
75.93536834924969
 20
152.39614597544337
 10
75.90813651091408
 20
152.19124104706685
 10
75.88868519781721
 20
151.96789733969987
 10
75.8770144099591
 20
151.72611485334244
 10
75.87312414733972
 20
151.46589358799454
 10
75.88015859481585
 20
151.1118263983629
 10
75.90126193724423
 20
150.79655525238744
 10
75.93643417462485
 20
150.5200801500682
 10
75.98567530695773
 20
150.28240109140518
 10
76.04877216916783
 20
150.07808236698497
 10
76.1255115961801
 20
149.90168826739426
 10
76.21589358799457
 20
149.753218792633
 10
76.31991814461122
 20
149.63267394270122
 10
76.43758526603006
 20
149.5394142223738
 10
76.56889495225106
 20
149.47280013642566
 10
76.71384720327424
 20
149.43283168485675
 10
76.87244201909962
 20
149.41950886766713
  0
LWPOLYLINE
  5
EF
330
17
100
AcDbEntity
  8
TEXT
100
AcDbPolyline
 90
5
 70
0
 10
80.13642564802187
 20
149.0
 10
79.43724420190999
 20
149.0
 10
79.43724420190999
 20
149.69918144611188
 10
80.13642564802187
 20
149.69918144611188
 10
80.13642564802187
 20
149.0
  0
LWPOLYLINE
  5
F0
330
17
100
AcDbEntity
  8
TEXT
100
AcDbPolyline
 90
65
 70
0
 10
82.69781718963169
 20
154.0238744884038
 10
82.89523469474766
 20
154.01388237551157
 10
83.07991558663032
 20
153.98390603683492
 10
83.25185986527971
 20
153.93394547237378
 10
83.4110675306958
 20
153.86400068212822
 10
83.55753858287862
 20
153.77407166609822
 10
83.69127302182814
 20
153.66415842428376
 10
83.81227084754437
 20
153.53426095668485
 10
83.92053206002731
 20
153.3843792633015
 10
84.01605665927698
 20
153.21451334413368
 10
84.09884464529335
 20
153.02466319918145
 10
84.16889601807644
 20
152.81482882844475
 10
84.22621077762622
 20
152.5850102319236
 10
84.27078892394273
 20
152.335207409618
 10
84.30263045702596
 20
152.06542036152797
 10
84.32173537687588
 20
151.77564908765348
 10
84.32810368349253
 20
151.46589358799454
 10
84.32152221180085
 20
151.15310048601637
 10
84.30177779672582
 20
150.86103768758525
 10
84.26887043826743
 20
150.58970519270122
 10
84.22280013642569
 20
150.33910300136426
 10
84.16356689120059
 20
150.10923111357434
 10
84.09117070259212
 20
149.9000895293315
 10
84.00561157060031
 20
149.71167824863574
 10
83.90688949522514
 20
149.54399727148703
 10
83.79585713676676
 20
149.39651368519782
 10
83.67336715552528
 20
149.26869457708048
 10
83.53941955150073
 20
149.16053994713505
 10
83.39401432469307
 20
149.07204979536152
 10
83.23715147510237
 20
149.00322412175987
 10
83.06883100272856
 20
148.95406292633012
 10
82.88905290757167
 20
148.92456620907228
 10
82.69781718963169
 20
148.91473396998634
 10
82.50081269184861
 20
148.9246994372442
 10
82.31651816166443
 20
148.9545958390177
 10
82.14493359907917
 20
149.00442317530695
 10
81.98605900409281
 20
149.07418144611185
 10
81.83989437670536
 20
149.16387065143246
 10
81.70643971691682
 20
149.27349079126876
 10
81.58569502472719
 20
149.40304186562074
 10
81.47766030013646
 20
149.5525238744884
 10
81.38233554314465
 20
149.72193681787175
 10
81.29972075375174
 20
149.91128069577078
 10
81.22981593195775
 20
150.12055550818553
 10
81.17262107776266
 20
150.34976125511596
 10
81.12813619116648
 20
150.59889793656208
 10
81.0963612721692
 20
150.86796555252388
 10
81.07729632077084
 20
151.15696410300137
 10
81.07094133697139
 20
151.46589358799454
 10
81.07752280866306
 20
151.77873998124147
 10
81.0972672237381
 20
152.07096265347886
 10
81.13017458219649
 20
152.34256160470667
 10
81.17624488403824
 20
152.59353683492498
 10
81.23547812926334
 20
152.8238883441337
 10
81.30787431787179
 20
153.03361613233287
 10
81.39343344986361
 20
153.2227201995225
 10
81.49215552523879
 20
153.3912005457026
 10
81.60313459242842
 20
153.5394835010232
 10
81.72546469986361
 20
153.66799539563436
 10
81.85914584754437
 20
153.77673622953614
 10
82.0041780354707
 20
153.8657060027285
 10
82.1605612636426
 20
153.93490471521145
 10
82.32829553206007
 20
153.98433236698497
 10
82.5073808407231
 20
154.0139889580491
 10
82.69781718963169
 20
154.0238744884038
  0
LWPOLYLINE
  5
F1
330
17
100
AcDbEntity
  8
TEXT
100
AcDbPolyline
 90
49
 70
0
 10
82.69781718963169
 20
149.41950886766713
 10
82.92995395634384
 20
149.44945856070942
 10
83.13182128240113
 20
149.5393076398363
 10
83.30341916780358
 20
149.68905610504774
 10
83.4447476125512
 20
149.89870395634378
 10
83.50390092087316
 20
150.02801521998634
 10
83.55516712141886
 20
150.1763514665757
 10
83.5985462141883
 20
150.34371269611185
 10
83.63403819918148
 20
150.53009890859482
 10
83.6616430763984
 20
150.73551010402454
 10
83.68136084583905
 20
150.9599462824011
 10
83.69319150750344
 20
151.20340744372442
 10
83.69713506139158
 20
151.46589358799454
 10
83.69020719645297
 20
151.8243306616644
 10
83.66942360163715
 20
152.1424795361528
 10
83.6347842769441
 20
152.42034021145975
 10
83.58628922237385
 20
152.65791268758525
 10
83.52383185538885
 20
152.86148533424284
 10
83.4473055934516
 20
153.037346521146
 10
83.35671043656211
 20
153.1854962482947
 10
83.25204638472036
 20
153.30593451568896
 10
83.13320685538885
 20
153.39919423601637
 10
83.00008526603006
 20
153.46580832196452
 10
82.85268161664396
 20
153.50577677353343
 10
82.6909959072306
 20
153.51909959072304
 10
82.4590723055935
 20
153.48861698499317
 10
82.2578444747613
 20
153.39716916780355
 10
82.087312414734
 20
153.24475613915416
 10
81.94747612551163
 20
153.03137789904503
 10
81.88912218622104
 20
152.90022808663028
 10
81.8385487721692
 20
152.7506394952251
 10
81.79575588335611
 20
152.58261212482947
 10
81.76074351978176
 20
152.39614597544337
 10
81.73351168144615
 20
152.19124104706685
 10
81.71406036834928
 20
151.96789733969987
 10
81.70238958049117
 20
151.72611485334244
 10
81.69849931787179
 20
151.46589358799454
 10
81.70553376534792
 20
151.1118263983629
 10
81.7266371077763
 20
150.79655525238744
 10
81.76180934515692
 20
150.5200801500682
 10
81.8110504774898
 20
150.28240109140518
 10
81.8741473396999
 20
150.07808236698497
 10
81.95088676671217
 20
149.90168826739426
 10
82.04126875852664
 20
149.753218792633
 10
82.14529331514329
 20
149.63267394270122
 10
82.26296043656211
 20
149.5394142223738
 10
82.39427012278313
 20
149.47280013642566
 10
82.53922237380633
 20
149.43283168485675
 10
82.69781718963169
 20
149.41950886766713
  0
LWPOLYLINE
  5
F2
330
17
100
AcDbEntity
  8
TEXT
100
AcDbPolyline
 90
65
 70
0
 10
86.58253751705325
 20
154.0238744884038
 10
86.77995502216922
 20
154.01388237551157
 10
86.96463591405188
 20
153.98390603683492
 10
87.13658019270127
 20
153.93394547237378
 10
87.29578785811736
 20
153.86400068212822
 10
87.44225891030018
 20
153.77407166609822
 10
87.5759933492497
 20
153.66415842428376
 10
87.69699117496593
 20
153.53426095668485
 10
87.80525238744889
 20
153.3843792633015
 10
87.90077698669855
 20
153.21451334413368
 10
87.98356497271492
 20
153.02466319918145
 10
88.053616345498
 20
152.81482882844475
 10
88.11093110504778
 20
152.5850102319236
 10
88.1555092513643
 20
152.335207409618
 10
88.18735078444752
 20
152.06542036152797
 10
88.20645570429744
 20
151.77564908765348
 10
88.21282401091409
 20
151.46589358799454
 10
88.20624253922242
 20
151.15310048601637
 10
88.18649812414738
 20
150.86103768758525
 10
88.15359076568899
 20
150.58970519270122
 10
88.10752046384724
 20
150.33910300136426
 10
88.04828721862215
 20
150.10923111357434
 10
87.97589103001368
 20
149.9000895293315
 10
87.89033189802187
 20
149.71167824863574
 10
87.7916098226467
 20
149.54399727148703
 10
87.68057746418832
 20
149.39651368519782
 10
87.55808748294685
 20
149.26869457708048
 10
87.42413987892229
 20
149.16053994713505
 10
87.27873465211465
 20
149.07204979536152
 10
87.12187180252393
 20
149.00322412175987
 10
86.95355133015012
 20
148.95406292633012
 10
86.77377323499323
 20
148.92456620907228
 10
86.58253751705325
 20
148.91473396998634
 10
86.38553301927017
 20
148.9246994372442
 10
86.201238489086
 20
148.9545958390177
 10
86.02965392650073
 20
149.00442317530695
 10
85.87077933151437
 20
149.07418144611185
 10
85.72461470412692
 20
149.16387065143246
 10
85.59116004433838
 20
149.27349079126876
 10
85.47041535214875
 20
149.40304186562074
 10
85.36238062755803
 20
149.5525238744884
 10
85.26705587056621
 20
149.72193681787175
 10
85.1844410811733
 20
149.91128069577078
 10
85.1145362593793
 20
150.12055550818553
 10
85.05734140518422
 20
150.34976125511596
 10
85.01285651858804
 20
150.59889793656208
 10
84.98108159959077
 20
150.86796555252388
 10
84.9620166481924
 20
151.15696410300137
 10
84.95566166439295
 20
151.46589358799454
 10
84.96224313608462
 20
151.77873998124147
 10
84.98198755115966
 20
152.07096265347886
 10
85.01489490961805
 20
152.34256160470667
 10
85.0609652114598
 20
152.59353683492498
 10
85.1201984566849
 20
152.8238883441337
 10
85.19259464529335
 20
153.03361613233287
 10
85.27815377728517
 20
153.2227201995225
 10
85.37687585266035
 20
153.3912005457026
 10
85.48785491984998
 20
153.5394835010232
 10
85.61018502728517
 20
153.66799539563436
 10
85.74386617496593
 20
153.77673622953614
 10
85.88889836289226
 20
153.8657060027285
 10
86.04528159106417
 20
153.93490471521145
 10
86.21301585948163
 20
153.98433236698497
 10
86.39210116814466
 20
154.0139889580491
 10
86.58253751705325
 20
154.0238744884038
  0
LWPOLYLINE
  5
F3
330
17
100
AcDbEntity
  8
TEXT
100
AcDbPolyline
 90
49
 70
0
 10
86.58253751705325
 20
149.41950886766713
 10
86.8146742837654
 20
149.44945856070942
 10
87.0165416098227
 20
149.5393076398363
 10
87.18813949522514
 20
149.68905610504774
 10
87.32946793997276
 20
149.89870395634378
 10
87.38862124829473
 20
150.02801521998634
 10
87.43988744884042
 20
150.1763514665757
 10
87.48326654160986
 20
150.34371269611185
 10
87.51875852660305
 20
150.53009890859482
 10
87.54636340381997
 20
150.73551010402454
 10
87.56608117326061
 20
150.9599462824011
 10
87.577911834925
 20
151.20340744372442
 10
87.58185538881314
 20
151.46589358799454
 10
87.57492752387454
 20
151.8243306616644
 10
87.55414392905871
 20
152.1424795361528
 10
87.51950460436566
 20
152.42034021145975
 10
87.47100954979541
 20
152.65791268758525
 10
87.40855218281041
 20
152.86148533424284
 10
87.33202592087318
 20
153.037346521146
 10
87.24143076398367
 20
153.1854962482947
 10
87.13676671214193
 20
153.30593451568896
 10
87.01792718281041
 20
153.39919423601637
 10
86.88480559345162
 20
153.46580832196452
 10
86.73740194406554
 20
153.50577677353343
 10
86.57571623465216
 20
153.51909959072304
 10
86.34379263301506
 20
153.48861698499317
 10
86.14256480218286
 20
153.39716916780355
 10
85.97203274215556
 20
153.24475613915416
 10
85.83219645293319
 20
153.03137789904503
 10
85.7738425136426
 20
152.90022808663028
 10
85.72326909959077
 20
152.7506394952251
 10
85.68047621077767
 20
152.58261212482947
 10
85.64546384720332
 20
152.39614597544337
 10
85.61823200886771
 20
152.19124104706685
 10
85.59878069577084
 20
151.96789733969987
 10
85.58710990791273
 20
151.72611485334244
 10
85.58321964529335
 20
151.46589358799454
 10
85.59025409276948
 20
151.1118263983629
 10
85.61135743519786
 20
150.79655525238744
 10
85.64652967257848
 20
150.5200801500682
 10
85.69577080491136
 20
150.28240109140518
 10
85.75886766712146
 20
150.07808236698497
 10
85.83560709413374
 20
149.90168826739426
 10
85.9259890859482
 20
149.753218792633
 10
86.03001364256485
 20
149.63267394270122
 10
86.14768076398369
 20
149.5394142223738
 10
86.27899045020469
 20
149.47280013642566
 10
86.42394270122787
 20
149.43283168485675
 10
86.58253751705325
 20
149.41950886766713
  0
LWPOLYLINE
  5
F4
330
17
100
AcDbEntity
  8
TEXT
100
AcDbPolyline
 90
81
 70
0
 10
95.8390177353343
 20
149.0
 10
95.22510231923607
 20
149.0
 10
95.22510231923607
 20
151.2851296043656
 10
95.22297066848573
 20
151.4067402796726
 10
95.2165757162347
 20
151.51918485675307
 10
95.205917462483
 20
151.6224633356071
 10
95.19099590723062
 20
151.71657571623464
 10
95.16722800136431
 20
151.80354706684855
 10
95.13003069577086
 20
151.88540245566168
 10
95.07940399045026
 20
151.96214188267393
 10
95.0153478854025
 20
152.0337653478854
 10
94.9346649045021
 20
152.0941976466576
 10
94.83415757162352
 20
152.13736357435198
 10
94.71382588676677
 20
152.16326313096863
 10
94.57366984993185
 20
152.1718963165075
 10
94.39908765347892
 20
152.156122100955
 10
94.23686903137795
 20
152.1087994542974
 10
94.08701398362896
 20
152.0299283765348
 10
93.94952251023197
 20
151.91950886766713
 10
93.83462653478858
 20
151.7737039563438
 10
93.75255798090046
 20
151.5886766712142
 10
93.70331684856758
 20
151.3644270122783
 10
93.68690313778995
 20
151.10095497953614
 10
93.68690313778995
 20
149.0
 10
93.07298772169173
 20
149.0
 10
93.07298772169173
 20
151.35334242837652
 10
93.06264921555258
 20
151.57013130968622
 10
93.0316336971351
 20
151.74982946793997
 10
92.97994116643935
 20
151.8924369031378
 10
92.90757162346526
 20
151.99795361527967
 10
92.81623038881315
 20
152.07405354706685
 10
92.70762278308328
 20
152.12841064120056
 10
92.58174880627564
 20
152.16102489768076
 10
92.43860845839023
 20
152.1718963165075
 10
92.24963761937249
 20
152.15484311050477
 10
92.0783594815826
 20
152.1036834924966
 10
91.92477404502051
 20
152.01841746248294
 10
91.78888130968627
 20
151.89904502046386
 10
91.67771572305598
 20
151.73298942701228
 10
91.59831173260578
 20
151.50767394270125
 10
91.55066933833565
 20
151.2230985675307
 10
91.53478854024561
 20
150.87926330150069
 10
91.53478854024561
 20
149.0
 10
90.92087312414739
 20
149.0
 10
90.92087312414739
 20
152.61869031377898
 10
91.47339699863579
 20
152.61869031377898
 10
91.47339699863579
 20
152.11391541609822
 10
91.48703956343797
 20
152.11391541609822
 10
91.58450929399733
 20
152.25140688949523
 10
91.6927438608459
 20
152.3705661664393
 10
91.81174326398369
 20
152.4713932469304
 10
91.94150750341069
 20
152.55388813096863
 10
92.08203657912694
 20
152.61805081855388
 10
92.23333049113239
 20
152.66388130968622
 10
92.39538923942708
 20
152.6913796043656
 10
92.56821282401097
 20
152.70054570259208
 10
92.75888898362898
 20
152.690633526603
 10
92.93187244201916
 20
152.66089699863574
 10
93.0871631991815
 20
152.6113361186903
 10
93.22476125511602
 20
152.5419508867667
 10
93.3446666098227
 20
152.45274130286492
 10
93.44687926330155
 20
152.343707366985
 10
93.53139921555257
 20
152.21484907912688
 10
93.59822646657577
 20
152.06616643929058
 10
93.70368988744889
 20
152.21484907912688
 10
93.81885231923607
 20
152.343707366985
 10
93.94371376193729
 20
152.45274130286492
 10
94.07827421555257
 20
152.5419508867667
 10
94.22253368008191
 20
152.6113361186903
 10
94.3764921555253
 20
152.66089699863574
 10
94.54014964188273
 20
152.690633526603
 10
94.71350613915422
 20
152.70054570259208
 10
94.97729791950893
 20
152.68157401091403
 10
95.205917462483
 20
152.62465893587995
 10
95.39936476807645
 20
152.52980047748977
 10
95.55763983628928
 20
152.39699863574353
 10
95.68074266712148
 20
152.2262534106412
 10
95.76867326057304
 20
152.01756480218282
 10
95.82143161664398
 20
151.77093281036835
 10
95.8390177353343
 20
151.48635743519782
 10
95.8390177353343
 20
149.0
  0
LWPOLYLINE
  5
F5
330
17
100
AcDbEntity
  8
TEXT
100
AcDbPolyline
 90
81
 70
0
 10
101.65757162346526
 20
149.0
 10
101.04365620736704
 20
149.0
 10
101.04365620736704
 20
151.2851296043656
 10
101.0415245566167
 20
151.4067402796726
 10
101.03512960436566
 20
151.51918485675307
 10
101.02447135061396
 20
151.6224633356071
 10
101.00954979536158
 20
151.71657571623464
 10
100.98578188949527
 20
151.80354706684855
 10
100.94858458390182
 20
151.88540245566168
 10
100.89795787858122
 20
151.96214188267393
 10
100.83390177353347
 20
152.0337653478854
 10
100.75321879263306
 20
152.0941976466576
 10
100.65271145975449
 20
152.13736357435198
 10
100.53237977489773
 20
152.16326313096863
 10
100.39222373806281
 20
152.1718963165075
 10
100.21764154160988
 20
152.156122100955
 10
100.05542291950891
 20
152.1087994542974
 10
99.90556787175993
 20
152.0299283765348
 10
99.76807639836294
 20
151.91950886766713
 10
99.65318042291955
 20
151.7737039563438
 10
99.57111186903143
 20
151.5886766712142
 10
99.52187073669855
 20
151.3644270122783
 10
99.50545702592092
 20
151.10095497953614
 10
99.50545702592092
 20
149.0
 10
98.8915416098227
 20
149.0
 10
98.8915416098227
 20
151.35334242837652
 10
98.88120310368355
 20
151.57013130968622
 10
98.85018758526607
 20
151.74982946793997
 10
98.79849505457031
 20
151.8924369031378
 10
98.72612551159622
 20
151.99795361527967
 10
98.63478427694412
 20
152.07405354706685
 10
98.52617667121424
 20
152.12841064120056
 10
98.4003026944066
 20
152.16102489768076
 10
98.2571623465212
 20
152.1718963165075
 10
98.06819150750346
 20
152.15484311050477
 10
97.89691336971356
 20
152.1036834924966
 10
97.74332793315148
 20
152.01841746248294
 10
97.60743519781724
 20
151.89904502046386
 10
97.49626961118695
 20
151.73298942701228
 10
97.41686562073674
 20
151.50767394270125
 10
97.36922322646662
 20
151.2230985675307
 10
97.35334242837658
 20
150.87926330150069
 10
97.35334242837658
 20
149.0
 10
96.73942701227836
 20
149.0
 10
96.73942701227836
 20
152.61869031377898
 10
97.29195088676676
 20
152.61869031377898
 10
97.29195088676676
 20
152.11391541609822
 10
97.30559345156894
 20
152.11391541609822
 10
97.40306318212829
 20
152.25140688949523
 10
97.51129774897686
 20
152.3705661664393
 10
97.63029715211465
 20
152.4713932469304
 10
97.76006139154165
 20
152.55388813096863
 10
97.9005904672579
 20
152.61805081855388
 10
98.05188437926336
 20
152.66388130968622
 10
98.21394312755804
 20
152.6913796043656
 10
98.38676671214193
 20
152.70054570259208
 10
98.57744287175994
 20
152.690633526603
 10
98.75042633015012
 20
152.66089699863574
 10
98.90571708731247
 20
152.6113361186903
 10
99.04331514324699
 20
152.5419508867667
 10
99.16322049795366
 20
152.45274130286492
 10
99.26543315143252
 20
152.343707366985
 10
99.34995310368353
 20
152.21484907912688
 10
99.41678035470673
 20
152.06616643929058
 10
99.52224377557985
 20
152.21484907912688
 10
99.63740620736704
 20
152.343707366985
 10
99.76226765006825
 20
152.45274130286492
 10
99.89682810368353
 20
152.5419508867667
 10
100.04108756821287
 20
152.6113361186903
 10
100.19504604365626
 20
152.66089699863574
 10
100.3587035300137
 20
152.690633526603
 10
100.53206002728518
 20
152.70054570259208
 10
100.79585180763989
 20
152.68157401091403
 10
101.02447135061396
 20
152.62465893587995
 10
101.21791865620742
 20
152.52980047748977
 10
101.37619372442025
 20
152.39699863574353
 10
101.49929655525244
 20
152.2262534106412
 10
101.587227148704
 20
152.01756480218282
 10
101.63998550477494
 20
151.77093281036835
 10
101.65757162346526
 20
151.48635743519782
 10
101.65757162346526
 20
149.0
  0
LWPOLYLINE
  5
F7
330
17
100
AcDbEntity
  8
TEXT
100
AcDbPolyline
 90
13
 70
0
 10
4.484993178717599
 20
140.0
 10
3.819918144611187
 20
140.0
 10
3.819918144611187
 20
142.35334242837652
 10
1.2210095497953615
 20
142.35334242837652
 10
1.2210095497953615
 20
140.0
 10
0.5593451568894953
 20
140.0
 10
0.5593451568894953
 20
145.0
 10
1.2210095497953615
 20
145.0
 10
1.2210095497953615
 20
142.9467939972715
 10
3.819918144611187
 20
142.9467939972715
 10
3.819918144611187
 20
145.0
 10
4.484993178717599
 20
145.0
 10
4.484993178717599
 20
140.0
  0
LWPOLYLINE
  5
F8
330
17
100
AcDbEntity
  8
TEXT
100
AcDbPolyline
 90
65
 70
0
 10
7.769440654843111
 20
145.08526603001366
 10
8.026091405184175
 20
145.07412815484312
 10
8.270804911323328
 20
145.04071452933152
 10
8.503581173260573
 20
144.98502515347886
 10
8.724420190995907
 20
144.90706002728513
 10
8.93332196452933
 20
144.80681915075036
 10
9.130286493860845
 20
144.6843025238745
 10
9.31531377899045
 20
144.5395101466576
 10
9.488403819918144
 20
144.3724420190996
 10
9.645080150068212
 20
144.1871482776262
 10
9.780866302864938
 20
143.98767905866302
 10
9.895762278308322
 20
143.7740343622101
 10
9.989768076398363
 20
143.54621418826738
 10
10.06288369713506
 20
143.30421853683492
 10
10.115109140518417
 20
143.0480474079127
 10
10.14644440654843
 20
142.77770080150069
 10
10.156889495225101
 20
142.4931787175989
 10
10.146391115279672
 20
142.20953593963165
 10
10.114895975443382
 20
141.94012193042292
 10
10.062404075716234
 20
141.68493668997272
 10
9.988915416098227
 20
141.44398021828104
 10
9.894429996589357
 20
141.2172525153479
 10
9.77894781718963
 20
141.00475358117325
 10
9.642468877899045
 20
140.80648341575716
 10
9.484993178717598
 20
140.6224420190996
 10
9.311210351296044
 20
140.45657294508868
 10
9.125810027285128
 20
140.31281974761254
 10
8.928792206684857
 20
140.19118242667122
 10
8.720156889495225
 20
140.09166098226467
 10
8.499904075716234
 20
140.0142554143929
 10
8.268033765347885
 20
139.9589657230559
 10
8.024545958390178
 20
139.92579190825373
 10
7.769440654843111
 20
139.91473396998634
 10
7.505755457025921
 20
139.9261915927694
 10
7.2552864938608455
 20
139.96056446111868
 10
7.0180337653478855
 20
140.01785257503408
 10
6.793997271487039
 20
140.09805593451568
 10
6.583177012278307
 20
140.20117453956343
 10
6.385572987721691
 20
140.32720839017733
 10
6.201185197817189
 20
140.47615748635744
 10
6.030013642564802
 20
140.64802182810368
 10
5.875735419508867
 20
140.83640646316508
 10
5.742027626193724
 20
141.03491643929058
 10
5.628890262619372
 20
141.24355175648023
 10
5.536323328785811
 20
141.46231241473396
 10
5.464326824693042
 20
141.69119841405185
 10
5.4129007503410635
 20
141.93020975443383
 10
5.382045105729877
 20
142.17934643587995
 10
5.371759890859481
 20
142.43860845839018
 10
5.3821783339017735
 20
142.738238616985
 10
5.413433663028649
 20
143.02150835607094
 10
5.465525878240109
 20
143.28841767564802
 10
5.538454979536152
 20
143.53896657571624
 10
5.63222096691678
 20
143.77315505627558
 10
5.746823840381992
 20
143.99098311732607
 10
5.882263599931787
 20
144.19245075886766
 10
6.038540245566166
 20
144.3775579809004
 10
6.211443767053206
 20
144.54342705491132
 10
6.396764154160982
 20
144.68718025238746
 10
6.594501406889496
 20
144.80881757332878
 10
6.804655525238745
 20
144.90833901773533
 10
7.027226509208731
 20
144.9857445856071
 10
7.262214358799454
 20
145.0410342769441
 10
7.5096190740109146
 20
145.07420809174627
 10
7.769440654843111
 20
145.08526603001366
  0
LWPOLYLINE
  5
F9
330
17
100
AcDbEntity
  8
TEXT
100
AcDbPolyline
 90
41
 70
0
 10
7.762619372442019
 20
140.48090040927696
 10
8.124893417462483
 20
140.5141541609823
 10
8.451142564802183
 20
140.61391541609822
 10
8.741366814461118
 20
140.78018417462485
 10
8.995566166439291
 20
141.01296043656208
 10
9.20244287175989
 20
141.3049965893588
 10
9.350699181446112
 20
141.64904502046386
 10
9.440335095497954
 20
142.0451057298772
 10
9.471350613915416
 20
142.4931787175989
 10
9.463809899386083
 20
142.7300051159618
 10
9.44118775579809
 20
142.95276261937244
 10
9.403484183151432
 20
143.16145122783084
 10
9.350699181446112
 20
143.35607094133695
 10
9.282832750682129
 20
143.53662175989086
 10
9.199884890859481
 20
143.7031036834925
 10
9.101855601978173
 20
143.85551671214188
 10
8.9887448840382
 20
143.993860845839
 10
8.731987551159618
 20
144.2236527967258
 10
8.444321282401091
 20
144.38778990450203
 10
8.125746077762619
 20
144.4862721691678
 10
7.776261937244202
 20
144.51909959072304
 10
7.417718281036835
 20
144.4869116643929
 10
7.092428376534789
 20
144.39034788540243
 10
6.800392223738063
 20
144.2294082537517
 10
6.541609822646658
 20
144.00409276944066
 10
6.428099420190996
 20
143.86676116984992
 10
6.329723738062755
 20
143.71226978171896
 10
6.246482776261937
 20
143.54061860504774
 10
6.17837653478854
 20
143.3518076398363
 10
6.125405013642564
 20
143.1458368860846
 10
6.08756821282401
 20
142.92270634379264
 10
6.064866132332878
 20
142.68241601296043
 10
6.057298772169167
 20
142.424965893588
 10
6.086928717598908
 20
142.01089273533424
 10
6.1758185538881305
 20
141.63838676671213
 10
6.3239682810368345
 20
141.3074479877217
 10
6.531377899045021
 20
141.0180763983629
 10
6.786110163710778
 20
140.7830619031378
 10
7.076227830832197
 20
140.61519440654843
 10
7.4017309004092775
 20
140.51447390859482
 10
7.762619372442019
 20
140.48090040927696
  0
LWPOLYLINE
  5
FA
330
17
100
AcDbEntity
  8
TEXT
100
AcDbPolyline
 90
7
 70
0
 10
14.130286493860847
 20
140.0
 10
11.002728512960438
 20
140.0
 10
11.002728512960438
 20
145.0
 10
11.664392905866304
 20
145.0
 10
11.664392905866304
 20
140.59345156889495
 10
14.130286493860847
 20
140.59345156889495
 10
14.130286493860847
 20
140.0
  0
LWPOLYLINE
  5
FB
330
17
100
AcDbEntity
  8
TEXT
100
AcDbPolyline
 90
13
 70
0
 10
18.649386084583902
 20
140.0
 10
14.914733969986358
 20
140.0
 10
14.914733969986358
 20
145.0
 10
18.53342428376535
 20
145.0
 10
18.53342428376535
 20
144.40654843110505
 10
15.576398362892224
 20
144.40654843110505
 10
15.576398362892224
 20
142.87858117326059
 10
18.342428376534787
 20
142.87858117326059
 10
18.342428376534787
 20
142.2851296043656
 10
15.576398362892224
 20
142.2851296043656
 10
15.576398362892224
 20
140.59345156889495
 10
18.649386084583902
 20
140.59345156889495
 10
18.649386084583902
 20
140.0
  0
LWPOLYLINE
  5
FC
330
17
100
AcDbEntity
  8
TEXT
100
AcDbPolyline
 90
65
 70
0
 10
23.6869031377899
 20
145.08526603001366
 10
23.943553888130964
 20
145.07412815484312
 10
24.18826739427012
 20
145.04071452933152
 10
24.421043656207363
 20
144.98502515347886
 10
24.6418826739427
 20
144.90706002728513
 10
24.850784447476123
 20
144.80681915075036
 10
25.047748976807636
 20
144.6843025238745
 10
25.232776261937243
 20
144.5395101466576
 10
25.405866302864936
 20
144.3724420190996
 10
25.562542633015003
 20
144.1871482776262
 10
25.69832878581173
 20
143.98767905866302
 10
25.813224761255114
 20
143.7740343622101
 10
25.907230559345155
 20
143.54621418826738
 10
25.980346180081852
 20
143.30421853683492
 10
26.03257162346521
 20
143.0480474079127
 10
26.06390688949522
 20
142.77770080150069
 10
26.074351978171894
 20
142.4931787175989
 10
26.063853598226466
 20
142.20953593963165
 10
26.032358458390174
 20
141.94012193042292
 10
25.979866558663026
 20
141.68493668997272
 10
25.90637789904502
 20
141.44398021828104
 10
25.81189247953615
 20
141.2172525153479
 10
25.696410300136424
 20
141.00475358117325
 10
25.559931360845837
 20
140.80648341575716
 10
25.40245566166439
 20
140.6224420190996
 10
25.228672834242836
 20
140.45657294508868
 10
25.043272510231922
 20
140.31281974761254
 10
24.84625468963165
 20
140.19118242667122
 10
24.637619372442018
 20
140.09166098226467
 10
24.417366558663026
 20
140.0142554143929
 10
24.185496248294676
 20
139.9589657230559
 10
23.94200844133697
 20
139.92579190825373
 10
23.6869031377899
 20
139.91473396998634
 10
23.423217939972712
 20
139.9261915927694
 10
23.17274897680764
 20
139.96056446111868
 10
22.935496248294676
 20
140.01785257503408
 10
22.711459754433832
 20
140.09805593451568
 10
22.5006394952251
 20
140.20117453956343
 10
22.303035470668483
 20
140.32720839017733
 10
22.118647680763985
 20
140.47615748635744
 10
21.947476125511596
 20
140.64802182810368
 10
21.79319790245566
 20
140.83640646316508
 10
21.659490109140517
 20
141.03491643929058
 10
21.546352745566168
 20
141.24355175648023
 10
21.453785811732605
 20
141.46231241473396
 10
21.381789307639835
 20
141.69119841405185
 10
21.33036323328786
 20
141.93020975443383
 10
21.299507588676672
 20
142.17934643587995
 10
21.289222373806275
 20
142.43860845839018
 10
21.299640816848566
 20
142.738238616985
 10
21.330896145975444
 20
143.02150835607094
 10
21.382988361186904
 20
143.28841767564802
 10
21.455917462482947
 20
143.53896657571624
 10
21.549683449863576
 20
143.77315505627558
 10
21.664286323328785
 20
143.99098311732607
 10
21.799726082878582
 20
144.19245075886766
 10
21.95600272851296
 20
144.3775579809004
 10
22.12890625
 20
144.54342705491132
 10
22.314226637107776
 20
144.68718025238746
 10
22.511963889836288
 20
144.80881757332878
 10
22.72211800818554
 20
144.90833901773533
 10
22.944688992155523
 20
144.9857445856071
 10
23.179676841746247
 20
145.0410342769441
 10
23.427081556957706
 20
145.07420809174627
 10
23.6869031377899
 20
145.08526603001366
  0
LWPOLYLINE
  5
FD
330
17
100
AcDbEntity
  8
TEXT
100
AcDbPolyline
 90
41
 70
0
 10
23.68008185538881
 20
140.48090040927696
 10
24.042355900409277
 20
140.5141541609823
 10
24.368605047748975
 20
140.61391541609822
 10
24.658829297407912
 20
140.78018417462485
 10
24.91302864938608
 20
141.01296043656208
 10
25.11990535470668
 20
141.3049965893588
 10
25.268161664392903
 20
141.64904502046386
 10
25.357797578444746
 20
142.0451057298772
 10
25.388813096862208
 20
142.4931787175989
 10
25.381272382332877
 20
142.7300051159618
 10
25.358650238744882
 20
142.95276261937244
 10
25.320946666098223
 20
143.16145122783084
 10
25.268161664392903
 20
143.35607094133695
 10
25.20029523362892
 20
143.53662175989086
 10
25.117347373806272
 20
143.7031036834925
 10
25.01931808492496
 20
143.85551671214188
 10
24.90620736698499
 20
143.993860845839
 10
24.64945003410641
 20
144.2236527967258
 10
24.361783765347884
 20
144.38778990450203
 10
24.04320856070941
 20
144.4862721691678
 10
23.693724420190993
 20
144.51909959072304
 10
23.335180763983626
 20
144.4869116643929
 10
23.00989085948158
 20
144.39034788540243
 10
22.717854706684854
 20
144.2294082537517
 10
22.45907230559345
 20
144.00409276944066
 10
22.34556190313779
 20
143.86676116984992
 10
22.24718622100955
 20
143.71226978171896
 10
22.16394525920873
 20
143.54061860504774
 10
22.095839017735333
 20
143.3518076398363
 10
22.04286749658936
 20
143.1458368860846
 10
22.005030695770806
 20
142.92270634379264
 10
21.982328615279673
 20
142.68241601296043
 10
21.97476125511596
 20
142.424965893588
 10
22.0043912005457
 20
142.01089273533424
 10
22.093281036834924
 20
141.63838676671213
 10
22.241430763983626
 20
141.3074479877217
 10
22.44884038199181
 20
141.0180763983629
 10
22.70357264665757
 20
140.7830619031378
 10
22.993690313778988
 20
140.61519440654843
 10
23.31919338335607
 20
140.51447390859482
 10
23.68008185538881
 20
140.48090040927696
  0
LWPOLYLINE
  5
FE
330
17
100
AcDbEntity
  8
TEXT
100
AcDbPolyline
 90
57
 70
0
 10
31.360845839017735
 20
140.0
 10
30.528649386084584
 20
140.0
 10
30.350763130968623
 20
140.28079169508868
 10
30.190569577080492
 20
140.5331258526603
 10
30.04806872442019
 20
140.75700247271487
 10
29.923260572987722
 20
140.95242155525239
 10
29.816145122783084
 20
141.11938310027284
 10
29.726722373806275
 20
141.25788710777627
 10
29.654992326057297
 20
141.3679335777626
 10
29.60095497953615
 20
141.44952251023193
 10
29.509400579809004
 20
141.5794466234652
 10
29.415501364256478
 20
141.69977830832195
 10
29.31925733287858
 20
141.81051756480218
 10
29.220668485675304
 20
141.91166439290586
 10
29.12239938608458
 20
141.99916865620736
 10
29.027114597544337
 20
142.06898021828104
 10
28.93481412005457
 20
142.12109907912688
 10
28.84549795361528
 20
142.15552523874487
 10
28.750532912687586
 20
142.17790757162345
 10
28.641285811732605
 20
142.19389495225101
 10
28.51775665075034
 20
142.20348738062756
 10
28.37994542974079
 20
142.20668485675307
 10
27.615961800818553
 20
142.20668485675307
 10
27.615961800818553
 20
140.0
 10
26.954297407912687
 20
140.0
 10
26.954297407912687
 20
145.0
 10
29.167803547066846
 20
145.0
 10
29.38544508867667
 20
144.99637619372442
 10
29.58475443383356
 20
144.98550477489766
 10
29.765731582537516
 20
144.96738574351977
 10
29.92837653478854
 20
144.9420190995907
 10
30.077165757162348
 20
144.9050349590723
 10
30.21657571623465
 20
144.85206343792632
 10
30.346606412005457
 20
144.7831045361528
 10
30.46725784447476
 20
144.6981582537517
 10
30.57650494542974
 20
144.59914307639835
 10
30.67232264665757
 20
144.48797748976807
 10
30.75471094815825
 20
144.36466149386084
 10
30.823669849931786
 20
144.22919508867668
 10
30.878133526603
 20
144.0857349931787
 10
30.917036152796726
 20
143.93843792633015
 10
30.94037772851296
 20
143.78730388813096
 10
30.948158253751703
 20
143.63233287858117
 10
30.92577592087312
 20
143.3631053888131
 10
30.85862892223738
 20
143.12158935879944
 10
30.746717257844473
 20
142.90778478854025
 10
30.590040927694407
 20
142.72169167803548
 10
30.39051841746248
 20
142.56522851296043
 10
30.15006821282401
 20
142.44031377899046
 10
29.86869031377899
 20
142.3469474761255
 10
29.54638472032742
 20
142.2851296043656
 10
29.54638472032742
 20
142.27148703956343
 10
29.793229877216916
 20
142.131437585266
 10
30.032401091405184
 20
141.9329809004093
 10
30.26389836289222
 20
141.67611698499317
 10
30.487721691678033
 20
141.36084583901774
 10
31.360845839017735
 20
140.0
  0
LWPOLYLINE
  5
FF
330
17
100
AcDbEntity
  8
TEXT
100
AcDbPolyline
 90
24
 70
0
 10
27.615961800818553
 20
142.80013642564802
 10
29.034788540245565
 20
142.80013642564802
 10
29.238467769440653
 20
142.80471947476124
 10
29.41976466575716
 20
142.81846862210097
 10
29.57867922919509
 20
142.8413838676671
 10
29.715211459754432
 20
142.87346521145975
 10
29.83426415416098
 20
142.9187627899045
 10
29.940740109140517
 20
142.981326739427
 10
30.034639324693043
 20
143.06115706002728
 10
30.115961800818553
 20
143.15825375170533
 10
30.181616643929058
 20
143.26718110504777
 10
30.22851296043656
 20
143.38250341064122
 10
30.256650750341063
 20
143.5042206684857
 10
30.266030013642563
 20
143.63233287858117
 10
30.250468963165073
 20
143.79646998635744
 10
30.203785811732605
 20
143.94781718963165
 10
30.125980559345155
 20
144.0863744884038
 10
30.01705320600273
 20
144.21214188267393
 10
29.87231412005457
 20
144.31659276944063
 10
29.68707366984993
 20
144.3912005457026
 10
29.46133185538881
 20
144.43596521145975
 10
29.19508867667121
 20
144.45088676671213
 10
27.615961800818553
 20
144.45088676671213
 10
27.615961800818553
 20
142.80013642564802
  0
LWPOLYLINE
  5
100
330
17
100
AcDbEntity
  8
TEXT
100
AcDbPolyline
 90
5
 70
0
 10
32.74556616643929
 20
140.0
 10
32.08049113233288
 20
140.0
 10
32.08049113233288
 20
145.0
 10
32.74556616643929
 20
145.0
 10
32.74556616643929
 20
140.0
  0
LWPOLYLINE
  5
101
330
17
100
AcDbEntity
  8
TEXT
100
AcDbPolyline
 90
87
 70
0
 10
38.36630286493861
 20
140.69918144611188
 10
38.127344815825374
 20
140.51532656889495
 10
37.88284447476126
 20
140.35598567530695
 10
37.63280184174625
 20
140.2211587653479
 10
37.377216916780355
 20
140.1108458390177
 10
37.11608969986357
 20
140.0250468963165
 10
36.84942019099591
 20
139.9637619372442
 10
36.577208390177354
 20
139.9269909618008
 10
36.29945429740791
 20
139.91473396998634
 10
36.019062286834924
 20
139.92568532571622
 10
35.75257929740791
 20
139.95853939290586
 10
35.50000532912688
 20
140.01329617155525
 10
35.261340381991815
 20
140.0899556616644
 10
35.03658445600273
 20
140.18851786323327
 10
34.82573755115962
 20
140.30898277626193
 10
34.62879966746249
 20
140.45135040075033
 10
34.44577080491133
 20
140.6156207366985
 10
34.28070109993179
 20
140.79806339529333
 10
34.137640688949524
 20
140.9949479877217
 10
34.01658957196453
 20
141.20627451398363
 10
33.91754774897681
 20
141.43204297407914
 10
33.84051521998636
 20
141.67225336800817
 10
33.78549198499318
 20
141.9269056957708
 10
33.75247804399727
 20
142.19599995736698
 10
33.741473396998636
 20
142.47953615279673
 10
33.759485845839016
 20
142.828167633015
 10
33.813523192360165
 20
143.16464870395635
 10
33.903585436562075
 20
143.48897936562074
 10
34.02967257844475
 20
143.8011596180082
 10
34.19082537517053
 20
144.08999829467942
 10
34.38608458390178
 20
144.3443042291951
 10
34.61545020463848
 20
144.56407742155525
 10
34.87892223738063
 20
144.7493178717599
 10
35.17511510914052
 20
144.89629519099591
 10
35.502643246930425
 20
145.0012789904502
 10
35.86150665075034
 20
145.0642692701228
 10
36.25170532060027
 20
145.08526603001366
 10
36.65213591405184
 20
145.06213761937246
 10
37.010999317871764
 20
144.99275238744886
 10
37.328295532060025
 20
144.87711033424284
 10
37.60402455661664
 20
144.71521145975444
 10
37.83818639154161
 20
144.50705576398363
 10
38.030781036834924
 20
144.25264324693043
 10
38.18180849249659
 20
143.95197390859482
 10
38.291268758526606
 20
143.6050477489768
 10
37.69781718963165
 20
143.43792633015008
 10
37.61404331514325
 20
143.690633526603
 10
37.502557980900406
 20
143.90987380627558
 10
37.36336118690314
 20
144.09564716916782
 10
37.196452933151434
 20
144.24795361527967
 10
37.0018332196453
 20
144.36657997953614
 10
36.77950204638472
 20
144.4513130968622
 10
36.529459413369715
 20
144.50215296725784
 10
36.25170532060027
 20
144.51909959072304
 10
36.03267820600273
 20
144.51046640518416
 10
35.827506821282405
 20
144.4845668485675
 10
35.636191166439296
 20
144.44140092087312
 10
35.4587312414734
 20
144.38096862210094
 10
35.29512704638472
 20
144.30326995225101
 10
35.14537858117326
 20
144.20830491132332
 10
35.009485845839016
 20
144.09607349931787
 10
34.88744884038199
 20
143.96657571623464
 10
34.686007844474766
 20
143.66899727148703
 10
34.54212141882674
 20
143.3287858117326
 10
34.45578956343793
 20
142.94594133697134
 10
34.427012278308325
 20
142.52046384720327
 10
34.44097459072306
 20
142.20028990450206
 10
34.48286152796726
 20
141.90825375170533
 10
34.55267309004093
 20
141.6443553888131
 10
34.65040927694407
 20
141.40859481582538
 10
34.775537175989086
 20
141.20043912005457
 10
34.92752387448841
 20
141.0193553888131
 10
35.106369372442025
 20
140.86534362210097
 10
35.31207366984994
 20
140.73840381991815
 10
35.53600358117326
 20
140.63917547748977
 10
35.76952592087313
 20
140.5682980900409
 10
36.012640688949524
 20
140.52577165757162
 10
36.265347885402456
 20
140.51159618008185
 10
36.65075034106412
 20
140.543784106412
 10
37.022510231923604
 20
140.64034788540246
 10
37.3806275579809
 20
140.8012875170532
 10
37.725102319236015
 20
141.02660300136426
 10
37.725102319236015
 20
141.9542974079127
 10
36.25170532060027
 20
141.9542974079127
 10
36.25170532060027
 20
142.5511596180082
 10
38.36630286493861
 20
142.5511596180082
 10
38.36630286493861
 20
140.69918144611188
  0
LWPOLYLINE
  5
102
330
17
100
AcDbEntity
  8
TEXT
100
AcDbPolyline
 90
5
 70
0
 10
40.1193724420191
 20
140.0
 10
39.45429740791269
 20
140.0
 10
39.45429740791269
 20
145.0
 10
40.1193724420191
 20
145.0
 10
40.1193724420191
 20
140.0
  0
LWPOLYLINE
  5
103
330
17
100
AcDbEntity
  8
TEXT
100
AcDbPolyline
 90
13
 70
0
 10
45.238744884038205
 20
140.0
 10
44.56002728512961
 20
140.0
 10
41.9474761255116
 20
143.9256480218281
 10
41.93383356070942
 20
143.9256480218281
 10
41.93383356070942
 20
140.0
 10
41.306275579809004
 20
140.0
 10
41.306275579809004
 20
145.0
 10
41.981582537517056
 20
145.0
 10
44.594133697135064
 20
141.0743519781719
 10
44.607776261937246
 20
141.0743519781719
 10
44.607776261937246
 20
145.0
 10
45.238744884038205
 20
145.0
 10
45.238744884038205
 20
140.0
  0
LWPOLYLINE
  5
104
330
17
100
AcDbEntity
  8
TEXT
100
AcDbPolyline
 90
5
 70
0
 10
47.124829467939975
 20
142.91950886766713
 10
46.42564802182811
 20
142.91950886766713
 10
46.42564802182811
 20
143.61869031377898
 10
47.124829467939975
 20
143.61869031377898
 10
47.124829467939975
 20
142.91950886766713
  0
LWPOLYLINE
  5
105
330
17
100
AcDbEntity
  8
TEXT
100
AcDbPolyline
 90
5
 70
0
 10
47.124829467939975
 20
140.0
 10
46.42564802182811
 20
140.0
 10
46.42564802182811
 20
140.69918144611188
 10
47.124829467939975
 20
140.69918144611188
 10
47.124829467939975
 20
140.0
  0
LWPOLYLINE
  5
106
330
17
100
AcDbEntity
  8
TEXT
100
AcDbPolyline
 90
7
 70
0
 10
53.33219645293316
 20
140.0
 10
50.20463847203275
 20
140.0
 10
50.20463847203275
 20
145.0
 10
50.86630286493862
 20
145.0
 10
50.86630286493862
 20
140.59345156889495
 10
53.33219645293316
 20
140.59345156889495
 10
53.33219645293316
 20
140.0
  0
LWPOLYLINE
  5
107
330
17
100
AcDbEntity
  8
TEXT
100
AcDbPolyline
 90
65
 70
0
 10
56.28922237380628
 20
145.08526603001366
 10
56.54587312414735
 20
145.07412815484312
 10
56.7905866302865
 20
145.04071452933152
 10
57.023362892223744
 20
144.98502515347886
 10
57.24420190995908
 20
144.90706002728513
 10
57.45310368349251
 20
144.80681915075036
 10
57.650068212824024
 20
144.6843025238745
 10
57.835095497953624
 20
144.5395101466576
 10
58.00818553888132
 20
144.3724420190996
 10
58.16486186903139
 20
144.1871482776262
 10
58.30064802182811
 20
143.98767905866302
 10
58.4155439972715
 20
143.7740343622101
 10
58.509549795361536
 20
143.54621418826738
 10
58.58266541609824
 20
143.30421853683492
 10
58.63489085948159
 20
143.0480474079127
 10
58.666226125511606
 20
142.77770080150069
 10
58.676671214188275
 20
142.4931787175989
 10
58.66617283424284
 20
142.20953593963165
 10
58.634677694406555
 20
141.94012193042292
 10
58.58218579467941
 20
141.68493668997272
 10
58.5086971350614
 20
141.44398021828104
 10
58.41421171555253
 20
141.2172525153479
 10
58.298729536152806
 20
141.00475358117325
 10
58.16225059686222
 20
140.80648341575716
 10
58.004774897680775
 20
140.6224420190996
 10
57.83099207025922
 20
140.45657294508868
 10
57.64559174624831
 20
140.31281974761254
 10
57.448573925648034
 20
140.19118242667122
 10
57.2399386084584
 20
140.09166098226467
 10
57.01968579467941
 20
140.0142554143929
 10
56.78781548431106
 20
139.9589657230559
 10
56.54432767735335
 20
139.92579190825373
 10
56.28922237380628
 20
139.91473396998634
 10
56.02553717598909
 20
139.9261915927694
 10
55.77506821282402
 20
139.96056446111868
 10
55.53781548431106
 20
140.01785257503408
 10
55.31377899045021
 20
140.09805593451568
 10
55.10295873124148
 20
140.20117453956343
 10
54.90535470668487
 20
140.32720839017733
 10
54.72096691678036
 20
140.47615748635744
 10
54.54979536152798
 20
140.64802182810368
 10
54.395517138472044
 20
140.83640646316508
 10
54.2618093451569
 20
141.03491643929058
 10
54.148671981582545
 20
141.24355175648023
 10
54.056105047748986
 20
141.46231241473396
 10
53.98410854365621
 20
141.69119841405185
 10
53.93268246930423
 20
141.93020975443383
 10
53.901826824693046
 20
142.17934643587995
 10
53.89154160982265
 20
142.43860845839018
 10
53.90196005286494
 20
142.738238616985
 10
53.93321538199182
 20
143.02150835607094
 10
53.98530759720328
 20
143.28841767564802
 10
54.05823669849933
 20
143.53896657571624
 10
54.15200268587995
 20
143.77315505627558
 10
54.266605559345166
 20
143.99098311732607
 10
54.40204531889496
 20
144.19245075886766
 10
54.55832196452934
 20
144.3775579809004
 10
54.73122548601638
 20
144.54342705491132
 10
54.91654587312416
 20
144.68718025238746
 10
55.114283125852666
 20
144.80881757332878
 10
55.32443724420192
 20
144.90833901773533
 10
55.547008228171904
 20
144.9857445856071
 10
55.78199607776263
 20
145.0410342769441
 10
56.02940079297409
 20
145.07420809174627
 10
56.28922237380628
 20
145.08526603001366
  0
LWPOLYLINE
  5
108
330
17
100
AcDbEntity
  8
TEXT
100
AcDbPolyline
 90
41
 70
0
 10
56.28240109140519
 20
140.48090040927696
 10
56.644675136425654
 20
140.5141541609823
 10
56.970924283765356
 20
140.61391541609822
 10
57.26114853342429
 20
140.78018417462485
 10
57.51534788540246
 20
141.01296043656208
 10
57.722224590723066
 20
141.3049965893588
 10
57.87048090040929
 20
141.64904502046386
 10
57.96011681446113
 20
142.0451057298772
 10
57.99113233287859
 20
142.4931787175989
 10
57.98359161834926
 20
142.7300051159618
 10
57.960969474761264
 20
142.95276261937244
 10
57.92326590211461
 20
143.16145122783084
 10
57.87048090040929
 20
143.35607094133695
 10
57.802614469645306
 20
143.53662175989086
 10
57.71966660982265
 20
143.7031036834925
 10
57.621637320941346
 20
143.85551671214188
 10
57.50852660300137
 20
143.993860845839
 10
57.25176927012279
 20
144.2236527967258
 10
56.964103001364265
 20
144.38778990450203
 10
56.645527796725794
 20
144.4862721691678
 10
56.296043656207374
 20
144.51909959072304
 10
55.93750000000001
 20
144.4869116643929
 10
55.612210095497964
 20
144.39034788540243
 10
55.32017394270124
 20
144.2294082537517
 10
55.06139154160983
 20
144.00409276944066
 10
54.94788113915417
 20
143.86676116984992
 10
54.84950545702593
 20
143.71226978171896
 10
54.76626449522511
 20
143.54061860504774
 10
54.698158253751714
 20
143.3518076398363
 10
54.64518673260574
 20
143.1458368860846
 10
54.60734993178718
 20
142.92270634379264
 10
54.584647851296054
 20
142.68241601296043
 10
54.57708049113234
 20
142.424965893588
 10
54.60671043656208
 20
142.01089273533424
 10
54.69560027285131
 20
141.63838676671213
 10
54.84375000000001
 20
141.3074479877217
 10
55.05115961800819
 20
141.0180763983629
 10
55.305891882673954
 20
140.7830619031378
 10
55.59600954979537
 20
140.61519440654843
 10
55.92151261937245
 20
140.51447390859482
 10
56.28240109140519
 20
140.48090040927696
  0
LWPOLYLINE
  5
109
330
17
100
AcDbEntity
  8
TEXT
100
AcDbPolyline
 90
42
 70
0
 10
65.51500682128241
 20
145.0
 10
64.13710777626194
 20
140.0
 10
63.502728512960445
 20
140.0
 10
62.41132332878582
 20
143.93929058663028
 10
62.372527285129614
 20
144.0818980218281
 10
62.34140518417463
 20
144.206173260573
 10
62.31795702592088
 20
144.31211630286495
 10
62.30218281036836
 20
144.39972714870396
 10
62.288540245566175
 20
144.39972714870396
 10
62.1487039563438
 20
143.806275579809
 10
61.08458390177354
 20
140.0
 10
60.41609822646658
 20
140.0
 10
59.08253751705321
 20
145.0
 10
59.757844474761264
 20
145.0
 10
60.52864938608459
 20
141.71896316507502
 10
60.59835436562074
 20
141.41797407912688
 10
60.653990450204645
 20
141.15961800818553
 10
60.695557639836295
 20
140.94389495225101
 10
60.72305593451569
 20
140.77080491132332
 10
60.72604024556617
 20
140.74330661664393
 10
60.72817189631651
 20
140.72220327421556
 10
60.72945088676671
 20
140.7074948840382
 10
60.72987721691678
 20
140.69918144611188
 10
60.743519781718966
 20
140.69918144611188
 10
60.8081087994543
 20
141.00017053206003
 10
60.86545020463848
 20
141.2551159618008
 10
60.9155439972715
 20
141.46401773533424
 10
60.95839017735335
 20
141.6268758526603
 10
61.9099590723056
 20
145.0
 10
62.714870395634385
 20
145.0
 10
63.424283765347894
 20
142.47271487039563
 10
63.54813267394271
 20
142.00886766712142
 10
63.653649386084595
 20
141.5586630286494
 10
63.74083390177354
 20
141.12210095497954
 10
63.80968622100956
 20
140.69918144611188
 10
63.82332878581174
 20
140.69918144611188
 10
63.86510914051843
 20
140.9193809686221
 10
63.91882673942702
 20
141.17411323328787
 10
63.984481582537526
 20
141.46337824010914
 10
64.06207366984994
 20
141.78717598908594
 10
64.84993178717599
 20
145.0
 10
65.51500682128241
 20
145.0
  0
LWPOLYLINE
  5
10A
330
17
100
AcDbEntity
  8
TEXT
100
AcDbPolyline
 90
13
 70
0
 10
69.87721691678037
 20
140.0
 10
66.14256480218282
 20
140.0
 10
66.14256480218282
 20
145.0
 10
69.76125511596182
 20
145.0
 10
69.76125511596182
 20
144.40654843110505
 10
66.80422919508868
 20
144.40654843110505
 10
66.80422919508868
 20
142.87858117326059
 10
69.57025920873126
 20
142.87858117326059
 10
69.57025920873126
 20
142.2851296043656
 10
66.80422919508868
 20
142.2851296043656
 10
66.80422919508868
 20
140.59345156889495
 10
69.87721691678037
 20
140.59345156889495
 10
69.87721691678037
 20
140.0
  0
LWPOLYLINE
  5
10B
330
17
100
AcDbEntity
  8
TEXT
100
AcDbPolyline
 90
57
 70
0
 10
75.21487039563439
 20
140.0
 10
74.38267394270125
 20
140.0
 10
74.20478768758528
 20
140.28079169508868
 10
74.04459413369715
 20
140.5331258526603
 10
73.90209328103684
 20
140.75700247271487
 10
73.77728512960438
 20
140.95242155525239
 10
73.67016967939973
 20
141.11938310027284
 10
73.58074693042293
 20
141.25788710777627
 10
73.50901688267395
 20
141.3679335777626
 10
73.4549795361528
 20
141.44952251023193
 10
73.36342513642566
 20
141.5794466234652
 10
73.26952592087314
 20
141.69977830832195
 10
73.17328188949524
 20
141.81051756480218
 10
73.07469304229197
 20
141.91166439290586
 10
72.97642394270125
 20
141.99916865620736
 10
72.88113915416099
 20
142.06898021828104
 10
72.78883867667122
 20
142.12109907912688
 10
72.69952251023193
 20
142.15552523874487
 10
72.60455746930424
 20
142.17790757162345
 10
72.49531036834927
 20
142.19389495225101
 10
72.371781207367
 20
142.20348738062756
 10
72.23396998635745
 20
142.20668485675307
 10
71.4699863574352
 20
142.20668485675307
 10
71.4699863574352
 20
140.0
 10
70.80832196452934
 20
140.0
 10
70.80832196452934
 20
145.0
 10
73.0218281036835
 20
145.0
 10
73.23946964529333
 20
144.99637619372442
 10
73.43877899045022
 20
144.98550477489766
 10
73.61975613915416
 20
144.96738574351977
 10
73.78240109140519
 20
144.9420190995907
 10
73.931190313779
 20
144.9050349590723
 10
74.07060027285131
 20
144.85206343792632
 10
74.20063096862212
 20
144.7831045361528
 10
74.32128240109142
 20
144.6981582537517
 10
74.4305295020464
 20
144.59914307639835
 10
74.52634720327423
 20
144.48797748976807
 10
74.60873550477491
 20
144.36466149386084
 10
74.67769440654844
 20
144.22919508867668
 10
74.73215808321966
 20
144.0857349931787
 10
74.77106070941338
 20
143.93843792633015
 10
74.79440228512962
 20
143.78730388813096
 10
74.80218281036836
 20
143.63233287858117
 10
74.77980047748979
 20
143.3631053888131
 10
74.71265347885404
 20
143.12158935879944
 10
74.60074181446113
 20
142.90778478854025
 10
74.44406548431107
 20
142.72169167803548
 10
74.24454297407914
 20
142.56522851296043
 10
74.00409276944067
 20
142.44031377899046
 10
73.72271487039565
 20
142.3469474761255
 10
73.40040927694407
 20
142.2851296043656
 10
73.40040927694407
 20
142.27148703956343
 10
73.64725443383357
 20
142.131437585266
 10
73.88642564802184
 20
141.9329809004093
 10
74.11792291950889
 20
141.67611698499317
 10
74.3417462482947
 20
141.36084583901774
 10
75.21487039563439
 20
140.0
  0
LWPOLYLINE
  5
10C
330
17
100
AcDbEntity
  8
TEXT
100
AcDbPolyline
 90
24
 70
0
 10
71.4699863574352
 20
142.80013642564802
 10
72.88881309686222
 20
142.80013642564802
 10
73.09249232605731
 20
142.80471947476124
 10
73.27378922237382
 20
142.81846862210097
 10
73.43270378581174
 20
142.8413838676671
 10
73.5692360163711
 20
142.87346521145975
 10
73.68828871077764
 20
142.9187627899045
 10
73.79476466575717
 20
142.981326739427
 10
73.8886638813097
 20
143.06115706002728
 10
73.9699863574352
 20
143.15825375170533
 10
74.03564120054571
 20
143.26718110504777
 10
74.08253751705323
 20
143.38250341064122
 10
74.11067530695773
 20
143.5042206684857
 10
74.12005457025923
 20
143.63233287858117
 10
74.10449351978174
 20
143.79646998635744
 10
74.05781036834927
 20
143.94781718963165
 10
73.98000511596182
 20
144.0863744884038
 10
73.87107776261938
 20
144.21214188267393
 10
73.72633867667122
 20
144.31659276944063
 10
73.54109822646659
 20
144.3912005457026
 10
73.31535641200547
 20
144.43596521145975
 10
73.04911323328787
 20
144.45088676671213
 10
71.4699863574352
 20
144.45088676671213
 10
71.4699863574352
 20
142.80013642564802
  0
LWPOLYLINE
  5
10D
330
17
100
AcDbEntity
  8
TEXT
100
AcDbPolyline
 90
7
 70
0
 10
80.88676671214189
 20
140.0
 10
77.75920873124149
 20
140.0
 10
77.75920873124149
 20
145.0
 10
78.42087312414735
 20
145.0
 10
78.42087312414735
 20
140.59345156889495
 10
80.88676671214189
 20
140.59345156889495
 10
80.88676671214189
 20
140.0
  0
LWPOLYLINE
  5
10E
330
17
100
AcDbEntity
  8
TEXT
100
AcDbPolyline
 90
13
 70
0
 10
85.40586630286496
 20
140.0
 10
81.67121418826741
 20
140.0
 10
81.67121418826741
 20
145.0
 10
85.28990450204641
 20
145.0
 10
85.28990450204641
 20
144.40654843110505
 10
82.33287858117328
 20
144.40654843110505
 10
82.33287858117328
 20
142.87858117326059
 10
85.09890859481585
 20
142.87858117326059
 10
85.09890859481585
 20
142.2851296043656
 10
82.33287858117328
 20
142.2851296043656
 10
82.33287858117328
 20
140.59345156889495
 10
85.40586630286496
 20
140.59345156889495
 10
85.40586630286496
 20
140.0
  0
LWPOLYLINE
  5
10F
330
17
100
AcDbEntity
  8
TEXT
100
AcDbPolyline
 90
11
 70
0
 10
89.71009549795365
 20
144.40654843110505
 10
86.9986357435198
 20
144.40654843110505
 10
86.9986357435198
 20
142.8581173260573
 10
89.34856753069579
 20
142.8581173260573
 10
89.34856753069579
 20
142.26466575716233
 10
86.9986357435198
 20
142.26466575716233
 10
86.9986357435198
 20
140.0
 10
86.33697135061394
 20
140.0
 10
86.33697135061394
 20
145.0
 10
89.71009549795365
 20
145.0
 10
89.71009549795365
 20
144.40654843110505
  0
LWPOLYLINE
  5
110
330
17
100
AcDbEntity
  8
TEXT
100
AcDbPolyline
 90
9
 70
0
 10
94.15757162346524
 20
144.40654843110505
 10
92.50341064120057
 20
144.40654843110505
 10
92.50341064120057
 20
140.0
 10
91.83833560709417
 20
140.0
 10
91.83833560709417
 20
144.40654843110505
 10
90.19781718963168
 20
144.40654843110505
 10
90.19781718963168
 20
145.0
 10
94.15757162346524
 20
145.0
 10
94.15757162346524
 20
144.40654843110505
  0
LWPOLYLINE
  5
111
330
17
100
AcDbEntity
  8
TEXT
100
AcDbPolyline
 90
91
 70
0
 10
101.02319236016375
 20
141.58594815825376
 10
100.89369457708052
 20
141.19148618690315
 10
100.72348226466579
 20
140.8505286493861
 10
100.51255542291955
 20
140.5630755457026
 10
100.26091405184178
 20
140.32912687585267
 10
99.9753794338336
 20
140.14782997953614
 10
99.66277285129607
 20
140.01833219645292
 10
99.32309430422923
 20
139.940633526603
 10
98.95634379263305
 20
139.91473396998634
 10
98.65980452762624
 20
139.9267511510914
 10
98.38410214870399
 20
139.96280269440655
 10
98.12923665586634
 20
140.02288859993178
 10
97.89520804911328
 20
140.1070088676671
 10
97.68201632844479
 20
140.21516349761254
 10
97.48966149386088
 20
140.34735248976807
 10
97.31814354536156
 20
140.5035758441337
 10
97.16746248294683
 20
140.68383356070942
 10
97.03596627728517
 20
140.88098460948157
 10
96.92200289904505
 20
141.08788796043655
 10
96.8255723482265
 20
141.30454361357434
 10
96.7466746248295
 20
141.53095156889495
 10
96.68530972885407
 20
141.76711182639835
 10
96.64147766030017
 20
142.01302438608457
 10
96.61517841916783
 20
142.2686892479536
 10
96.60641200545706
 20
142.53410641200546
 10
96.61672386596183
 20
142.82526325886766
 10
96.64765944747616
 20
143.10016626875853
 10
96.69921875000003
 20
143.35881544167805
 10
96.77140177353346
 20
143.6012107776262
 10
96.86420851807644
 20
143.82735227660302
 10
96.97763898362896
 20
144.03723993860848
 10
97.11169317019103
 20
144.23087376364256
 10
97.26637107776266
 20
144.40825375170533
 10
97.43724953103687
 20
144.56692850443383
 10
97.61990535470672
 20
144.70444662346523
 10
97.81433854877221
 20
144.82080810879947
 10
98.02054911323333
 20
144.91601296043657
 10
98.23853704809008
 20
144.99006117837655
 10
98.46830235334247
 20
145.0429527626194
 10
98.70984502899049
 20
145.07468771316508
 10
98.96316507503414
 20
145.08526603001366
 10
99.31488744884041
 20
145.06203103683492
 10
99.64017735334247
 20
144.99232605729878
 10
99.93903478854028
 20
144.87615109140518
 10
100.21145975443387
 20
144.71350613915416
 10
100.45127046384724
 20
144.50609652114596
 10
100.65228512960441
 20
144.2556275579809
 10
100.81450375170536
 20
143.96209924965893
 10
100.9379263301501
 20
143.62551159618008
 10
100.28990450204643
 20
143.47203274215553
 10
100.19739085948163
 20
143.71674624829467
 10
100.0835607094134
 20
143.92905866302866
 10
99.94841405184178
 20
144.10896998635744
 10
99.79195088676674
 20
144.25648021828104
 10
99.61438437926333
 20
144.37137619372442
 10
99.41592769440658
 20
144.45344474761254
 10
99.19658083219649
 20
144.50268587994543
 10
98.95634379263305
 20
144.51909959072304
 10
98.7578871077763
 20
144.51070621589358
 10
98.57179399727153
 20
144.48552609140518
 10
98.39806446111872
 20
144.44355921725784
 10
98.23669849931791
 20
144.38480559345157
 10
98.08769611186906
 20
144.30926521998634
 10
97.95105729877221
 20
144.2169380968622
 10
97.82678206002733
 20
144.1078242240791
 10
97.71487039563442
 20
143.9819236016371
 10
97.52984311050481
 20
143.69042036152797
 10
97.39768076398366
 20
143.3530866302865
 10
97.31838335607097
 20
142.9699224079127
 10
97.29195088676674
 20
142.54092769440655
 10
97.29890539733972
 20
142.2883803717599
 10
97.3197689290587
 20
142.0525665075034
 10
97.35454148192363
 20
141.8334861016371
 10
97.40322305593455
 20
141.631139154161
 10
97.46581365109144
 20
141.44552566507502
 10
97.5423132673943
 20
141.27664563437926
 10
97.63272190484314
 20
141.12449906207365
 10
97.73703956343796
 20
140.98908594815825
 10
97.97653052523879
 20
140.7667547748977
 10
98.24991473397003
 20
140.6079467939973
 10
98.55719218963169
 20
140.51266200545703
 10
98.89836289222377
 20
140.48090040927696
 10
99.177928888131
 20
140.50072476125513
 10
99.42999658935884
 20
140.56019781718965
 10
99.65456599590726
 20
140.65931957708048
 10
99.8516371077763
 20
140.7980900409277
 10
100.02120992496593
 20
140.97672237380627
 10
100.16328444747617
 20
141.19542974079127
 10
100.277860675307
 20
141.45421214188266
 10
100.36493860845843
 20
141.75306957708048
 10
101.02319236016375
 20
141.58594815825376
  0
LWPOLYLINE
  5
112
330
17
100
AcDbEntity
  8
TEXT
100
AcDbPolyline
 90
65
 70
0
 10
104.02114597544342
 20
145.08526603001366
 10
104.27779672578448
 20
145.07412815484312
 10
104.52251023192363
 20
145.04071452933152
 10
104.75528649386088
 20
144.98502515347886
 10
104.97612551159622
 20
144.90706002728513
 10
105.18502728512965
 20
144.80681915075036
 10
105.38199181446116
 20
144.6843025238745
 10
105.56701909959077
 20
144.5395101466576
 10
105.74010914051846
 20
144.3724420190996
 10
105.89678547066852
 20
144.1871482776262
 10
106.03257162346524
 20
143.98767905866302
 10
106.14746759890863
 20
143.7740343622101
 10
106.24147339699867
 20
143.54621418826738
 10
106.31458901773537
 20
143.30421853683492
 10
106.36681446111872
 20
143.0480474079127
 10
106.39814972714873
 20
142.77770080150069
 10
106.40859481582541
 20
142.4931787175989
 10
106.39809643587998
 20
142.20953593963165
 10
106.3666012960437
 20
141.94012193042292
 10
106.31410939631654
 20
141.68493668997272
 10
106.24062073669853
 20
141.44398021828104
 10
106.14613531718967
 20
141.2172525153479
 10
106.03065313778994
 20
141.00475358117325
 10
105.89417419849936
 20
140.80648341575716
 10
105.73669849931791
 20
140.6224420190996
 10
105.56291567189635
 20
140.45657294508868
 10
105.37751534788543
 20
140.31281974761254
 10
105.18049752728517
 20
140.19118242667122
 10
104.97186221009554
 20
140.09166098226467
 10
104.75160939631655
 20
140.0142554143929
 10
104.5197390859482
 20
139.9589657230559
 10
104.27625127899049
 20
139.92579190825373
 10
104.02114597544342
 20
139.91473396998634
 10
103.75746077762624
 20
139.9261915927694
 10
103.50699181446116
 20
139.96056446111868
 10
103.26973908594819
 20
140.01785257503408
 10
103.04570259208735
 20
140.09805593451568
 10
102.83488233287862
 20
140.20117453956343
 10
102.637278308322
 20
140.32720839017733
 10
102.45289051841749
 20
140.47615748635744
 10
102.2817189631651
 20
140.64802182810368
 10
102.12744074010917
 20
140.83640646316508
 10
101.99373294679403
 20
141.03491643929058
 10
101.88059558321967
 20
141.24355175648023
 10
101.78802864938612
 20
141.46231241473396
 10
101.71603214529335
 20
141.69119841405185
 10
101.66460607094137
 20
141.93020975443383
 10
101.63375042633018
 20
142.17934643587995
 10
101.62346521145979
 20
142.43860845839018
 10
101.63388365450209
 20
142.738238616985
 10
101.66513898362895
 20
143.02150835607094
 10
101.71723119884041
 20
143.28841767564802
 10
101.79016030013646
 20
143.53896657571624
 10
101.88392628751708
 20
143.77315505627558
 10
101.9985291609823
 20
143.99098311732607
 10
102.1339689205321
 20
144.19245075886766
 10
102.29024556616648
 20
144.3775579809004
 10
102.46314908765352
 20
144.54342705491132
 10
102.6484694747613
 20
144.68718025238746
 10
102.8462067274898
 20
144.80881757332878
 10
103.05636084583905
 20
144.90833901773533
 10
103.27893182980904
 20
144.9857445856071
 10
103.51391967939976
 20
145.0410342769441
 10
103.76132439461122
 20
145.07420809174627
 10
104.02114597544342
 20
145.08526603001366
  0
LWPOLYLINE
  5
113
330
17
100
AcDbEntity
  8
TEXT
100
AcDbPolyline
 90
41
 70
0
 10
104.01432469304233
 20
140.48090040927696
 10
104.37659873806278
 20
140.5141541609823
 10
104.70284788540249
 20
140.61391541609822
 10
104.99307213506142
 20
140.78018417462485
 10
105.2472714870396
 20
141.01296043656208
 10
105.4541481923602
 20
141.3049965893588
 10
105.60240450204643
 20
141.64904502046386
 10
105.69204041609827
 20
142.0451057298772
 10
105.72305593451573
 20
142.4931787175989
 10
105.7155152199864
 20
142.7300051159618
 10
105.6928930763984
 20
142.95276261937244
 10
105.65518950375174
 20
143.16145122783084
 10
105.60240450204643
 20
143.35607094133695
 10
105.53453807128244
 20
143.53662175989086
 10
105.45159021145979
 20
143.7031036834925
 10
105.35356092257848
 20
143.85551671214188
 10
105.2404502046385
 20
143.993860845839
 10
104.98369287175993
 20
144.2236527967258
 10
104.6960266030014
 20
144.38778990450203
 10
104.37745139836292
 20
144.4862721691678
 10
104.02796725784451
 20
144.51909959072304
 10
103.66942360163715
 20
144.4869116643929
 10
103.3441336971351
 20
144.39034788540243
 10
103.05209754433838
 20
144.2294082537517
 10
102.79331514324697
 20
144.00409276944066
 10
102.67980474079131
 20
143.86676116984992
 10
102.58142905866306
 20
143.71226978171896
 10
102.49818809686225
 20
143.54061860504774
 10
102.43008185538885
 20
143.3518076398363
 10
102.37711033424287
 20
143.1458368860846
 10
102.33927353342432
 20
142.92270634379264
 10
102.31657145293318
 20
142.68241601296043
 10
102.30900409276947
 20
142.424965893588
 10
102.33863403819922
 20
142.01089273533424
 10
102.42752387448843
 20
141.63838676671213
 10
102.57567360163715
 20
141.3074479877217
 10
102.78308321964533
 20
141.0180763983629
 10
103.0378154843111
 20
140.7830619031378
 10
103.3279331514325
 20
140.61519440654843
 10
103.65343622100958
 20
140.51447390859482
 10
104.01432469304233
 20
140.48090040927696
  0
LWPOLYLINE
  5
114
330
17
100
AcDbEntity
  8
TEXT
100
AcDbPolyline
 90
57
 70
0
 10
111.69508867667125
 20
140.0
 10
110.8628922237381
 20
140.0
 10
110.68500596862214
 20
140.28079169508868
 10
110.524812414734
 20
140.5331258526603
 10
110.3823115620737
 20
140.75700247271487
 10
110.25750341064123
 20
140.95242155525239
 10
110.15038796043659
 20
141.11938310027284
 10
110.06096521145979
 20
141.25788710777627
 10
109.9892351637108
 20
141.3679335777626
 10
109.93519781718966
 20
141.44952251023193
 10
109.84364341746252
 20
141.5794466234652
 10
109.74974420190999
 20
141.69977830832195
 10
109.6535001705321
 20
141.81051756480218
 10
109.55491132332882
 20
141.91166439290586
 10
109.4566422237381
 20
141.99916865620736
 10
109.36135743519785
 20
142.06898021828104
 10
109.26905695770807
 20
142.12109907912688
 10
109.17974079126878
 20
142.15552523874487
 10
109.0847757503411
 20
142.17790757162345
 10
108.97552864938612
 20
142.19389495225101
 10
108.85199948840385
 20
142.20348738062756
 10
108.7141882673943
 20
142.20668485675307
 10
107.95020463847206
 20
142.20668485675307
 10
107.95020463847206
 20
140.0
 10
107.2885402455662
 20
140.0
 10
107.2885402455662
 20
145.0
 10
109.50204638472036
 20
145.0
 10
109.71968792633018
 20
144.99637619372442
 10
109.91899727148707
 20
144.98550477489766
 10
110.09997442019102
 20
144.96738574351977
 10
110.26261937244205
 20
144.9420190995907
 10
110.41140859481585
 20
144.9050349590723
 10
110.55081855388816
 20
144.85206343792632
 10
110.68084924965898
 20
144.7831045361528
 10
110.80150068212828
 20
144.6981582537517
 10
110.91074778308325
 20
144.59914307639835
 10
111.00656548431108
 20
144.48797748976807
 10
111.08895378581177
 20
144.36466149386084
 10
111.1579126875853
 20
144.22919508867668
 10
111.21237636425651
 20
144.0857349931787
 10
111.25127899045023
 20
143.93843792633015
 10
111.27462056616648
 20
143.78730388813096
 10
111.28240109140522
 20
143.63233287858117
 10
111.26001875852664
 20
143.3631053888131
 10
111.19287175989089
 20
143.12158935879944
 10
111.08096009549799
 20
142.90778478854025
 10
110.92428376534792
 20
142.72169167803548
 10
110.724761255116
 20
142.56522851296043
 10
110.48431105047753
 20
142.44031377899046
 10
110.2029331514325
 20
142.3469474761255
 10
109.88062755798093
 20
142.2851296043656
 10
109.88062755798093
 20
142.27148703956343
 10
110.12747271487042
 20
142.131437585266
 10
110.3666439290587
 20
141.9329809004093
 10
110.59814120054574
 20
141.67611698499317
 10
110.82196452933155
 20
141.36084583901774
 10
111.69508867667125
 20
140.0
  0
LWPOLYLINE
  5
115
330
17
100
AcDbEntity
  8
TEXT
100
AcDbPolyline
 90
24
 70
0
 10
107.95020463847206
 20
142.80013642564802
 10
109.36903137789908
 20
142.80013642564802
 10
109.57271060709417
 20
142.80471947476124
 10
109.75400750341068
 20
142.81846862210097
 10
109.9129220668486
 20
142.8413838676671
 10
110.04945429740795
 20
142.87346521145975
 10
110.1685069918145
 20
142.9187627899045
 10
110.27498294679403
 20
142.981326739427
 10
110.36888216234655
 20
143.06115706002728
 10
110.45020463847206
 20
143.15825375170533
 10
110.51585948158257
 20
143.26718110504777
 10
110.56275579809008
 20
143.38250341064122
 10
110.59089358799459
 20
143.5042206684857
 10
110.60027285129608
 20
143.63233287858117
 10
110.5847118008186
 20
143.79646998635744
 10
110.53802864938612
 20
143.94781718963165
 10
110.46022339699867
 20
144.0863744884038
 10
110.35129604365623
 20
144.21214188267393
 10
110.20655695770807
 20
144.31659276944063
 10
110.02131650750344
 20
144.3912005457026
 10
109.79557469304233
 20
144.43596521145975
 10
109.52933151432472
 20
144.45088676671213
 10
107.95020463847206
 20
144.45088676671213
 10
107.95020463847206
 20
142.80013642564802
  0
LWPOLYLINE
  5
116
330
17
100
AcDbEntity
  8
TEXT
100
AcDbPolyline
 90
13
 70
0
 10
116.2585266030014
 20
140.0
 10
115.57980900409281
 20
140.0
 10
112.96725784447479
 20
143.9256480218281
 10
112.9536152796726
 20
143.9256480218281
 10
112.9536152796726
 20
140.0
 10
112.3260572987722
 20
140.0
 10
112.3260572987722
 20
145.0
 10
113.00136425648026
 20
145.0
 10
115.61391541609827
 20
141.0743519781719
 10
115.62755798090045
 20
141.0743519781719
 10
115.62755798090045
 20
145.0
 10
116.2585266030014
 20
145.0
 10
116.2585266030014
 20
140.0
  0
LWPOLYLINE
  5
117
330
17
100
AcDbEntity
  8
TEXT
100
AcDbPolyline
 90
13
 70
0
 10
121.10504774897684
 20
140.0
 10
117.37039563437929
 20
140.0
 10
117.37039563437929
 20
145.0
 10
120.98908594815829
 20
145.0
 10
120.98908594815829
 20
144.40654843110505
 10
118.03206002728516
 20
144.40654843110505
 10
118.03206002728516
 20
142.87858117326059
 10
120.79809004092773
 20
142.87858117326059
 10
120.79809004092773
 20
142.2851296043656
 10
118.03206002728516
 20
142.2851296043656
 10
118.03206002728516
 20
140.59345156889495
 10
121.10504774897684
 20
140.59345156889495
 10
121.10504774897684
 20
140.0
  0
LWPOLYLINE
  5
118
330
17
100
AcDbEntity
  8
TEXT
100
AcDbPolyline
 90
57
 70
0
 10
126.44270122783087
 20
140.0
 10
125.61050477489772
 20
140.0
 10
125.43261851978176
 20
140.28079169508868
 10
125.27242496589362
 20
140.5331258526603
 10
125.12992411323332
 20
140.75700247271487
 10
125.00511596180085
 20
140.95242155525239
 10
124.89800051159621
 20
141.11938310027284
 10
124.80857776261941
 20
141.25788710777627
 10
124.73684771487042
 20
141.3679335777626
 10
124.68281036834928
 20
141.44952251023193
 10
124.59125596862214
 20
141.5794466234652
 10
124.49735675306961
 20
141.69977830832195
 10
124.40111272169172
 20
141.81051756480218
 10
124.30252387448844
 20
141.91166439290586
 10
124.20425477489772
 20
141.99916865620736
 10
124.10896998635747
 20
142.06898021828104
 10
124.0166695088677
 20
142.12109907912688
 10
123.9273533424284
 20
142.15552523874487
 10
123.83238830150071
 20
142.17790757162345
 10
123.72314120054574
 20
142.19389495225101
 10
123.59961203956347
 20
142.20348738062756
 10
123.46180081855393
 20
142.20668485675307
 10
122.69781718963168
 20
142.20668485675307
 10
122.69781718963168
 20
140.0
 10
122.03615279672582
 20
140.0
 10
122.03615279672582
 20
145.0
 10
124.24965893587998
 20
145.0
 10
124.4673004774898
 20
144.99637619372442
 10
124.66660982264669
 20
144.98550477489766
 10
124.84758697135064
 20
144.96738574351977
 10
125.01023192360167
 20
144.9420190995907
 10
125.15902114597547
 20
144.9050349590723
 10
125.29843110504778
 20
144.85206343792632
 10
125.4284618008186
 20
144.7831045361528
 10
125.5491132332879
 20
144.6981582537517
 10
125.65836033424287
 20
144.59914307639835
 10
125.7541780354707
 20
144.48797748976807
 10
125.83656633697139
 20
144.36466149386084
 10
125.90552523874491
 20
144.22919508867668
 10
125.95998891541613
 20
144.0857349931787
 10
125.99889154160985
 20
143.93843792633015
 10
126.0222331173261
 20
143.78730388813096
 10
126.03001364256484
 20
143.63233287858117
 10
126.00763130968626
 20
143.3631053888131
 10
125.94048431105051
 20
143.12158935879944
 10
125.8285726466576
 20
142.90778478854025
 10
125.67189631650754
 20
142.72169167803548
 10
125.47237380627561
 20
142.56522851296043
 10
125.23192360163715
 20
142.44031377899046
 10
124.95054570259212
 20
142.3469474761255
 10
124.62824010914055
 20
142.2851296043656
 10
124.62824010914055
 20
142.27148703956343
 10
124.87508526603004
 20
142.131437585266
 10
125.11425648021832
 20
141.9329809004093
 10
125.34575375170536
 20
141.67611698499317
 10
125.56957708049117
 20
141.36084583901774
 10
126.44270122783087
 20
140.0
  0
LWPOLYLINE
  5
119
330
17
100
AcDbEntity
  8
TEXT
100
AcDbPolyline
 90
24
 70
0
 10
122.69781718963168
 20
142.80013642564802
 10
124.1166439290587
 20
142.80013642564802
 10
124.32032315825379
 20
142.80471947476124
 10
124.5016200545703
 20
142.81846862210097
 10
124.66053461800821
 20
142.8413838676671
 10
124.79706684856757
 20
142.87346521145975
 10
124.91611954297412
 20
142.9187627899045
 10
125.02259549795365
 20
142.981326739427
 10
125.11649471350617
 20
143.06115706002728
 10
125.19781718963168
 20
143.15825375170533
 10
125.26347203274219
 20
143.26718110504777
 10
125.3103683492497
 20
143.38250341064122
 10
125.3385061391542
 20
143.5042206684857
 10
125.3478854024557
 20
143.63233287858117
 10
125.33232435197822
 20
143.79646998635744
 10
125.28564120054574
 20
143.94781718963165
 10
125.20783594815829
 20
144.0863744884038
 10
125.09890859481585
 20
144.21214188267393
 10
124.9541695088677
 20
144.31659276944063
 10
124.76892905866306
 20
144.3912005457026
 10
124.54318724420195
 20
144.43596521145975
 10
124.27694406548434
 20
144.45088676671213
 10
122.69781718963168
 20
144.45088676671213
 10
122.69781718963168
 20
142.80013642564802
  0
LWPOLYLINE
  5
11B
330
17
100
AcDbEntity
  8
TEXT
100
AcDbPolyline
 90
13
 70
0
 10
4.484993178717599
 20
131.0
 10
3.819918144611187
 20
131.0
 10
3.819918144611187
 20
133.35334242837652
 10
1.2210095497953615
 20
133.35334242837652
 10
1.2210095497953615
 20
131.0
 10
0.5593451568894953
 20
131.0
 10
0.5593451568894953
 20
136.0
 10
1.2210095497953615
 20
136.0
 10
1.2210095497953615
 20
133.9467939972715
 10
3.819918144611187
 20
133.9467939972715
 10
3.819918144611187
 20
136.0
 10
4.484993178717599
 20
136.0
 10
4.484993178717599
 20
131.0
  0
LWPOLYLINE
  5
11C
330
17
100
AcDbEntity
  8
TEXT
100
AcDbPolyline
 90
65
 70
0
 10
7.769440654843111
 20
136.08526603001366
 10
8.026091405184175
 20
136.07412815484312
 10
8.270804911323328
 20
136.04071452933152
 10
8.503581173260573
 20
135.98502515347886
 10
8.724420190995907
 20
135.90706002728513
 10
8.93332196452933
 20
135.80681915075036
 10
9.130286493860845
 20
135.6843025238745
 10
9.31531377899045
 20
135.5395101466576
 10
9.488403819918144
 20
135.3724420190996
 10
9.645080150068212
 20
135.1871482776262
 10
9.780866302864938
 20
134.98767905866302
 10
9.895762278308322
 20
134.7740343622101
 10
9.989768076398363
 20
134.54621418826738
 10
10.06288369713506
 20
134.30421853683492
 10
10.115109140518417
 20
134.0480474079127
 10
10.14644440654843
 20
133.77770080150069
 10
10.156889495225101
 20
133.4931787175989
 10
10.146391115279672
 20
133.20953593963165
 10
10.114895975443382
 20
132.94012193042292
 10
10.062404075716234
 20
132.68493668997272
 10
9.988915416098227
 20
132.44398021828104
 10
9.894429996589357
 20
132.2172525153479
 10
9.77894781718963
 20
132.00475358117325
 10
9.642468877899045
 20
131.80648341575716
 10
9.484993178717598
 20
131.6224420190996
 10
9.311210351296044
 20
131.45657294508868
 10
9.125810027285128
 20
131.31281974761254
 10
8.928792206684857
 20
131.19118242667122
 10
8.720156889495225
 20
131.09166098226467
 10
8.499904075716234
 20
131.0142554143929
 10
8.268033765347885
 20
130.9589657230559
 10
8.024545958390178
 20
130.92579190825373
 10
7.769440654843111
 20
130.91473396998634
 10
7.505755457025921
 20
130.9261915927694
 10
7.2552864938608455
 20
130.96056446111868
 10
7.0180337653478855
 20
131.01785257503408
 10
6.793997271487039
 20
131.09805593451568
 10
6.583177012278307
 20
131.20117453956343
 10
6.385572987721691
 20
131.32720839017733
 10
6.201185197817189
 20
131.47615748635744
 10
6.030013642564802
 20
131.64802182810368
 10
5.875735419508867
 20
131.83640646316508
 10
5.742027626193724
 20
132.03491643929058
 10
5.628890262619372
 20
132.24355175648023
 10
5.536323328785811
 20
132.46231241473396
 10
5.464326824693042
 20
132.69119841405185
 10
5.4129007503410635
 20
132.93020975443383
 10
5.382045105729877
 20
133.17934643587995
 10
5.371759890859481
 20
133.43860845839018
 10
5.3821783339017735
 20
133.738238616985
 10
5.413433663028649
 20
134.02150835607094
 10
5.465525878240109
 20
134.28841767564802
 10
5.538454979536152
 20
134.53896657571624
 10
5.63222096691678
 20
134.77315505627558
 10
5.746823840381992
 20
134.99098311732607
 10
5.882263599931787
 20
135.19245075886766
 10
6.038540245566166
 20
135.3775579809004
 10
6.211443767053206
 20
135.54342705491132
 10
6.396764154160982
 20
135.68718025238746
 10
6.594501406889496
 20
135.80881757332878
 10
6.804655525238745
 20
135.90833901773533
 10
7.027226509208731
 20
135.9857445856071
 10
7.262214358799454
 20
136.0410342769441
 10
7.5096190740109146
 20
136.07420809174627
 10
7.769440654843111
 20
136.08526603001366
  0
LWPOLYLINE
  5
11D
330
17
100
AcDbEntity
  8
TEXT
100
AcDbPolyline
 90
41
 70
0
 10
7.762619372442019
 20
131.48090040927696
 10
8.124893417462483
 20
131.5141541609823
 10
8.451142564802183
 20
131.61391541609822
 10
8.741366814461118
 20
131.78018417462485
 10
8.995566166439291
 20
132.01296043656208
 10
9.20244287175989
 20
132.3049965893588
 10
9.350699181446112
 20
132.64904502046386
 10
9.440335095497954
 20
133.0451057298772
 10
9.471350613915416
 20
133.4931787175989
 10
9.463809899386083
 20
133.7300051159618
 10
9.44118775579809
 20
133.95276261937244
 10
9.403484183151432
 20
134.16145122783084
 10
9.350699181446112
 20
134.35607094133695
 10
9.282832750682129
 20
134.53662175989086
 10
9.199884890859481
 20
134.7031036834925
 10
9.101855601978173
 20
134.85551671214188
 10
8.9887448840382
 20
134.993860845839
 10
8.731987551159618
 20
135.2236527967258
 10
8.444321282401091
 20
135.38778990450203
 10
8.125746077762619
 20
135.4862721691678
 10
7.776261937244202
 20
135.51909959072304
 10
7.417718281036835
 20
135.4869116643929
 10
7.092428376534789
 20
135.39034788540243
 10
6.800392223738063
 20
135.2294082537517
 10
6.541609822646658
 20
135.00409276944066
 10
6.428099420190996
 20
134.86676116984992
 10
6.329723738062755
 20
134.71226978171896
 10
6.246482776261937
 20
134.54061860504774
 10
6.17837653478854
 20
134.3518076398363
 10
6.125405013642564
 20
134.1458368860846
 10
6.08756821282401
 20
133.92270634379264
 10
6.064866132332878
 20
133.68241601296043
 10
6.057298772169167
 20
133.424965893588
 10
6.086928717598908
 20
133.01089273533424
 10
6.1758185538881305
 20
132.63838676671213
 10
6.3239682810368345
 20
132.3074479877217
 10
6.531377899045021
 20
132.0180763983629
 10
6.786110163710778
 20
131.7830619031378
 10
7.076227830832197
 20
131.61519440654843
 10
7.4017309004092775
 20
131.51447390859482
 10
7.762619372442019
 20
131.48090040927696
  0
LWPOLYLINE
  5
11E
330
17
100
AcDbEntity
  8
TEXT
100
AcDbPolyline
 90
7
 70
0
 10
14.130286493860847
 20
131.0
 10
11.002728512960438
 20
131.0
 10
11.002728512960438
 20
136.0
 10
11.664392905866304
 20
136.0
 10
11.664392905866304
 20
131.59345156889495
 10
14.130286493860847
 20
131.59345156889495
 10
14.130286493860847
 20
131.0
  0
LWPOLYLINE
  5
11F
330
17
100
AcDbEntity
  8
TEXT
100
AcDbPolyline
 90
13
 70
0
 10
18.649386084583902
 20
131.0
 10
14.914733969986358
 20
131.0
 10
14.914733969986358
 20
136.0
 10
18.53342428376535
 20
136.0
 10
18.53342428376535
 20
135.40654843110505
 10
15.576398362892224
 20
135.40654843110505
 10
15.576398362892224
 20
133.87858117326059
 10
18.342428376534787
 20
133.87858117326059
 10
18.342428376534787
 20
133.2851296043656
 10
15.576398362892224
 20
133.2851296043656
 10
15.576398362892224
 20
131.59345156889495
 10
18.649386084583902
 20
131.59345156889495
 10
18.649386084583902
 20
131.0
  0
LWPOLYLINE
  5
120
330
17
100
AcDbEntity
  8
TEXT
100
AcDbPolyline
 90
107
 70
0
 10
22.527285129604365
 20
134.53342428376536
 10
22.490407571623464
 20
134.75735419508868
 10
22.420702592087313
 20
134.9516541609823
 10
22.318170190995907
 20
135.11632418144612
 10
22.182810368349248
 20
135.25136425648023
 10
22.014623124147338
 20
135.35656122100954
 10
21.813608458390178
 20
135.43170190995906
 10
21.579766371077763
 20
135.47678632332878
 10
21.313096862210095
 20
135.49181446111868
 10
21.06923601637108
 20
135.47987721691678
 10
20.84924965893588
 20
135.44406548431104
 10
20.6531377899045
 20
135.3843792633015
 10
20.48090040927694
 20
135.30081855388812
 10
20.3406377899045
 20
135.1944491814461
 10
20.24045020463847
 20
135.0663369713506
 10
20.18033765347885
 20
134.91648192360162
 10
20.160300136425647
 20
134.7448840381992
 10
20.17575460436562
 20
134.5932170873124
 10
20.22211800818554
 20
134.46222714870396
 10
20.2993903478854
 20
134.3519142223738
 10
20.40757162346521
 20
134.26227830832195
 10
20.55945173942701
 20
134.1830874829468
 10
20.76782060027285
 20
134.10410982264665
 10
21.03267820600273
 20
134.02534532742158
 10
21.354024556616643
 20
133.9467939972715
 10
21.650110845839016
 20
133.8781548431105
 10
21.91763301500682
 20
133.8086630286494
 10
22.156591064120054
 20
133.73831855388815
 10
22.366984993178715
 20
133.66712141882675
 10
22.55606241473397
 20
133.5855857776262
 10
22.73107094133697
 20
133.4842257844475
 10
22.89201057298772
 20
133.3630414392906
 10
23.038881309686218
 20
133.22203274215553
 10
23.161238062755796
 20
133.05821538199183
 10
23.24863574351978
 20
132.86860504774899
 10
23.30107435197817
 20
132.653201739427
 10
23.318553888130968
 20
132.4120054570259
 10
23.286472544338334
 20
132.10334242837652
 10
23.190228512960434
 20
131.82196452933152
 10
23.02982179399727
 20
131.56787175989086
 10
22.80525238744884
 20
131.34106412005457
 10
22.529097032742154
 20
131.15454467939972
 10
22.213932469304225
 20
131.0213165075034
 10
21.85975869713506
 20
130.9413796043656
 10
21.46657571623465
 20
130.91473396998634
 10
21.211390475784444
 20
130.92208816507502
 10
20.972778819918144
 20
130.94415075034107
 10
20.750740748635742
 20
130.98092172578444
 10
20.545276261937243
 20
131.03240109140518
 10
20.356385359822646
 20
131.09858884720327
 10
20.184068042291948
 20
131.17948499317873
 10
20.028324309345155
 20
131.27508952933152
 10
19.88915416098226
 20
131.38540245566168
 10
19.658189802182807
 20
131.63821623465213
 10
19.48883015006821
 20
131.92598908594817
 10
19.38107520463847
 20
132.2487210095498
 10
19.334924965893585
 20
132.60641200545703
 10
19.962482946793997
 20
132.66098226466576
 10
20.008100272851294
 20
132.3812031036835
 10
20.100613915416098
 20
132.14213847203274
 10
20.2400238744884
 20
131.9437883697135
 10
20.42633015006821
 20
131.7861527967258
 10
20.646956002728512
 20
131.66603427694406
 10
20.88932469304229
 20
131.58023533424284
 10
21.15343622100955
 20
131.5287559686221
 10
21.439290586630285
 20
131.51159618008185
 10
21.70393502728513
 20
131.52587824010914
 10
21.941933833560707
 20
131.568724420191
 10
22.153287005457024
 20
131.64013472032744
 10
22.337994542974076
 20
131.74010914051843
 10
22.48795617326057
 20
131.86459754433835
 10
22.59507162346521
 20
132.00954979536152
 10
22.659340893587995
 20
132.174965893588
 10
22.68076398362892
 20
132.36084583901774
 10
22.65838165075034
 20
132.55162858117328
 10
22.591234652114597
 20
132.71469986357437
 10
22.47932298772169
 20
132.85005968622102
 10
22.32264665757162
 20
132.95770804911322
 10
22.113211971350612
 20
133.05118093451568
 10
21.843025238744882
 20
133.14401432469305
 10
21.512086459754432
 20
133.23620821964528
 10
21.12039563437926
 20
133.32776261937244
 10
20.727852148703953
 20
133.42826995225101
 10
20.394355388813096
 20
133.54732264665756
 10
20.11990535470668
 20
133.68492070259208
 10
19.904502046384717
 20
133.84106412005457
 10
19.741857094133696
 20
134.01884379263302
 10
19.625682128240108
 20
134.22135061391543
 10
19.555977148703956
 20
134.44858458390178
 10
19.532742155525238
 20
134.70054570259208
 10
19.562158935879946
 20
134.98767905866302
 10
19.650409276944064
 20
135.2488062755798
 10
19.7974931787176
 20
135.48392735334244
 10
20.003410641200546
 20
135.6930422919509
 10
20.26006139154161
 20
135.86464017735335
 10
20.559345156889492
 20
135.98721009549797
 10
20.9012619372442
 20
136.06075204638472
 10
21.28581173260573
 20
136.08526603001366
 10
21.681552694406548
 20
136.06085862892226
 10
22.03657912687585
 20
135.98763642564802
 10
22.350891030013642
 20
135.86559942019102
 10
22.624488403819917
 20
135.69474761255117
 10
22.847991984993175
 20
135.47891797407914
 10
23.012022510231922
 20
135.2219474761255
 10
23.11657997953615
 20
134.9238361186903
 10
23.161664392905866
 20
134.58458390177353
 10
22.527285129604365
 20
134.53342428376536
  0
LWPOLYLINE
  5
121
330
17
100
AcDbEntity
  8
TEXT
100
AcDbPolyline
 90
5
 70
0
 10
25.00682128240109
 20
133.91950886766713
 10
24.307639836289223
 20
133.91950886766713
 10
24.307639836289223
 20
134.61869031377898
 10
25.00682128240109
 20
134.61869031377898
 10
25.00682128240109
 20
133.91950886766713
  0
LWPOLYLINE
  5
122
330
17
100
AcDbEntity
  8
TEXT
100
AcDbPolyline
 90
5
 70
0
 10
25.00682128240109
 20
131.0
 10
24.307639836289223
 20
131.0
 10
24.307639836289223
 20
131.69918144611188
 10
25.00682128240109
 20
131.69918144611188
 10
25.00682128240109
 20
131.0
  0
LWPOLYLINE
  5
123
330
17
100
AcDbEntity
  8
TEXT
100
AcDbPolyline
 90
69
 70
0
 10
31.08799454297408
 20
131.0
 10
27.7762619372442
 20
131.0
 10
27.79470071623465
 20
131.21209924965893
 10
27.850017053206003
 20
131.42547748976807
 10
27.94221094815825
 20
131.64013472032744
 10
28.071282401091405
 20
131.85607094133698
 10
28.25087397680764
 20
132.0862892223738
 10
28.49462824010914
 20
132.343792633015
 10
28.802545190995907
 20
132.62858117326059
 10
29.17462482946794
 20
132.9406548431105
 10
29.415288199181447
 20
133.14092343110505
 10
29.642735334242836
 20
133.34609481582538
 10
29.856966234652113
 20
133.55616899727147
 10
30.057980900409277
 20
133.77114597544337
 10
30.228086630286494
 20
133.9888940995907
 10
30.349590723055936
 20
134.20728171896317
 10
30.4224931787176
 20
134.4263088335607
 10
30.446793997271488
 20
134.64597544338335
 10
30.43006053888131
 20
134.82705917462482
 10
30.379860163710777
 20
134.99172919508868
 10
30.296192871759892
 20
135.1399855047749
 10
30.17905866302865
 20
135.2718281036835
 10
30.036344645293315
 20
135.3800093792633
 10
29.87593792633015
 20
135.45728171896315
 10
29.697838506139153
 20
135.50364512278307
 10
29.502046384720327
 20
135.51909959072304
 10
29.304016030013642
 20
135.503218792633
 10
29.122612551159616
 20
135.4555763983629
 10
28.95783594815825
 20
135.3761724079127
 10
28.80968622100955
 20
135.2650068212824
 10
28.68711630286494
 20
135.12229280354708
 10
28.599079126875854
 20
134.94824351978173
 10
28.545574693042294
 20
134.74285896998637
 10
28.526603001364258
 20
134.506139154161
 10
27.895634379263303
 20
134.57776261937244
 10
27.948605900409277
 20
134.90838165075033
 10
28.049539563437925
 20
135.19764665757162
 10
28.198435368349248
 20
135.4455576398363
 10
28.395293315143245
 20
135.65211459754434
 10
28.630947305593452
 20
135.81475954979535
 10
28.896231241473394
 20
135.93093451568893
 10
29.191145122783084
 20
136.0006394952251
 10
29.51568894952251
 20
136.0238744884038
 10
29.86368093451569
 20
135.99840126193723
 10
30.170958390177354
 20
135.9219815825375
 10
30.437521316507503
 20
135.79461545020462
 10
30.66336971350614
 20
135.6163028649386
 10
30.843174454297408
 20
135.4019653819918
 10
30.971606412005457
 20
135.16652455661665
 10
31.04866558663029
 20
134.9099803888131
 10
31.074351978171897
 20
134.63233287858117
 10
31.052715723055936
 20
134.39113659618008
 10
30.98780695770805
 20
134.14844815825376
 10
30.87962568212824
 20
133.90426756480218
 10
30.728171896316507
 20
133.65859481582538
 10
30.630888685197817
 20
133.5301895037517
 10
30.512129092769438
 20
133.39139239427013
 10
30.371893119031377
 20
133.24220348738064
 10
30.21018076398363
 20
133.08262278308322
 10
30.026992027626193
 20
132.9126502813779
 10
29.82232690995907
 20
132.73228598226467
 10
29.596185410982265
 20
132.54152988574353
 10
29.34856753069577
 20
132.34038199181447
 10
29.100230218281038
 20
132.13126705320602
 10
28.8975102319236
 20
131.93707366984992
 10
28.740407571623464
 20
131.75780184174624
 10
28.62892223738063
 20
131.59345156889495
 10
31.08799454297408
 20
131.59345156889495
 10
31.08799454297408
 20
131.0
  0
LWPOLYLINE
  5
124
330
17
100
AcDbEntity
  8
TEXT
100
AcDbPolyline
 90
9
 70
0
 10
37.5
 20
135.40654843110505
 10
35.84583901773534
 20
135.40654843110505
 10
35.84583901773534
 20
131.0
 10
35.18076398362892
 20
131.0
 10
35.18076398362892
 20
135.40654843110505
 10
33.54024556616644
 20
135.40654843110505
 10
33.54024556616644
 20
136.0
 10
37.5
 20
136.0
 10
37.5
 20
135.40654843110505
  0
LWPOLYLINE
  5
125
330
17
100
AcDbEntity
  8
TEXT
100
AcDbPolyline
 90
65
 70
0
 10
40.37858117326057
 20
136.08526603001366
 10
40.63523192360164
 20
136.07412815484312
 10
40.879945429740786
 20
136.04071452933152
 10
41.11272169167803
 20
135.98502515347886
 10
41.33356070941337
 20
135.90706002728513
 10
41.542462482946796
 20
135.80681915075036
 10
41.73942701227831
 20
135.6843025238745
 10
41.92445429740791
 20
135.5395101466576
 10
42.09754433833561
 20
135.3724420190996
 10
42.25422066848568
 20
135.1871482776262
 10
42.3900068212824
 20
134.98767905866302
 10
42.50490279672579
 20
134.7740343622101
 10
42.598908594815825
 20
134.54621418826738
 10
42.672024215552526
 20
134.30421853683492
 10
42.724249658935875
 20
134.0480474079127
 10
42.755584924965895
 20
133.77770080150069
 10
42.76603001364256
 20
133.4931787175989
 10
42.75553163369713
 20
133.20953593963165
 10
42.724036493860844
 20
132.94012193042292
 10
42.6715445941337
 20
132.68493668997272
 10
42.598055934515685
 20
132.44398021828104
 10
42.50357051500682
 20
132.2172525153479
 10
42.388088335607094
 20
132.00475358117325
 10
42.25160939631651
 20
131.80648341575716
 10
42.094133697135064
 20
131.6224420190996
 10
41.92035086971351
 20
131.45657294508868
 10
41.734950545702596
 20
131.31281974761254
 10
41.53793272510232
 20
131.19118242667122
 10
41.32929740791269
 20
131.09166098226467
 10
41.1090445941337
 20
131.0142554143929
 10
40.87717428376535
 20
130.9589657230559
 10
40.63368647680764
 20
130.92579190825373
 10
40.37858117326057
 20
130.91473396998634
 10
40.11489597544338
 20
130.9261915927694
 10
39.864427012278306
 20
130.96056446111868
 10
39.62717428376535
 20
131.01785257503408
 10
39.4031377899045
 20
131.09805593451568
 10
39.19231753069577
 20
131.20117453956343
 10
38.994713506139156
 20
131.32720839017733
 10
38.81032571623465
 20
131.47615748635744
 10
38.639154160982265
 20
131.64802182810368
 10
38.48487593792633
 20
131.83640646316508
 10
38.35116814461119
 20
132.03491643929058
 10
38.238030781036834
 20
132.24355175648023
 10
38.145463847203274
 20
132.46231241473396
 10
38.0734673431105
 20
132.69119841405185
 10
38.02204126875852
 20
132.93020975443383
 10
37.991185624147334
 20
133.17934643587995
 10
37.98090040927694
 20
133.43860845839018
 10
37.99131885231923
 20
133.738238616985
 10
38.02257418144611
 20
134.02150835607094
 10
38.07466639665757
 20
134.28841767564802
 10
38.14759549795362
 20
134.53896657571624
 10
38.24136148533424
 20
134.77315505627558
 10
38.355964358799454
 20
134.99098311732607
 10
38.49140411834925
 20
135.19245075886766
 10
38.64768076398363
 20
135.3775579809004
 10
38.820584285470666
 20
135.54342705491132
 10
39.005904672578446
 20
135.68718025238746
 10
39.203641925306954
 20
135.80881757332878
 10
39.413796043656205
 20
135.90833901773533
 10
39.63636702762619
 20
135.9857445856071
 10
39.871354877216916
 20
136.0410342769441
 10
40.118759592428376
 20
136.07420809174627
 10
40.37858117326057
 20
136.08526603001366
  0
LWPOLYLINE
  5
126
330
17
100
AcDbEntity
  8
TEXT
100
AcDbPolyline
 90
41
 70
0
 10
40.37175989085948
 20
131.48090040927696
 10
40.73403393587994
 20
131.5141541609823
 10
41.060283083219645
 20
131.61391541609822
 10
41.35050733287858
 20
131.78018417462485
 10
41.60470668485675
 20
132.01296043656208
 10
41.811583390177354
 20
132.3049965893588
 10
41.95983969986358
 20
132.64904502046386
 10
42.04947561391542
 20
133.0451057298772
 10
42.08049113233288
 20
133.4931787175989
 10
42.07295041780355
 20
133.7300051159618
 10
42.05032827421555
 20
133.95276261937244
 10
42.012624701568896
 20
134.16145122783084
 10
41.95983969986358
 20
134.35607094133695
 10
41.891973269099594
 20
134.53662175989086
 10
41.80902540927694
 20
134.7031036834925
 10
41.710996120395635
 20
134.85551671214188
 10
41.59788540245566
 20
134.993860845839
 10
41.34112806957708
 20
135.2236527967258
 10
41.05346180081855
 20
135.38778990450203
 10
40.73488659618008
 20
135.4862721691678
 10
40.38540245566166
 20
135.51909959072304
 10
40.026858799454295
 20
135.4869116643929
 10
39.70156889495225
 20
135.39034788540243
 10
39.40953274215553
 20
135.2294082537517
 10
39.15075034106412
 20
135.00409276944066
 10
39.03723993860846
 20
134.86676116984992
 10
38.938864256480215
 20
134.71226978171896
 10
38.8556232946794
 20
134.54061860504774
 10
38.787517053206
 20
134.3518076398363
 10
38.734545532060025
 20
134.1458368860846
 10
38.69670873124147
 20
133.92270634379264
 10
38.67400665075034
 20
133.68241601296043
 10
38.66643929058663
 20
133.424965893588
 10
38.69606923601637
 20
133.01089273533424
 10
38.7849590723056
 20
132.63838676671213
 10
38.933108799454295
 20
132.3074479877217
 10
39.14051841746248
 20
132.0180763983629
 10
39.39525068212824
 20
131.7830619031378
 10
39.68536834924966
 20
131.61519440654843
 10
40.01087141882674
 20
131.51447390859482
 10
40.37175989085948
 20
131.48090040927696
  0
LWPOLYLINE
  5
127
330
17
100
AcDbEntity
  8
TEXT
100
AcDbPolyline
 90
9
 70
0
 10
47.19986357435197
 20
135.40654843110505
 10
45.54570259208731
 20
135.40654843110505
 10
45.54570259208731
 20
131.0
 10
44.880627557980894
 20
131.0
 10
44.880627557980894
 20
135.40654843110505
 10
43.24010914051841
 20
135.40654843110505
 10
43.24010914051841
 20
136.0
 10
47.19986357435197
 20
136.0
 10
47.19986357435197
 20
135.40654843110505
  0
LWPOLYLINE
  5
128
330
17
100
AcDbEntity
  8
TEXT
100
AcDbPolyline
 90
9
 70
0
 10
52.01909959072305
 20
131.0
 10
51.27216916780354
 20
131.0
 10
50.68553888130968
 20
132.52114597544337
 10
48.59822646657571
 20
132.52114597544337
 10
48.04570259208731
 20
131.0
 10
47.34652114597544
 20
131.0
 10
49.26671214188267
 20
136.0
 10
49.97953615279672
 20
136.0
 10
52.01909959072305
 20
131.0
  0
LWPOLYLINE
  5
129
330
17
100
AcDbEntity
  8
TEXT
100
AcDbPolyline
 90
20
 70
0
 10
50.48431105047749
 20
133.0463847203274
 10
50.33919892564802
 20
133.43032166609822
 10
50.210820259208724
 20
133.77039989768076
 10
50.09917505115961
 20
134.06661941507502
 10
50.00426330150068
 20
134.31898021828104
 10
49.926085010231915
 20
134.52748230729878
 10
49.86464017735334
 20
134.69212568212825
 10
49.81992880286493
 20
134.81291034276944
 10
49.791950886766706
 20
134.8898362892224
 10
49.75166268758526
 20
135.00910214870396
 10
49.70924283765348
 20
135.1469133697135
 10
49.664691336971345
 20
135.30326995225101
 10
49.618008185538876
 20
135.4781718963165
 10
49.60095497953615
 20
135.4781718963165
 10
49.54915586630286
 20
135.23047407912688
 10
49.48925648021827
 20
134.99215552523873
 10
49.4212568212824
 20
134.7632162346521
 10
49.34515688949522
 20
134.54365620736698
 10
48.78581173260572
 20
133.0463847203274
 10
50.48431105047749
 20
133.0463847203274
  0
LWPOLYLINE
  5
12A
330
17
100
AcDbEntity
  8
TEXT
100
AcDbPolyline
 90
7
 70
0
 10
55.66507503410641
 20
131.0
 10
52.537517053205995
 20
131.0
 10
52.537517053205995
 20
136.0
 10
53.199181446111865
 20
136.0
 10
53.199181446111865
 20
131.59345156889495
 10
55.66507503410641
 20
131.59345156889495
 10
55.66507503410641
 20
131.0
  0
LWPOLYLINE
  5
12B
330
17
100
AcDbEntity
  8
TEXT
100
AcDbPolyline
 90
18
 70
0
 10
57.22373806275579
 20
131.0
 10
57.213399556616636
 20
130.79621418826738
 10
57.182384038199174
 20
130.61800818553888
 10
57.13069150750341
 20
130.46538199181447
 10
57.05832196452933
 20
130.33833560709414
 10
56.97081770122783
 20
130.23239256480218
 10
56.87372100954979
 20
130.1430763983629
 10
56.76703188949522
 20
130.07038710777624
 10
56.65075034106412
 20
130.01432469304228
 10
56.48362892223737
 20
130.27353342428376
 10
56.65096350613915
 20
130.38032912687584
 10
56.77097544338335
 20
130.5370054570259
 10
56.84366473396998
 20
130.74356241473396
 10
56.86903137789904
 20
131.0
 10
56.52455661664392
 20
131.0
 10
56.52455661664392
 20
131.69918144611188
 10
57.22373806275579
 20
131.69918144611188
 10
57.22373806275579
 20
131.0
  0
LWPOLYLINE
  5
12C
330
17
100
AcDbEntity
  8
TEXT
100
AcDbPolyline
 90
107
 70
0
 10
63.284447476125514
 20
134.53342428376536
 10
63.24756991814461
 20
134.75735419508868
 10
63.177864938608465
 20
134.9516541609823
 10
63.075332537517056
 20
135.11632418144612
 10
62.9399727148704
 20
135.25136425648023
 10
62.77178547066849
 20
135.35656122100954
 10
62.57077080491133
 20
135.43170190995906
 10
62.33692871759891
 20
135.47678632332878
 10
62.070259208731244
 20
135.49181446111868
 10
61.82639836289223
 20
135.47987721691678
 10
61.606412005457024
 20
135.44406548431104
 10
61.41030013642565
 20
135.3843792633015
 10
61.23806275579809
 20
135.30081855388812
 10
61.09780013642565
 20
135.1944491814461
 10
60.99761255115962
 20
135.0663369713506
 10
60.9375
 20
134.91648192360162
 10
60.917462482946796
 20
134.7448840381992
 10
60.93291695088677
 20
134.5932170873124
 10
60.97928035470669
 20
134.46222714870396
 10
61.05655269440655
 20
134.3519142223738
 10
61.16473396998636
 20
134.26227830832195
 10
61.31661408594816
 20
134.1830874829468
 10
61.524982946794
 20
134.10410982264665
 10
61.78984055252388
 20
134.02534532742158
 10
62.11118690313779
 20
133.9467939972715
 10
62.407273192360165
 20
133.8781548431105
 10
62.67479536152797
 20
133.8086630286494
 10
62.9137534106412
 20
133.73831855388815
 10
63.12414733969987
 20
133.66712141882675
 10
63.31322476125512
 20
133.5855857776262
 10
63.48823328785812
 20
133.4842257844475
 10
63.64917291950887
 20
133.3630414392906
 10
63.79604365620737
 20
133.22203274215553
 10
63.91840040927695
 20
133.05821538199183
 10
64.00579809004093
 20
132.86860504774899
 10
64.05823669849933
 20
132.653201739427
 10
64.07571623465212
 20
132.4120054570259
 10
64.0436348908595
 20
132.10334242837652
 10
63.94739085948159
 20
131.82196452933152
 10
63.78698414051842
 20
131.56787175989086
 10
63.56241473396999
 20
131.34106412005457
 10
63.286259379263306
 20
131.15454467939972
 10
62.97109481582538
 20
131.0213165075034
 10
62.61692104365621
 20
130.9413796043656
 10
62.2237380627558
 20
130.91473396998634
 10
61.9685528223056
 20
130.92208816507502
 10
61.72994116643929
 20
130.94415075034107
 10
61.50790309515689
 20
130.98092172578444
 10
61.30243860845839
 20
131.03240109140518
 10
61.113547706343795
 20
131.09858884720327
 10
60.941230388813096
 20
131.17948499317873
 10
60.78548665586631
 20
131.27508952933152
 10
60.646316507503414
 20
131.38540245566168
 10
60.41535214870396
 20
131.63821623465213
 10
60.24599249658936
 20
131.92598908594817
 10
60.13823755115962
 20
132.2487210095498
 10
60.09208731241473
 20
132.60641200545703
 10
60.719645293315146
 20
132.66098226466576
 10
60.76526261937244
 20
132.3812031036835
 10
60.857776261937246
 20
132.14213847203274
 10
60.99718622100955
 20
131.9437883697135
 10
61.18349249658936
 20
131.7861527967258
 10
61.40411834924966
 20
131.66603427694406
 10
61.64648703956344
 20
131.58023533424284
 10
61.9105985675307
 20
131.5287559686221
 10
62.196452933151434
 20
131.51159618008185
 10
62.461097373806275
 20
131.52587824010914
 10
62.69909618008185
 20
131.568724420191
 10
62.91044935197817
 20
131.64013472032744
 10
63.09515688949523
 20
131.74010914051843
 10
63.24511851978172
 20
131.86459754433835
 10
63.35223396998636
 20
132.00954979536152
 10
63.416503240109144
 20
132.174965893588
 10
63.43792633015007
 20
132.36084583901774
 10
63.41554399727149
 20
132.55162858117328
 10
63.34839699863575
 20
132.71469986357437
 10
63.23648533424284
 20
132.85005968622102
 10
63.07980900409277
 20
132.95770804911322
 10
62.870374317871764
 20
133.05118093451568
 10
62.60018758526603
 20
133.14401432469305
 10
62.269248806275584
 20
133.23620821964528
 10
61.87755798090041
 20
133.32776261937244
 10
61.4850144952251
 20
133.42826995225101
 10
61.151517735334245
 20
133.54732264665756
 10
60.87706770122783
 20
133.68492070259208
 10
60.66166439290587
 20
133.84106412005457
 10
60.49901944065484
 20
134.01884379263302
 10
60.38284447476126
 20
134.22135061391543
 10
60.3131394952251
 20
134.44858458390178
 10
60.28990450204638
 20
134.70054570259208
 10
60.31932128240109
 20
134.98767905866302
 10
60.40757162346521
 20
135.2488062755798
 10
60.55465552523874
 20
135.48392735334244
 10
60.760572987721694
 20
135.6930422919509
 10
61.01722373806276
 20
135.86464017735335
 10
61.31650750341064
 20
135.98721009549797
 10
61.65842428376535
 20
136.06075204638472
 10
62.04297407912688
 20
136.08526603001366
 10
62.4387150409277
 20
136.06085862892226
 10
62.793741473397
 20
135.98763642564802
 10
63.10805337653479
 20
135.86559942019102
 10
63.381650750341066
 20
135.69474761255117
 10
63.60515433151433
 20
135.47891797407914
 10
63.76918485675307
 20
135.2219474761255
 10
63.8737423260573
 20
134.9238361186903
 10
63.91882673942701
 20
134.58458390177353
 10
63.284447476125514
 20
134.53342428376536
  0
LWPOLYLINE
  5
12D
330
17
100
AcDbEntity
  8
TEXT
100
AcDbPolyline
 90
13
 70
0
 10
68.72442019099591
 20
131.0
 10
64.98976807639836
 20
131.0
 10
64.98976807639836
 20
136.0
 10
68.60845839017736
 20
136.0
 10
68.60845839017736
 20
135.40654843110505
 10
65.65143246930423
 20
135.40654843110505
 10
65.65143246930423
 20
133.87858117326059
 10
68.4174624829468
 20
133.87858117326059
 10
68.4174624829468
 20
133.2851296043656
 10
65.65143246930423
 20
133.2851296043656
 10
65.65143246930423
 20
131.59345156889495
 10
68.72442019099591
 20
131.59345156889495
 10
68.72442019099591
 20
131.0
  0
LWPOLYLINE
  5
12E
330
17
100
AcDbEntity
  8
TEXT
100
AcDbPolyline
 90
13
 70
0
 10
73.38335607094135
 20
131.0
 10
69.6487039563438
 20
131.0
 10
69.6487039563438
 20
136.0
 10
73.2673942701228
 20
136.0
 10
73.2673942701228
 20
135.40654843110505
 10
70.31036834924966
 20
135.40654843110505
 10
70.31036834924966
 20
133.87858117326059
 10
73.07639836289223
 20
133.87858117326059
 10
73.07639836289223
 20
133.2851296043656
 10
70.31036834924966
 20
133.2851296043656
 10
70.31036834924966
 20
131.59345156889495
 10
73.38335607094135
 20
131.59345156889495
 10
73.38335607094135
 20
131.0
  0
LWPOLYLINE
  5
12F
330
17
100
AcDbEntity
  8
TEXT
100
AcDbPolyline
 90
13
 70
0
 10
80.18076398362894
 20
131.0
 10
79.51568894952253
 20
131.0
 10
79.51568894952253
 20
133.35334242837652
 10
76.91678035470669
 20
133.35334242837652
 10
76.91678035470669
 20
131.0
 10
76.25511596180083
 20
131.0
 10
76.25511596180083
 20
136.0
 10
76.91678035470669
 20
136.0
 10
76.91678035470669
 20
133.9467939972715
 10
79.51568894952253
 20
133.9467939972715
 10
79.51568894952253
 20
136.0
 10
80.18076398362894
 20
136.0
 10
80.18076398362894
 20
131.0
  0
LWPOLYLINE
  5
130
330
17
100
AcDbEntity
  8
TEXT
100
AcDbPolyline
 90
65
 70
0
 10
83.46521145975444
 20
136.08526603001366
 10
83.72186221009551
 20
136.07412815484312
 10
83.96657571623466
 20
136.04071452933152
 10
84.1993519781719
 20
135.98502515347886
 10
84.42019099590725
 20
135.90706002728513
 10
84.62909276944067
 20
135.80681915075036
 10
84.82605729877218
 20
135.6843025238745
 10
85.01108458390179
 20
135.5395101466576
 10
85.18417462482948
 20
135.3724420190996
 10
85.34085095497954
 20
135.1871482776262
 10
85.47663710777627
 20
134.98767905866302
 10
85.59153308321966
 20
134.7740343622101
 10
85.6855388813097
 20
134.54621418826738
 10
85.7586545020464
 20
134.30421853683492
 10
85.81087994542975
 20
134.0480474079127
 10
85.84221521145976
 20
133.77770080150069
 10
85.85266030013644
 20
133.4931787175989
 10
85.842161920191
 20
133.20953593963165
 10
85.81066678035472
 20
132.94012193042292
 10
85.75817488062756
 20
132.68493668997272
 10
85.68468622100956
 20
132.44398021828104
 10
85.5902008015007
 20
132.2172525153479
 10
85.47471862210097
 20
132.00475358117325
 10
85.33823968281038
 20
131.80648341575716
 10
85.18076398362894
 20
131.6224420190996
 10
85.00698115620739
 20
131.45657294508868
 10
84.82158083219647
 20
131.31281974761254
 10
84.6245630115962
 20
131.19118242667122
 10
84.41592769440656
 20
131.09166098226467
 10
84.19567488062756
 20
131.0142554143929
 10
83.96380457025921
 20
130.9589657230559
 10
83.72031676330151
 20
130.92579190825373
 10
83.46521145975444
 20
130.91473396998634
 10
83.20152626193726
 20
130.9261915927694
 10
82.95105729877218
 20
130.96056446111868
 10
82.71380457025921
 20
131.01785257503408
 10
82.48976807639838
 20
131.09805593451568
 10
82.27894781718965
 20
131.20117453956343
 10
82.08134379263302
 20
131.32720839017733
 10
81.89695600272852
 20
131.47615748635744
 10
81.72578444747613
 20
131.64802182810368
 10
81.57150622442019
 20
131.83640646316508
 10
81.43779843110505
 20
132.03491643929058
 10
81.3246610675307
 20
132.24355175648023
 10
81.23209413369715
 20
132.46231241473396
 10
81.16009762960438
 20
132.69119841405185
 10
81.1086715552524
 20
132.93020975443383
 10
81.0778159106412
 20
133.17934643587995
 10
81.06753069577081
 20
133.43860845839018
 10
81.07794913881311
 20
133.738238616985
 10
81.10920446793997
 20
134.02150835607094
 10
81.16129668315143
 20
134.28841767564802
 10
81.23422578444749
 20
134.53896657571624
 10
81.32799177182811
 20
134.77315505627558
 10
81.44259464529333
 20
134.99098311732607
 10
81.57803440484312
 20
135.19245075886766
 10
81.7343110504775
 20
135.3775579809004
 10
81.90721457196454
 20
135.54342705491132
 10
82.09253495907232
 20
135.68718025238746
 10
82.29027221180083
 20
135.80881757332878
 10
82.50042633015008
 20
135.90833901773533
 10
82.72299731412006
 20
135.9857445856071
 10
82.95798516371079
 20
136.0410342769441
 10
83.20538987892225
 20
136.07420809174627
 10
83.46521145975444
 20
136.08526603001366
  0
LWPOLYLINE
  5
131
330
17
100
AcDbEntity
  8
TEXT
100
AcDbPolyline
 90
41
 70
0
 10
83.45839017735335
 20
131.48090040927696
 10
83.82066422237381
 20
131.5141541609823
 10
84.14691336971352
 20
131.61391541609822
 10
84.43713761937245
 20
131.78018417462485
 10
84.69133697135062
 20
132.01296043656208
 10
84.89821367667122
 20
132.3049965893588
 10
85.04646998635745
 20
132.64904502046386
 10
85.13610590040929
 20
133.0451057298772
 10
85.16712141882675
 20
133.4931787175989
 10
85.15958070429743
 20
133.7300051159618
 10
85.13695856070943
 20
133.95276261937244
 10
85.09925498806277
 20
134.16145122783084
 10
85.04646998635745
 20
134.35607094133695
 10
84.97860355559347
 20
134.53662175989086
 10
84.89565569577081
 20
134.7031036834925
 10
84.7976264068895
 20
134.85551671214188
 10
84.68451568894953
 20
134.993860845839
 10
84.42775835607095
 20
135.2236527967258
 10
84.14009208731242
 20
135.38778990450203
 10
83.82151688267395
 20
135.4862721691678
 10
83.47203274215553
 20
135.51909959072304
 10
83.11348908594817
 20
135.4869116643929
 10
82.78819918144612
 20
135.39034788540243
 10
82.4961630286494
 20
135.2294082537517
 10
82.237380627558
 20
135.00409276944066
 10
82.12387022510234
 20
134.86676116984992
 10
82.02549454297409
 20
134.71226978171896
 10
81.94225358117328
 20
134.54061860504774
 10
81.87414733969987
 20
134.3518076398363
 10
81.8211758185539
 20
134.1458368860846
 10
81.78333901773534
 20
133.92270634379264
 10
81.7606369372442
 20
133.68241601296043
 10
81.7530695770805
 20
133.424965893588
 10
81.78269952251024
 20
133.01089273533424
 10
81.87158935879947
 20
132.63838676671213
 10
82.01973908594817
 20
132.3074479877217
 10
82.22714870395636
 20
132.0180763983629
 10
82.48188096862212
 20
131.7830619031378
 10
82.77199863574353
 20
131.61519440654843
 10
83.09750170532061
 20
131.51447390859482
 10
83.45839017735335
 20
131.48090040927696
  0
LWPOLYLINE
  5
132
330
17
100
AcDbEntity
  8
TEXT
100
AcDbPolyline
 90
7
 70
0
 10
89.82605729877217
 20
131.0
 10
86.69849931787176
 20
131.0
 10
86.69849931787176
 20
136.0
 10
87.36016371077763
 20
136.0
 10
87.36016371077763
 20
131.59345156889495
 10
89.82605729877217
 20
131.59345156889495
 10
89.82605729877217
 20
131.0
  0
LWPOLYLINE
  5
133
330
17
100
AcDbEntity
  8
TEXT
100
AcDbPolyline
 90
13
 70
0
 10
94.34515688949524
 20
131.0
 10
90.61050477489769
 20
131.0
 10
90.61050477489769
 20
136.0
 10
94.22919508867669
 20
136.0
 10
94.22919508867669
 20
135.40654843110505
 10
91.27216916780355
 20
135.40654843110505
 10
91.27216916780355
 20
133.87858117326059
 10
94.03819918144613
 20
133.87858117326059
 10
94.03819918144613
 20
133.2851296043656
 10
91.27216916780355
 20
133.2851296043656
 10
91.27216916780355
 20
131.59345156889495
 10
94.34515688949524
 20
131.59345156889495
 10
94.34515688949524
 20
131.0
  0
LWPOLYLINE
  5
134
330
17
100
AcDbEntity
  8
TEXT
100
AcDbPolyline
 90
7
 70
0
 10
100.31036834924967
 20
131.0
 10
97.18281036834927
 20
131.0
 10
97.18281036834927
 20
136.0
 10
97.84447476125513
 20
136.0
 10
97.84447476125513
 20
131.59345156889495
 10
100.31036834924967
 20
131.59345156889495
 10
100.31036834924967
 20
131.0
  0
LWPOLYLINE
  5
135
330
17
100
AcDbEntity
  8
TEXT
100
AcDbPolyline
 90
9
 70
0
 10
105.20804911323332
 20
131.0
 10
104.46111869031381
 20
131.0
 10
103.87448840381994
 20
132.52114597544337
 10
101.78717598908597
 20
132.52114597544337
 10
101.23465211459757
 20
131.0
 10
100.5354706684857
 20
131.0
 10
102.45566166439293
 20
136.0
 10
103.16848567530698
 20
136.0
 10
105.20804911323332
 20
131.0
  0
LWPOLYLINE
  5
136
330
17
100
AcDbEntity
  8
TEXT
100
AcDbPolyline
 90
20
 70
0
 10
103.67326057298774
 20
133.0463847203274
 10
103.52814844815828
 20
133.43032166609822
 10
103.39976978171899
 20
133.77039989768076
 10
103.28812457366988
 20
134.06661941507502
 10
103.19321282401094
 20
134.31898021828104
 10
103.11503453274219
 20
134.52748230729878
 10
103.0535896998636
 20
134.69212568212825
 10
103.00887832537519
 20
134.81291034276944
 10
102.98090040927697
 20
134.8898362892224
 10
102.94061221009552
 20
135.00910214870396
 10
102.89819236016373
 20
135.1469133697135
 10
102.85364085948162
 20
135.30326995225101
 10
102.80695770804914
 20
135.4781718963165
 10
102.78990450204641
 20
135.4781718963165
 10
102.73810538881312
 20
135.23047407912688
 10
102.67820600272854
 20
134.99215552523873
 10
102.61020634379265
 20
134.7632162346521
 10
102.53410641200549
 20
134.54365620736698
 10
101.974761255116
 20
133.0463847203274
 10
103.67326057298774
 20
133.0463847203274
  0
LWPOLYLINE
  5
137
330
17
100
AcDbEntity
  8
TEXT
100
AcDbPolyline
 90
44
 70
0
 10
108.56070941336974
 20
133.66030013642566
 10
108.78122868349253
 20
133.5774855047749
 10
108.97211800818556
 20
133.4722885402456
 10
109.13337738744887
 20
133.34470924283767
 10
109.26500682128243
 20
133.19474761255117
 10
109.36721947476128
 20
133.0275196111869
 10
109.44022851296046
 20
132.8481412005457
 10
109.48403393587998
 20
132.65661238062756
 10
109.49863574351981
 20
132.45293315143246
 10
109.4854195088677
 20
132.2474420190996
 10
109.44577080491135
 20
132.05047748976807
 10
109.37968963165078
 20
131.86203956343792
 10
109.28717598908598
 20
131.68212824010914
 10
109.17036152796729
 20
131.5180977148704
 10
109.03137789904505
 20
131.37730218281038
 10
108.87022510231927
 20
131.25974164392906
 10
108.68690313778993
 20
131.16541609822647
 10
108.47523021828106
 20
131.09304655525239
 10
108.22902455661666
 20
131.04135402455663
 10
107.94828615279675
 20
131.01033850613916
 10
107.63301500682131
 20
131.0
 10
105.71964529331517
 20
131.0
 10
105.71964529331517
 20
136.0
 10
107.59549795361531
 20
136.0
 10
107.81476487892226
 20
135.993818212824
 10
108.01724505457028
 20
135.97527285129604
 10
108.20293848055937
 20
135.9443639154161
 10
108.37184515688952
 20
135.90109140518416
 10
108.52396508356074
 20
135.84545532060028
 10
108.65929826057301
 20
135.7774556616644
 10
108.77784468792636
 20
135.69709242837655
 10
108.87960436562076
 20
135.6043656207367
 10
109.0429953956344
 20
135.40100613915416
 10
109.15970327421559
 20
135.18656207366985
 10
109.2297280013643
 20
134.96103342428378
 10
109.25306957708052
 20
134.72442019099591
 10
109.2423047407913
 20
134.56380030695772
 10
109.21001023192363
 20
134.4093622100955
 10
109.15618605047752
 20
134.26110590040926
 10
109.08083219645296
 20
134.11903137789903
 10
108.98373550477493
 20
133.98612295361528
 10
108.86468281036838
 20
133.86536493860845
 10
108.72367411323332
 20
133.75675733287858
 10
108.56070941336974
 20
133.66030013642566
  0
LWPOLYLINE
  5
138
330
17
100
AcDbEntity
  8
TEXT
100
AcDbPolyline
 90
28
 70
0
 10
106.38130968622103
 20
133.90586630286495
 10
107.46589358799457
 20
133.90586630286495
 10
107.62630030695773
 20
133.90821111869033
 10
107.77327762619376
 20
133.91524556616645
 10
107.90682554570262
 20
133.92696964529333
 10
108.02694406548434
 20
133.94338335607094
 10
108.13704382673946
 20
133.96981582537518
 10
108.2405354706685
 20
134.01159618008185
 10
108.33741899727151
 20
134.068724420191
 10
108.42769440654845
 20
134.1412005457026
 10
108.50379433833562
 20
134.23243519781718
 10
108.55815143246933
 20
134.34583901773533
 10
108.59076568894955
 20
134.48141200545703
 10
108.60163710777628
 20
134.63915416098226
 10
108.59065910641203
 20
134.80489000682127
 10
108.55772510231927
 20
134.94739085948157
 10
108.50283509549799
 20
135.06665671896317
 10
108.42598908594819
 20
135.16268758526604
 10
108.33390177353346
 20
135.23889409959074
 10
108.23328785811735
 20
135.2986869031378
 10
108.12414733969989
 20
135.34206599590723
 10
108.00648021828107
 20
135.36903137789903
 10
107.87591660982268
 20
135.38544508867668
 10
107.72808663028653
 20
135.39716916780355
 10
107.5629902796726
 20
135.40420361527967
 10
107.38062755798093
 20
135.40654843110505
 10
106.38130968622103
 20
135.40654843110505
 10
106.38130968622103
 20
133.90586630286495
  0
LWPOLYLINE
  5
139
330
17
100
AcDbEntity
  8
TEXT
100
AcDbPolyline
 90
20
 70
0
 10
106.38130968622103
 20
131.59345156889495
 10
107.62619372442022
 20
131.59345156889495
 10
107.9348567530696
 20
131.60773362892223
 10
108.1923601637108
 20
131.65057980900409
 10
108.39870395634381
 20
131.72199010914053
 10
108.55388813096864
 20
131.82196452933152
 10
108.66729195088679
 20
131.94709242837655
 10
108.74829467939975
 20
132.09396316507502
 10
108.79689631650753
 20
132.262576739427
 10
108.81309686221012
 20
132.45293315143246
 10
108.79583049113235
 20
132.64467513642563
 10
108.74403137789906
 20
132.81403478854025
 10
108.65769952251026
 20
132.96101210777627
 10
108.53683492496592
 20
133.0856070941337
 10
108.37099249658938
 20
133.18483543656208
 10
108.14972714870399
 20
133.2557128240109
 10
107.87303888130971
 20
133.2982392564802
 10
107.54092769440658
 20
133.31241473396997
 10
106.38130968622103
 20
133.31241473396997
 10
106.38130968622103
 20
131.59345156889495
  0
LWPOLYLINE
  5
13A
330
17
100
AcDbEntity
  8
TEXT
100
AcDbPolyline
 90
13
 70
0
 10
114.14733969986361
 20
131.0
 10
110.41268758526606
 20
131.0
 10
110.41268758526606
 20
136.0
 10
114.03137789904505
 20
136.0
 10
114.03137789904505
 20
135.40654843110505
 10
111.07435197817192
 20
135.40654843110505
 10
111.07435197817192
 20
133.87858117326059
 10
113.8403819918145
 20
133.87858117326059
 10
113.8403819918145
 20
133.2851296043656
 10
111.07435197817192
 20
133.2851296043656
 10
111.07435197817192
 20
131.59345156889495
 10
114.14733969986361
 20
131.59345156889495
 10
114.14733969986361
 20
131.0
  0
LWPOLYLINE
  5
13B
330
17
100
AcDbEntity
  8
TEXT
100
AcDbPolyline
 90
7
 70
0
 10
118.17189631650753
 20
131.0
 10
115.04433833560712
 20
131.0
 10
115.04433833560712
 20
136.0
 10
115.70600272851298
 20
136.0
 10
115.70600272851298
 20
131.59345156889495
 10
118.17189631650753
 20
131.59345156889495
 10
118.17189631650753
 20
131.0
  0
LWPOLYLINE
  5
13C
330
17
100
AcDbEntity
  8
TEXT
100
AcDbPolyline
 90
107
 70
0
 10
121.90995907230563
 20
134.53342428376536
 10
121.87308151432472
 20
134.75735419508868
 10
121.80337653478857
 20
134.9516541609823
 10
121.70084413369717
 20
135.11632418144612
 10
121.56548431105051
 20
135.25136425648023
 10
121.39729706684861
 20
135.35656122100954
 10
121.19628240109144
 20
135.43170190995906
 10
120.96244031377903
 20
135.47678632332878
 10
120.69577080491136
 20
135.49181446111868
 10
120.45190995907234
 20
135.47987721691678
 10
120.23192360163715
 20
135.44406548431104
 10
120.03581173260577
 20
135.3843792633015
 10
119.86357435197822
 20
135.30081855388812
 10
119.72331173260577
 20
135.1944491814461
 10
119.62312414733974
 20
135.0663369713506
 10
119.56301159618012
 20
134.91648192360162
 10
119.5429740791269
 20
134.7448840381992
 10
119.55842854706688
 20
134.5932170873124
 10
119.6047919508868
 20
134.46222714870396
 10
119.68206429058667
 20
134.3519142223738
 10
119.79024556616648
 20
134.26227830832195
 10
119.94212568212828
 20
134.1830874829468
 10
120.15049454297412
 20
134.10410982264665
 10
120.415352148704
 20
134.02534532742158
 10
120.73669849931791
 20
133.9467939972715
 10
121.03278478854028
 20
133.8781548431105
 10
121.30030695770809
 20
133.8086630286494
 10
121.53926500682131
 20
133.73831855388815
 10
121.74965893587998
 20
133.66712141882675
 10
121.93873635743523
 20
133.5855857776262
 10
122.11374488403824
 20
133.4842257844475
 10
122.27468451568899
 20
133.3630414392906
 10
122.42155525238749
 20
133.22203274215553
 10
122.54391200545707
 20
133.05821538199183
 10
122.63130968622104
 20
132.86860504774899
 10
122.68374829467945
 20
132.653201739427
 10
122.70122783083224
 20
132.4120054570259
 10
122.6691464870396
 20
132.10334242837652
 10
122.5729024556617
 20
131.82196452933152
 10
122.41249573669853
 20
131.56787175989086
 10
122.1879263301501
 20
131.34106412005457
 10
121.91177097544342
 20
131.15454467939972
 10
121.59660641200549
 20
131.0213165075034
 10
121.24243263983632
 20
130.9413796043656
 10
120.84924965893592
 20
130.91473396998634
 10
120.59406441848571
 20
130.92208816507502
 10
120.35545276261941
 20
130.94415075034107
 10
120.13341469133701
 20
130.98092172578444
 10
119.9279502046385
 20
131.03240109140518
 10
119.73905930252391
 20
131.09858884720327
 10
119.56674198499321
 20
131.17948499317873
 10
119.41099825204643
 20
131.27508952933152
 10
119.27182810368353
 20
131.38540245566168
 10
119.04086374488408
 20
131.63821623465213
 10
118.87150409276947
 20
131.92598908594817
 10
118.76374914733974
 20
132.2487210095498
 10
118.71759890859485
 20
132.60641200545703
 10
119.34515688949526
 20
132.66098226466576
 10
119.39077421555255
 20
132.3812031036835
 10
119.48328785811736
 20
132.14213847203274
 10
119.62269781718967
 20
131.9437883697135
 10
119.80900409276948
 20
131.7861527967258
 10
120.02962994542979
 20
131.66603427694406
 10
120.27199863574356
 20
131.58023533424284
 10
120.53611016371082
 20
131.5287559686221
 10
120.82196452933155
 20
131.51159618008185
 10
121.0866089699864
 20
131.52587824010914
 10
121.32460777626197
 20
131.568724420191
 10
121.53596094815829
 20
131.64013472032744
 10
121.72066848567535
 20
131.74010914051843
 10
121.87063011596183
 20
131.86459754433835
 10
121.97774556616648
 20
132.00954979536152
 10
122.04201483628925
 20
132.174965893588
 10
122.06343792633018
 20
132.36084583901774
 10
122.0410555934516
 20
132.55162858117328
 10
121.97390859481585
 20
132.71469986357437
 10
121.86199693042295
 20
132.85005968622102
 10
121.70532060027288
 20
132.95770804911322
 10
121.49588591405188
 20
133.05118093451568
 10
121.22569918144615
 20
133.14401432469305
 10
120.89476040245569
 20
133.23620821964528
 10
120.50306957708052
 20
133.32776261937244
 10
120.11052609140522
 20
133.42826995225101
 10
119.77702933151436
 20
133.54732264665756
 10
119.50257929740795
 20
133.68492070259208
 10
119.28717598908598
 20
133.84106412005457
 10
119.12453103683495
 20
134.01884379263302
 10
119.00835607094137
 20
134.22135061391543
 10
118.93865109140522
 20
134.44858458390178
 10
118.9154160982265
 20
134.70054570259208
 10
118.94483287858121
 20
134.98767905866302
 10
119.03308321964533
 20
135.2488062755798
 10
119.18016712141886
 20
135.48392735334244
 10
119.3860845839018
 20
135.6930422919509
 10
119.64273533424287
 20
135.86464017735335
 10
119.94201909959077
 20
135.98721009549797
 10
120.28393587994547
 20
136.06075204638472
 10
120.668485675307
 20
136.08526603001366
 10
121.06422663710781
 20
136.06085862892226
 10
121.41925306957711
 20
135.98763642564802
 10
121.7335649727149
 20
135.86559942019102
 10
122.00716234652118
 20
135.69474761255117
 10
122.23066592769445
 20
135.47891797407914
 10
122.39469645293319
 20
135.2219474761255
 10
122.49925392223743
 20
134.9238361186903
 10
122.54433833560714
 20
134.58458390177353
 10
121.90995907230563
 20
134.53342428376536
  0
LWPOLYLINE
  5
13E
330
17
100
AcDbEntity
  8
TEXT
100
AcDbPolyline
 90
11
 70
0
 10
3.9324693042291954
 20
126.40654843110505
 10
1.2210095497953615
 20
126.40654843110505
 10
1.2210095497953615
 20
124.8581173260573
 10
3.5709413369713507
 20
124.8581173260573
 10
3.5709413369713507
 20
124.26466575716235
 10
1.2210095497953615
 20
124.26466575716235
 10
1.2210095497953615
 20
122.0
 10
0.5593451568894953
 20
122.0
 10
0.5593451568894953
 20
127.0
 10
3.9324693042291954
 20
127.0
 10
3.9324693042291954
 20
126.40654843110505
  0
LWPOLYLINE
  5
13F
330
17
100
AcDbEntity
  8
TEXT
100
AcDbPolyline
 90
13
 70
0
 10
8.553888130968623
 20
122.0
 10
4.819236016371077
 20
122.0
 10
4.819236016371077
 20
127.0
 10
8.437926330150068
 20
127.0
 10
8.437926330150068
 20
126.40654843110505
 10
5.480900409276944
 20
126.40654843110505
 10
5.480900409276944
 20
124.87858117326057
 10
8.246930422919508
 20
124.87858117326057
 10
8.246930422919508
 20
124.28512960436562
 10
5.480900409276944
 20
124.28512960436562
 10
5.480900409276944
 20
122.59345156889495
 10
8.553888130968623
 20
122.59345156889495
 10
8.553888130968623
 20
122.0
  0
LWPOLYLINE
  5
140
330
17
100
AcDbEntity
  8
TEXT
100
AcDbPolyline
 90
9
 70
0
 10
13.591405184174624
 20
122.0
 10
12.844474761255114
 20
122.0
 10
12.257844474761255
 20
123.52114597544339
 10
10.170532060027284
 20
123.52114597544339
 10
9.61800818553888
 20
122.0
 10
8.918826739427011
 20
122.0
 10
10.839017735334242
 20
127.0
 10
11.551841746248293
 20
127.0
 10
13.591405184174624
 20
122.0
  0
LWPOLYLINE
  5
141
330
17
100
AcDbEntity
  8
TEXT
100
AcDbPolyline
 90
20
 70
0
 10
12.056616643929058
 20
124.04638472032742
 10
11.911504519099589
 20
124.43032166609822
 10
11.7831258526603
 20
124.77039989768076
 10
11.671480644611187
 20
125.06661941507504
 10
11.57656889495225
 20
125.31898021828104
 10
11.498390603683491
 20
125.52748230729877
 10
11.436945770804911
 20
125.69212568212824
 10
11.392234396316507
 20
125.81291034276944
 10
11.36425648021828
 20
125.88983628922237
 10
11.323968281036834
 20
126.00910214870396
 10
11.281548431105048
 20
126.1469133697135
 10
11.236996930422919
 20
126.30326995225103
 10
11.190313778990449
 20
126.47817189631651
 10
11.17326057298772
 20
126.47817189631651
 10
11.121461459754432
 20
126.23047407912688
 10
11.06156207366985
 20
125.99215552523874
 10
10.993562414733969
 20
125.76321623465212
 10
10.917462482946792
 20
125.54365620736698
 10
10.358117326057299
 20
124.04638472032742
 10
12.056616643929058
 20
124.04638472032742
  0
LWPOLYLINE
  5
142
330
17
100
AcDbEntity
  8
TEXT
100
AcDbPolyline
 90
9
 70
0
 10
17.69781718963165
 20
126.40654843110505
 10
16.043656207366986
 20
126.40654843110505
 10
16.043656207366986
 20
122.0
 10
15.378581173260573
 20
122.0
 10
15.378581173260573
 20
126.40654843110505
 10
13.73806275579809
 20
126.40654843110505
 10
13.73806275579809
 20
127.0
 10
17.69781718963165
 20
127.0
 10
17.69781718963165
 20
126.40654843110505
  0
LWPOLYLINE
  5
143
330
17
100
AcDbEntity
  8
TEXT
100
AcDbPolyline
 90
63
 70
0
 10
22.336289222373804
 20
124.10777626193725
 10
22.33362465893588
 20
123.91869884038199
 10
22.3256309686221
 20
123.7368690313779
 10
22.312308151432468
 20
123.56228683492498
 10
22.293656207366983
 20
123.3949522510232
 10
22.263599931787173
 20
123.23006906548432
 10
22.21606412005457
 20
123.06284106412005
 10
22.151048772169165
 20
122.89326824693042
 10
22.068553888130968
 20
122.72135061391542
 10
21.963037175989083
 20
122.55550818553888
 10
21.82895634379263
 20
122.40416098226467
 10
21.66631139154161
 20
122.26730900409277
 10
21.475102319236015
 20
122.1449522510232
 10
21.25245139836289
 20
122.04423175306958
 10
20.995480900409277
 20
121.97228854024557
 10
20.704190825375168
 20
121.92912261255115
 10
20.37858117326057
 20
121.91473396998636
 10
20.060538881309682
 20
121.9275238744884
 10
19.77489768076398
 20
121.96589358799454
 10
19.521657571623464
 20
122.02984311050477
 10
19.300818553888128
 20
122.1193724420191
 10
19.10982264665757
 20
122.22915245566166
 10
18.946111869031377
 20
122.35385402455661
 10
18.809686221009546
 20
122.49347714870396
 10
18.700545702592084
 20
122.64802182810368
 10
18.613680934515685
 20
122.81173260572987
 10
18.54408253751705
 20
122.97885402455661
 10
18.491750511596177
 20
123.14938608458391
 10
18.456684856753068
 20
123.32332878581174
 10
18.43355644611187
 20
123.50409276944066
 10
18.417036152796726
 20
123.69508867667122
 10
18.40712397680764
 20
123.89631650750341
 10
18.40381991814461
 20
124.10777626193725
 10
18.40381991814461
 20
127.0
 10
19.065484311050476
 20
127.0
 10
19.065484311050476
 20
124.11800818553888
 10
19.069534447476123
 20
123.90068639154161
 10
19.081684856753068
 20
123.69892564802183
 10
19.101935538881307
 20
123.51272595497954
 10
19.130286493860844
 20
123.34208731241473
 10
19.175903819918144
 20
123.1838122442019
 10
19.24795361527967
 20
123.03470327421554
 10
19.346435879945428
 20
122.89476040245566
 10
19.471350613915416
 20
122.76398362892223
 10
19.628240109140517
 20
122.65356412005457
 10
19.82264665757162
 20
122.57469304229195
 10
20.05457025920873
 20
122.52737039563438
 10
20.32401091405184
 20
122.51159618008185
 10
20.5975017053206
 20
122.52417291950887
 10
20.83475443383356
 20
122.5619031377899
 10
21.03576909959072
 20
122.62478683492496
 10
21.200545702592084
 20
122.71282401091405
 10
21.334413369713502
 20
122.821857946794
 10
21.44270122783083
 20
122.94773192360164
 10
21.525409276944064
 20
123.09044594133697
 10
21.582537517053204
 20
123.25
 10
21.62133356070941
 20
123.43023107094135
 10
21.649045020463845
 20
123.6349761255116
 10
21.665671896316503
 20
123.86423516371079
 10
21.671214188267392
 20
124.11800818553888
 10
21.671214188267392
 20
127.0
 10
22.336289222373804
 20
127.0
 10
22.336289222373804
 20
124.10777626193725
  0
LWPOLYLINE
  5
144
330
17
100
AcDbEntity
  8
TEXT
100
AcDbPolyline
 90
57
 70
0
 10
27.861527967257842
 20
122.0
 10
27.029331514324692
 20
122.0
 10
26.85144525920873
 20
122.28079169508868
 10
26.6912517053206
 20
122.5331258526603
 10
26.548750852660298
 20
122.75700247271487
 10
26.42394270122783
 20
122.95242155525239
 10
26.31682725102319
 20
123.11938310027286
 10
26.227404502046383
 20
123.25788710777627
 10
26.155674454297404
 20
123.36793357776263
 10
26.10163710777626
 20
123.44952251023193
 10
26.01008270804911
 20
123.57944662346522
 10
25.916183492496586
 20
123.69977830832197
 10
25.819939461118686
 20
123.81051756480218
 10
25.721350613915412
 20
123.91166439290586
 10
25.62308151432469
 20
123.99916865620736
 10
25.527796725784444
 20
124.06898021828104
 10
25.435496248294676
 20
124.12109907912688
 10
25.346180081855387
 20
124.15552523874489
 10
25.251215040927693
 20
124.17790757162346
 10
25.141967939972712
 20
124.19389495225103
 10
25.018438778990447
 20
124.20348738062756
 10
24.880627557980898
 20
124.20668485675307
 10
24.11664392905866
 20
124.20668485675307
 10
24.11664392905866
 20
122.0
 10
23.454979536152795
 20
122.0
 10
23.454979536152795
 20
127.0
 10
25.668485675306954
 20
127.0
 10
25.886127216916776
 20
126.99637619372442
 10
26.085436562073667
 20
126.98550477489768
 10
26.266413710777623
 20
126.96738574351978
 10
26.42905866302865
 20
126.94201909959072
 10
26.577847885402456
 20
126.90503495907231
 10
26.71725784447476
 20
126.85206343792633
 10
26.847288540245565
 20
126.78310453615279
 10
26.967939972714866
 20
126.6981582537517
 10
27.077187073669847
 20
126.59914307639836
 10
27.173004774897677
 20
126.48797748976807
 10
27.25539307639836
 20
126.36466149386085
 10
27.324351978171894
 20
126.22919508867668
 10
27.37881565484311
 20
126.08573499317872
 10
27.417718281036834
 20
125.93843792633015
 10
27.441059856753068
 20
125.78730388813096
 10
27.44884038199181
 20
125.63233287858117
 10
27.42645804911323
 20
125.3631053888131
 10
27.359311050477487
 20
125.12158935879945
 10
27.24739938608458
 20
124.90778478854024
 10
27.090723055934514
 20
124.72169167803547
 10
26.89120054570259
 20
124.56522851296043
 10
26.650750341064118
 20
124.44031377899046
 10
26.3693724420191
 20
124.34694747612551
 10
26.04706684856753
 20
124.28512960436562
 10
26.04706684856753
 20
124.27148703956344
 10
26.293912005457024
 20
124.13143758526603
 10
26.53308321964529
 20
123.93298090040928
 10
26.764580491132328
 20
123.67611698499319
 10
26.98840381991814
 20
123.36084583901774
 10
27.861527967257842
 20
122.0
  0
LWPOLYLINE
  5
145
330
17
100
AcDbEntity
  8
TEXT
100
AcDbPolyline
 90
24
 70
0
 10
24.11664392905866
 20
124.80013642564802
 10
25.535470668485672
 20
124.80013642564802
 10
25.73914989768076
 20
124.80471947476126
 10
25.920446793997268
 20
124.81846862210095
 10
26.079361357435197
 20
124.84138386766712
 10
26.21589358799454
 20
124.87346521145976
 10
26.334946282401088
 20
124.9187627899045
 10
26.441422237380625
 20
124.981326739427
 10
26.53532145293315
 20
125.06115706002728
 10
26.61664392905866
 20
125.15825375170532
 10
26.682298772169165
 20
125.26718110504774
 10
26.72919508867667
 20
125.38250341064119
 10
26.75733287858117
 20
125.50422066848567
 10
26.76671214188267
 20
125.63233287858117
 10
26.75115109140518
 20
125.79646998635744
 10
26.704467939972712
 20
125.94781718963165
 10
26.626662687585263
 20
126.08637448840382
 10
26.517735334242836
 20
126.21214188267395
 10
26.372996248294676
 20
126.31659276944066
 10
26.187755798090038
 20
126.39120054570259
 10
25.962013983628918
 20
126.43596521145976
 10
25.69577080491132
 20
126.45088676671215
 10
24.11664392905866
 20
126.45088676671215
 10
24.11664392905866
 20
124.80013642564802
  0
LWPOLYLINE
  5
146
330
17
100
AcDbEntity
  8
TEXT
100
AcDbPolyline
 90
13
 70
0
 10
32.227148703956345
 20
122.0
 10
28.492496589358797
 20
122.0
 10
28.492496589358797
 20
127.0
 10
32.111186903137785
 20
127.0
 10
32.111186903137785
 20
126.40654843110505
 10
29.154160982264663
 20
126.40654843110505
 10
29.154160982264663
 20
124.87858117326057
 10
31.920190995907227
 20
124.87858117326057
 10
31.920190995907227
 20
124.28512960436562
 10
29.154160982264663
 20
124.28512960436562
 10
29.154160982264663
 20
122.59345156889495
 10
32.227148703956345
 20
122.59345156889495
 10
32.227148703956345
 20
122.0
  0
LWPOLYLINE
  5
147
330
17
100
AcDbEntity
  8
TEXT
100
AcDbPolyline
 90
107
 70
0
 10
36.10504774897681
 20
125.53342428376534
 10
36.06817019099591
 20
125.75735419508868
 10
35.99846521145976
 20
125.95165416098226
 10
35.89593281036835
 20
126.11632418144612
 10
35.760572987721694
 20
126.25136425648022
 10
35.592385743519785
 20
126.35656122100954
 10
35.39137107776262
 20
126.43170190995907
 10
35.1575289904502
 20
126.47678632332878
 10
34.89085948158254
 20
126.4918144611187
 10
34.64699863574352
 20
126.47987721691678
 10
34.42701227830832
 20
126.44406548431105
 10
34.23090040927694
 20
126.3843792633015
 10
34.058663028649384
 20
126.30081855388813
 10
33.91840040927694
 20
126.19444918144612
 10
33.818212824010914
 20
126.06633697135062
 10
33.758100272851294
 20
125.91648192360164
 10
33.73806275579809
 20
125.74488403819919
 10
33.753517223738065
 20
125.59321708731241
 10
33.79988062755798
 20
125.46222714870396
 10
33.87715296725784
 20
125.35191422237381
 10
33.98533424283765
 20
125.26227830832197
 10
34.137214358799454
 20
125.18308748294679
 10
34.34558321964529
 20
125.10410982264665
 10
34.61044082537517
 20
125.02534532742155
 10
34.931787175989086
 20
124.94679399727148
 10
35.22787346521146
 20
124.87815484311051
 10
35.495395634379264
 20
124.80866302864939
 10
35.73435368349249
 20
124.73831855388813
 10
35.94474761255116
 20
124.66712141882674
 10
36.133825034106415
 20
124.58558577762619
 10
36.30883356070942
 20
124.48422578444747
 10
36.469773192360165
 20
124.36304143929058
 10
36.61664392905866
 20
124.22203274215552
 10
36.73900068212824
 20
124.05821538199181
 10
36.82639836289223
 20
123.86860504774899
 10
36.878836971350616
 20
123.65320173942702
 10
36.896316507503414
 20
123.41200545702593
 10
36.86423516371078
 20
123.10334242837654
 10
36.76799113233288
 20
122.82196452933151
 10
36.607584413369715
 20
122.56787175989086
 10
36.38301500682128
 20
122.34106412005457
 10
36.1068596521146
 20
122.15454467939972
 10
35.791695088676676
 20
122.02131650750341
 10
35.43752131650751
 20
121.94137960436562
 10
35.044338335607094
 20
121.91473396998636
 10
34.78915309515689
 20
121.92208816507504
 10
34.55054143929058
 20
121.94415075034107
 10
34.328503368008185
 20
121.98092172578444
 10
34.12303888130968
 20
122.03240109140518
 10
33.93414797919509
 20
122.09858884720327
 10
33.76183066166439
 20
122.17948499317872
 10
33.6060869287176
 20
122.27508952933151
 10
33.46691678035471
 20
122.38540245566166
 10
33.235952421555254
 20
122.6382162346521
 10
33.06659276944065
 20
122.92598908594816
 10
32.958837824010914
 20
123.2487210095498
 10
32.91268758526603
 20
123.60641200545703
 10
33.54024556616644
 20
123.66098226466576
 10
33.58586289222374
 20
123.38120310368349
 10
33.67837653478854
 20
123.14213847203274
 10
33.817786493860844
 20
122.9437883697135
 10
34.00409276944065
 20
122.78615279672579
 10
34.22471862210095
 20
122.66603427694406
 10
34.46708731241473
 20
122.58023533424284
 10
34.73119884038199
 20
122.5287559686221
 10
35.01705320600273
 20
122.51159618008185
 10
35.28169764665757
 20
122.52587824010914
 10
35.51969645293315
 20
122.56872442019099
 10
35.73104962482947
 20
122.64013472032742
 10
35.91575716234652
 20
122.74010914051841
 10
36.065718792633014
 20
122.86459754433834
 10
36.17283424283765
 20
123.00954979536152
 10
36.23710351296044
 20
123.174965893588
 10
36.258526603001364
 20
123.36084583901774
 10
36.236144270122786
 20
123.55162858117326
 10
36.168997271487044
 20
123.71469986357435
 10
36.05708560709414
 20
123.85005968622102
 10
35.90040927694407
 20
123.95770804911324
 10
35.69097459072306
 20
124.05118093451568
 10
35.42078785811732
 20
124.14401432469305
 10
35.08984907912688
 20
124.23620821964529
 10
34.69815825375171
 20
124.32776261937244
 10
34.305614768076396
 20
124.42826995225101
 10
33.97211800818554
 20
124.54732264665756
 10
33.697667974079124
 20
124.68492070259208
 10
33.482264665757164
 20
124.84106412005457
 10
33.319619713506135
 20
125.018843792633
 10
33.20344474761255
 20
125.2213506139154
 10
33.133739768076396
 20
125.44858458390176
 10
33.11050477489768
 20
125.70054570259208
 10
33.139921555252386
 20
125.98767905866302
 10
33.2281718963165
 20
126.24880627557981
 10
33.37525579809004
 20
126.48392735334244
 10
33.58117326057299
 20
126.69304229195089
 10
33.837824010914055
 20
126.86464017735334
 10
34.137107776261935
 20
126.98721009549796
 10
34.47902455661664
 20
127.06075204638472
 10
34.86357435197817
 20
127.08526603001364
 10
35.25931531377899
 20
127.06085862892223
 10
35.61434174624829
 20
126.98763642564802
 10
35.928653649386085
 20
126.86559942019099
 10
36.20225102319236
 20
126.69474761255115
 10
36.42575460436562
 20
126.47891797407912
 10
36.589785129604365
 20
126.22194747612551
 10
36.69434259890859
 20
125.92383611869032
 10
36.739427012278306
 20
125.58458390177353
 10
36.10504774897681
 20
125.53342428376534
  0
LWPOLYLINE
  5
148
330
17
100
AcDbEntity
  8
TEXT
100
AcDbPolyline
 90
5
 70
0
 10
38.584583901773534
 20
124.91950886766712
 10
37.88540245566166
 20
124.91950886766712
 10
37.88540245566166
 20
125.61869031377898
 10
38.584583901773534
 20
125.61869031377898
 10
38.584583901773534
 20
124.91950886766712
  0
LWPOLYLINE
  5
149
330
17
100
AcDbEntity
  8
TEXT
100
AcDbPolyline
 90
5
 70
0
 10
38.584583901773534
 20
122.0
 10
37.88540245566166
 20
122.0
 10
37.88540245566166
 20
122.69918144611187
 10
38.584583901773534
 20
122.69918144611187
 10
38.584583901773534
 20
122.0
  0
LWPOLYLINE
  5
14A
330
17
100
AcDbEntity
  8
TEXT
100
AcDbPolyline
 90
69
 70
0
 10
44.66575716234653
 20
122.0
 10
41.35402455661665
 20
122.0
 10
41.3724633356071
 20
122.21209924965893
 10
41.42777967257845
 20
122.42547748976807
 10
41.5199735675307
 20
122.64013472032742
 10
41.64904502046385
 20
122.85607094133697
 10
41.82863659618009
 20
123.08628922237381
 10
42.07239085948159
 20
123.34379263301501
 10
42.38030781036836
 20
123.62858117326057
 10
42.75238744884039
 20
123.94065484311051
 10
42.9930508185539
 20
124.14092343110505
 10
43.220497953615286
 20
124.34609481582538
 10
43.43472885402456
 20
124.55616899727148
 10
43.63574351978173
 20
124.77114597544339
 10
43.80584924965894
 20
124.98889409959072
 10
43.92735334242838
 20
125.20728171896316
 10
44.000255798090045
 20
125.42630883356071
 10
44.024556616643935
 20
125.64597544338335
 10
44.00782315825376
 20
125.82705917462482
 10
43.957622783083224
 20
125.99172919508868
 10
43.87395549113234
 20
126.1399855047749
 10
43.7568212824011
 20
126.27182810368349
 10
43.61410726466576
 20
126.3800093792633
 10
43.4537005457026
 20
126.45728171896317
 10
43.275601125511606
 20
126.50364512278308
 10
43.07980900409278
 20
126.51909959072306
 10
42.88177864938609
 20
126.50321879263302
 10
42.70037517053207
 20
126.4555763983629
 10
42.535598567530705
 20
126.37617240791269
 10
42.387448840382
 20
126.2650068212824
 10
42.264878922237386
 20
126.12229280354707
 10
42.1768417462483
 20
125.94824351978173
 10
42.12333731241474
 20
125.74285896998636
 10
42.10436562073671
 20
125.50613915416098
 10
41.47339699863575
 20
125.57776261937244
 10
41.52636851978173
 20
125.90838165075034
 10
41.627302182810375
 20
126.19764665757162
 10
41.7761979877217
 20
126.4455576398363
 10
41.9730559345157
 20
126.65211459754434
 10
42.2087099249659
 20
126.81475954979537
 10
42.47399386084585
 20
126.93093451568895
 10
42.768907742155534
 20
127.0006394952251
 10
43.09345156889496
 20
127.02387448840382
 10
43.44144355388814
 20
126.99840126193725
 10
43.748721009549804
 20
126.92198158253751
 10
44.01528393587996
 20
126.79461545020463
 10
44.24113233287859
 20
126.6163028649386
 10
44.42093707366986
 20
126.40196538199181
 10
44.54936903137791
 20
126.16652455661665
 10
44.626428206002736
 20
125.9099803888131
 10
44.65211459754435
 20
125.63233287858117
 10
44.63047834242838
 20
125.39113659618008
 10
44.5655695770805
 20
125.14844815825376
 10
44.45738830150069
 20
124.90426756480218
 10
44.30593451568896
 20
124.65859481582538
 10
44.20865130457027
 20
124.53018950375171
 10
44.08989171214189
 20
124.39139239427013
 10
43.94965573840383
 20
124.24220348738064
 10
43.78794338335608
 20
124.08262278308322
 10
43.60475464699864
 20
123.9126502813779
 10
43.40008952933152
 20
123.73228598226467
 10
43.17394803035471
 20
123.54152988574353
 10
42.92633015006822
 20
123.34038199181447
 10
42.677992837653484
 20
123.131267053206
 10
42.475272851296054
 20
122.93707366984992
 10
42.318170190995914
 20
122.75780184174624
 10
42.20668485675308
 20
122.59345156889495
 10
44.66575716234653
 20
122.59345156889495
 10
44.66575716234653
 20
122.0
  0
LWPOLYLINE
  5
14B
330
17
100
AcDbEntity
  8
TEXT
100
AcDbPolyline
 90
91
 70
0
 10
51.736016371077774
 20
123.58594815825376
 10
51.60651858799456
 20
123.19148618690313
 10
51.436306275579824
 20
122.85052864938609
 10
51.225379433833574
 20
122.56307554570259
 10
50.97373806275581
 20
122.32912687585267
 10
50.68820344474762
 20
122.14782997953616
 10
50.3755968622101
 20
122.01833219645293
 10
50.035918315143256
 20
121.94063352660301
 10
49.669167803547076
 20
121.91473396998636
 10
49.372628538540255
 20
121.92675115109141
 10
49.096926159618015
 20
121.96280269440655
 10
48.84206066678036
 20
122.02288859993179
 10
48.6080320600273
 20
122.10700886766712
 10
48.39484033935881
 20
122.21516349761255
 10
48.202485504774906
 20
122.34735248976808
 10
48.03096755627559
 20
122.5035758441337
 10
47.88028649386086
 20
122.68383356070942
 10
47.748790288199196
 20
122.88098460948159
 10
47.63482690995908
 20
123.08788796043656
 10
47.53839635914053
 20
123.30454361357435
 10
47.45949863574353
 20
123.53095156889495
 10
47.398133739768085
 20
123.76711182639836
 10
47.354301671214195
 20
124.01302438608458
 10
47.32800243008187
 20
124.26868924795362
 10
47.319236016371086
 20
124.53410641200546
 10
47.329547876875864
 20
124.82526325886766
 10
47.360483458390185
 20
125.10016626875853
 10
47.41204276091406
 20
125.35881544167803
 10
47.48422578444749
 20
125.60121077762619
 10
47.57703252899046
 20
125.82735227660301
 10
47.69046299454298
 20
126.03723993860847
 10
47.82451718110506
 20
126.23087376364256
 10
47.97919508867668
 20
126.40825375170532
 10
48.150073541950896
 20
126.56692850443383
 10
48.33272936562075
 20
126.7044466234652
 10
48.52716255968623
 20
126.82080810879945
 10
48.73337312414735
 20
126.91601296043656
 10
48.9513610590041
 20
126.99006117837654
 10
49.181126364256485
 20
127.04295276261936
 10
49.42266903990451
 20
127.07468771316508
 10
49.67598908594817
 20
127.08526603001364
 10
50.02771145975444
 20
127.06203103683492
 10
50.35300136425649
 20
126.99232605729877
 10
50.65185879945431
 20
126.87615109140519
 10
50.924283765347894
 20
126.71350613915416
 10
51.164094474761264
 20
126.50609652114598
 10
51.36510914051843
 20
126.2556275579809
 10
51.527327762619386
 20
125.96209924965893
 10
51.65075034106413
 20
125.62551159618008
 10
51.002728512960445
 20
125.47203274215552
 10
50.91021487039564
 20
125.71674624829468
 10
50.79638472032743
 20
125.92905866302866
 10
50.66123806275581
 20
126.10896998635744
 10
50.504774897680775
 20
126.25648021828104
 10
50.32720839017737
 20
126.37137619372443
 10
50.12875170532061
 20
126.45344474761255
 10
49.909404843110515
 20
126.50268587994543
 10
49.669167803547076
 20
126.51909959072306
 10
49.470711118690325
 20
126.51070621589359
 10
49.28461800818555
 20
126.48552609140519
 10
49.110888472032755
 20
126.44355921725784
 10
48.94952251023194
 20
126.38480559345157
 10
48.80052012278309
 20
126.30926521998636
 10
48.66388130968623
 20
126.21693809686221
 10
48.539606070941346
 20
126.10782422407912
 10
48.42769440654844
 20
125.9819236016371
 10
48.24266712141883
 20
125.69042036152797
 10
48.11050477489769
 20
125.3530866302865
 10
48.031207366985
 20
124.96992240791269
 10
48.004774897680775
 20
124.54092769440655
 10
48.011729408253764
 20
124.28838037175989
 10
48.03259293997272
 20
124.05256650750341
 10
48.067365492837666
 20
123.8334861016371
 10
48.11604706684858
 20
123.63113915416099
 10
48.178637662005464
 20
123.44552566507504
 10
48.25513727830833
 20
123.27664563437926
 10
48.34554591575717
 20
123.12449906207367
 10
48.44986357435199
 20
122.98908594815825
 10
48.689354536152806
 20
122.76675477489768
 10
48.96273874488405
 20
122.60794679399727
 10
49.27001620054571
 20
122.51266200545702
 10
49.6111869031378
 20
122.48090040927694
 10
49.89075289904503
 20
122.50072476125511
 10
50.14282060027286
 20
122.56019781718963
 10
50.367390006821296
 20
122.65931957708048
 10
50.564461118690325
 20
122.79809004092769
 10
50.73403393587996
 20
122.97672237380627
 10
50.876108458390185
 20
123.19542974079127
 10
50.990684686221016
 20
123.45421214188268
 10
51.07776261937245
 20
123.7530695770805
 10
51.736016371077774
 20
123.58594815825376
  0
LWPOLYLINE
  5
14C
330
17
100
AcDbEntity
  8
TEXT
100
AcDbPolyline
 90
13
 70
0
 10
56.49386084583903
 20
122.0
 10
55.828785811732615
 20
122.0
 10
55.828785811732615
 20
124.35334242837654
 10
53.22987721691679
 20
124.35334242837654
 10
53.22987721691679
 20
122.0
 10
52.56821282401092
 20
122.0
 10
52.56821282401092
 20
127.0
 10
53.22987721691679
 20
127.0
 10
53.22987721691679
 20
124.94679399727148
 10
55.828785811732615
 20
124.94679399727148
 10
55.828785811732615
 20
127.0
 10
56.49386084583903
 20
127.0
 10
56.49386084583903
 20
122.0
  0
LWPOLYLINE
  5
14D
330
17
100
AcDbEntity
  8
TEXT
100
AcDbPolyline
 90
9
 70
0
 10
61.718963165075046
 20
122.0
 10
60.972032742155534
 20
122.0
 10
60.385402455661676
 20
123.52114597544339
 10
58.298090040927704
 20
123.52114597544339
 10
57.7455661664393
 20
122.0
 10
57.04638472032743
 20
122.0
 10
58.966575716234665
 20
127.0
 10
59.67939972714871
 20
127.0
 10
61.718963165075046
 20
122.0
  0
LWPOLYLINE
  5
14E
330
17
100
AcDbEntity
  8
TEXT
100
AcDbPolyline
 90
20
 70
0
 10
60.18417462482948
 20
124.04638472032742
 10
60.039062500000014
 20
124.43032166609822
 10
59.91068383356072
 20
124.77039989768076
 10
59.799038625511606
 20
125.06661941507504
 10
59.70412687585267
 20
125.31898021828104
 10
59.62594858458391
 20
125.52748230729877
 10
59.56450375170533
 20
125.69212568212824
 10
59.51979237721692
 20
125.81291034276944
 10
59.4918144611187
 20
125.88983628922237
 10
59.45152626193725
 20
126.00910214870396
 10
59.40910641200547
 20
126.1469133697135
 10
59.36455491132334
 20
126.30326995225103
 10
59.31787175989087
 20
126.47817189631651
 10
59.30081855388814
 20
126.47817189631651
 10
59.249019440654855
 20
126.23047407912688
 10
59.18912005457027
 20
125.99215552523874
 10
59.12112039563439
 20
125.76321623465212
 10
59.045020463847216
 20
125.54365620736698
 10
58.48567530695772
 20
124.04638472032742
 10
60.18417462482948
 20
124.04638472032742
  0
LWPOLYLINE
  5
14F
330
17
100
AcDbEntity
  8
TEXT
100
AcDbPolyline
 90
25
 70
0
 10
66.9986357435198
 20
122.0
 10
66.37107776261938
 20
122.0
 10
66.37107776261938
 20
126.18485675306958
 10
66.3574351978172
 20
126.18485675306958
 10
64.91814461118692
 20
122.0
 10
64.32469304229197
 20
122.0
 10
62.89222373806277
 20
126.2530695770805
 10
62.871759890859494
 20
126.2530695770805
 10
62.871759890859494
 20
122.0
 10
62.24420190995908
 20
122.0
 10
62.24420190995908
 20
127.0
 10
63.233287858117336
 20
127.0
 10
64.4167803547067
 20
123.45975443383357
 10
64.50524386084585
 20
123.19223226466576
 10
64.57281718963166
 20
122.97970668485675
 10
64.61950034106414
 20
122.82217769440655
 10
64.64529331514326
 20
122.71964529331514
 10
64.65893587994545
 20
122.71964529331514
 10
64.71009549795363
 20
122.87845327421554
 10
64.77148703956345
 20
123.0649727148704
 10
64.84311050477491
 20
123.27920361527967
 10
64.92496589358801
 20
123.52114597544339
 10
66.118690313779
 20
127.0
 10
66.9986357435198
 20
127.0
 10
66.9986357435198
 20
122.0
  0
LWPOLYLINE
  5
150
330
17
100
AcDbEntity
  8
TEXT
100
AcDbPolyline
 90
11
 70
0
 10
71.46316507503413
 20
126.40654843110505
 10
68.75170532060028
 20
126.40654843110505
 10
68.75170532060028
 20
124.8581173260573
 10
71.10163710777627
 20
124.8581173260573
 10
71.10163710777627
 20
124.26466575716235
 10
68.75170532060028
 20
124.26466575716235
 10
68.75170532060028
 20
122.0
 10
68.09004092769442
 20
122.0
 10
68.09004092769442
 20
127.0
 10
71.46316507503413
 20
127.0
 10
71.46316507503413
 20
126.40654843110505
  0
LWPOLYLINE
  5
151
330
17
100
AcDbEntity
  8
TEXT
100
AcDbPolyline
 90
13
 70
0
 10
76.08458390177356
 20
122.0
 10
72.349931787176
 20
122.0
 10
72.349931787176
 20
127.0
 10
75.968622100955
 20
127.0
 10
75.968622100955
 20
126.40654843110505
 10
73.01159618008187
 20
126.40654843110505
 10
73.01159618008187
 20
124.87858117326057
 10
75.77762619372444
 20
124.87858117326057
 10
75.77762619372444
 20
124.28512960436562
 10
73.01159618008187
 20
124.28512960436562
 10
73.01159618008187
 20
122.59345156889495
 10
76.08458390177356
 20
122.59345156889495
 10
76.08458390177356
 20
122.0
  0
LWPOLYLINE
  5
152
330
17
100
AcDbEntity
  8
TEXT
100
AcDbPolyline
 90
57
 70
0
 10
81.42223738062758
 20
122.0
 10
80.59004092769443
 20
122.0
 10
80.41215467257847
 20
122.28079169508868
 10
80.25196111869033
 20
122.5331258526603
 10
80.10946026603003
 20
122.75700247271487
 10
79.98465211459757
 20
122.95242155525239
 10
79.87753666439292
 20
123.11938310027286
 10
79.78811391541612
 20
123.25788710777627
 10
79.71638386766713
 20
123.36793357776263
 10
79.66234652114599
 20
123.44952251023193
 10
79.57079212141885
 20
123.57944662346522
 10
79.47689290586632
 20
123.69977830832197
 10
79.38064887448843
 20
123.81051756480218
 10
79.28206002728516
 20
123.91166439290586
 10
79.18379092769443
 20
123.99916865620736
 10
79.08850613915419
 20
124.06898021828104
 10
78.99620566166442
 20
124.12109907912688
 10
78.90688949522513
 20
124.15552523874489
 10
78.81192445429744
 20
124.17790757162346
 10
78.70267735334245
 20
124.19389495225103
 10
78.57914819236018
 20
124.20348738062756
 10
78.44133697135064
 20
124.20668485675307
 10
77.67735334242839
 20
124.20668485675307
 10
77.67735334242839
 20
122.0
 10
77.01568894952253
 20
122.0
 10
77.01568894952253
 20
127.0
 10
79.22919508867669
 20
127.0
 10
79.44683663028651
 20
126.99637619372442
 10
79.6461459754434
 20
126.98550477489768
 10
79.82712312414735
 20
126.96738574351978
 10
79.98976807639838
 20
126.94201909959072
 10
80.13855729877218
 20
126.90503495907231
 10
80.2779672578445
 20
126.85206343792633
 10
80.40799795361531
 20
126.78310453615279
 10
80.52864938608461
 20
126.6981582537517
 10
80.63789648703958
 20
126.59914307639836
 10
80.73371418826741
 20
126.48797748976807
 10
80.8161024897681
 20
126.36466149386085
 10
80.88506139154163
 20
126.22919508867668
 10
80.93952506821284
 20
126.08573499317872
 10
80.97842769440658
 20
125.93843792633015
 10
81.00176927012281
 20
125.78730388813096
 10
81.00954979536155
 20
125.63233287858117
 10
80.98716746248297
 20
125.3631053888131
 10
80.92002046384722
 20
125.12158935879945
 10
80.80810879945432
 20
124.90778478854024
 10
80.65143246930425
 20
124.72169167803547
 10
80.45190995907232
 20
124.56522851296043
 10
80.21145975443386
 20
124.44031377899046
 10
79.93008185538883
 20
124.34694747612551
 10
79.60777626193726
 20
124.28512960436562
 10
79.60777626193726
 20
124.27148703956344
 10
79.85462141882675
 20
124.13143758526603
 10
80.09379263301503
 20
123.93298090040928
 10
80.32528990450207
 20
123.67611698499319
 10
80.54911323328788
 20
123.36084583901774
 10
81.42223738062758
 20
122.0
  0
LWPOLYLINE
  5
153
330
17
100
AcDbEntity
  8
TEXT
100
AcDbPolyline
 90
24
 70
0
 10
77.67735334242839
 20
124.80013642564802
 10
79.09618008185541
 20
124.80013642564802
 10
79.2998593110505
 20
124.80471947476126
 10
79.48115620736701
 20
124.81846862210095
 10
79.64007077080493
 20
124.84138386766712
 10
79.77660300136428
 20
124.87346521145976
 10
79.89565569577083
 20
124.9187627899045
 10
80.00213165075036
 20
124.981326739427
 10
80.09603086630288
 20
125.06115706002728
 10
80.1773533424284
 20
125.15825375170532
 10
80.24300818553891
 20
125.26718110504774
 10
80.28990450204641
 20
125.38250341064119
 10
80.31804229195092
 20
125.50422066848567
 10
80.32742155525241
 20
125.63233287858117
 10
80.31186050477493
 20
125.79646998635744
 10
80.26517735334245
 20
125.94781718963165
 10
80.187372100955
 20
126.08637448840382
 10
80.07844474761256
 20
126.21214188267395
 10
79.9337056616644
 20
126.31659276944066
 10
79.74846521145977
 20
126.39120054570259
 10
79.52272339699866
 20
126.43596521145976
 10
79.25648021828106
 20
126.45088676671215
 10
77.67735334242839
 20
126.45088676671215
 10
77.67735334242839
 20
124.80013642564802
  0
LWPOLYLINE
  5
154
330
17
100
AcDbEntity
  8
TEXT
100
AcDbPolyline
 90
18
 70
0
 10
82.82742155525241
 20
122.0
 10
82.81708304911326
 20
121.7962141882674
 10
82.78606753069579
 20
121.61800818553888
 10
82.73437500000003
 20
121.46538199181447
 10
82.66200545702594
 20
121.33833560709414
 10
82.57450119372444
 20
121.23239256480218
 10
82.4774045020464
 20
121.1430763983629
 10
82.37071538199183
 20
121.07038710777627
 10
82.25443383356073
 20
121.0143246930423
 10
82.08731241473399
 20
121.27353342428377
 10
82.25464699863576
 20
121.38032912687585
 10
82.37465893587996
 20
121.53700545702593
 10
82.44734822646659
 20
121.74356241473397
 10
82.47271487039565
 20
122.0
 10
82.12824010914053
 20
122.0
 10
82.12824010914053
 20
122.69918144611187
 10
82.82742155525241
 20
122.69918144611187
 10
82.82742155525241
 20
122.0
  0
LWPOLYLINE
  5
155
330
17
100
AcDbEntity
  8
TEXT
100
AcDbPolyline
 90
18
 70
0
 10
88.00136425648024
 20
122.0
 10
87.38744884038202
 20
122.0
 10
87.38744884038202
 20
125.91200545702593
 10
87.13783253751708
 20
125.70203785811732
 10
86.84942019099594
 20
125.5086971350614
 10
86.52221180081858
 20
125.33198328785811
 10
86.15620736698502
 20
125.1718963165075
 10
86.15620736698502
 20
125.76534788540246
 10
86.41083304911325
 20
125.89617795020465
 10
86.64435538881312
 20
126.03457537517053
 10
86.85677438608461
 20
126.18054016030014
 10
87.04809004092772
 20
126.33407230559345
 10
87.21830235334245
 20
126.49517181105048
 10
87.36741132332881
 20
126.66383867667122
 10
87.49541695088679
 20
126.84007290245566
 10
87.6023192360164
 20
127.02387448840382
 10
88.00136425648024
 20
127.02387448840382
 10
88.00136425648024
 20
122.0
  0
LWPOLYLINE
  5
156
330
17
100
AcDbEntity
  8
TEXT
100
AcDbPolyline
 90
13
 70
0
 10
95.49454297407917
 20
122.0
 10
91.75989085948162
 20
122.0
 10
91.75989085948162
 20
127.0
 10
95.37858117326061
 20
127.0
 10
95.37858117326061
 20
126.40654843110505
 10
92.42155525238748
 20
126.40654843110505
 10
92.42155525238748
 20
124.87858117326057
 10
95.18758526603006
 20
124.87858117326057
 10
95.18758526603006
 20
124.28512960436562
 10
92.42155525238748
 20
124.28512960436562
 10
92.42155525238748
 20
122.59345156889495
 10
95.49454297407917
 20
122.59345156889495
 10
95.49454297407917
 20
122.0
  0
LWPOLYLINE
  5
157
330
17
100
AcDbEntity
  8
TEXT
100
AcDbPolyline
 90
40
 70
0
 10
96.42564802182814
 20
127.0
 10
98.15143246930427
 20
127.0
 10
98.3703530013643
 20
126.99712227148704
 10
98.57349931787179
 20
126.98848908594816
 10
98.76087141882678
 20
126.97410044338336
 10
98.93246930422923
 20
126.95395634379264
 10
99.09436817871763
 20
126.92262107776263
 10
99.25264324693046
 20
126.87465893587995
 10
99.40729450886771
 20
126.8100699181446
 10
99.55832196452937
 20
126.72885402455661
 10
99.70284788540249
 20
126.63090467257844
 10
99.83799454297412
 20
126.51611527967258
 10
99.96376193724424
 20
126.38448584583902
 10
100.08015006821286
 20
126.23601637107777
 10
100.18587994542978
 20
126.07326483628923
 10
100.27967257844479
 20
125.89878922237381
 10
100.36152796725789
 20
125.71258952933152
 10
100.43144611186906
 20
125.51466575716235
 10
100.48740194406552
 20
125.30011510914052
 10
100.52737039563442
 20
125.06403478854024
 10
100.55135146657575
 20
124.80642479536152
 10
100.55934515688953
 20
124.52728512960437
 10
100.55113830150073
 20
124.25717833390178
 10
100.52651773533428
 20
123.9993818212824
 10
100.48548345839022
 20
123.75389559174626
 10
100.42803547066853
 20
123.52071964529333
 10
100.3541737721692
 20
123.2998539819236
 10
100.26389836289226
 20
123.0912986016371
 10
100.1572092428377
 20
122.89505350443383
 10
100.0341064120055
 20
122.71111869031378
 10
99.8909660641201
 20
122.54445024727148
 10
99.7241643929059
 20
122.4000042633015
 10
99.53370139836292
 20
122.27778073840382
 10
99.31957708049117
 20
122.17777967257845
 10
99.08179143929063
 20
122.10000106582538
 10
98.82034447476128
 20
122.0444449181446
 10
98.53523618690318
 20
122.01111122953616
 10
98.22646657571627
 20
122.0
 10
96.42564802182814
 20
122.0
 10
96.42564802182814
 20
127.0
  0
LWPOLYLINE
  5
158
330
17
100
AcDbEntity
  8
TEXT
100
AcDbPolyline
 90
40
 70
0
 10
97.087312414734
 20
122.59345156889495
 10
98.15825375170536
 20
122.59345156889495
 10
98.31759464529335
 20
122.59600954979535
 10
98.46819577080495
 20
122.60368349249659
 10
98.61005712824014
 20
122.61647339699863
 10
98.74317871759895
 20
122.6343792633015
 10
98.87235675306961
 20
122.66358287858117
 10
99.00238744884042
 20
122.71026603001364
 10
99.13327080491136
 20
122.77442871759891
 10
99.26500682128244
 20
122.85607094133697
 10
99.39152029331518
 20
122.96094815825374
 10
99.50673601637112
 20
123.09481582537516
 10
99.61065399045025
 20
123.25767394270123
 10
99.70327421555257
 20
123.44952251023193
 10
99.77937414733974
 20
123.6724931787176
 10
99.83373124147344
 20
123.9287175989086
 10
99.86634549795366
 20
124.21819577080491
 10
99.8772169167804
 20
124.54092769440655
 10
99.87306019781724
 20
124.72542206684857
 10
99.86059004092773
 20
124.9037346521146
 10
99.83980644611191
 20
125.07586545020465
 10
99.81070941336975
 20
125.2418144611187
 10
99.7704212141883
 20
125.40104877216916
 10
99.71606412005461
 20
125.55303547066848
 10
99.64763813096866
 20
125.69777455661664
 10
99.56514324693046
 20
125.83526603001364
 10
99.4723098567531
 20
125.96018076398363
 10
99.3728683492497
 20
126.06718963165075
 10
99.26681872442022
 20
126.15629263301501
 10
99.1541609822647
 20
126.2274897680764
 10
99.03894525920876
 20
126.28365876534788
 10
98.92522169167808
 20
126.32767735334244
 10
98.81299027967262
 20
126.35954553206003
 10
98.7022510231924
 20
126.37926330150069
 10
98.58447731923606
 20
126.39120054570259
 10
98.45114256480223
 20
126.39972714870396
 10
98.30224675989089
 20
126.40484311050477
 10
98.13778990450209
 20
126.40654843110505
 10
97.087312414734
 20
126.40654843110505
 10
97.087312414734
 20
122.59345156889495
  0
LWPOLYLINE
  5
159
330
17
100
AcDbEntity
  8
TEXT
100
AcDbPolyline
 90
87
 70
0
 10
105.89699863574356
 20
122.69918144611187
 10
105.65804058663032
 20
122.51532656889495
 10
105.41354024556621
 20
122.35598567530695
 10
105.1634976125512
 20
122.22115876534788
 10
104.90791268758531
 20
122.11084583901774
 10
104.64678547066852
 20
122.02504689631651
 10
104.38011596180085
 20
121.9637619372442
 10
104.1079041609823
 20
121.92699096180083
 10
103.83015006821286
 20
121.91473396998636
 10
103.54975805763988
 20
121.92568532571623
 10
103.28327506821286
 20
121.95853939290586
 10
103.03070109993183
 20
122.01329617155525
 10
102.79203615279677
 20
122.08995566166439
 10
102.56728022680768
 20
122.18851786323329
 10
102.35643332196457
 20
122.30898277626194
 10
102.15949543826743
 20
122.45135040075034
 10
101.97646657571627
 20
122.6156207366985
 10
101.81139687073673
 20
122.79806339529333
 10
101.66833645975447
 20
122.9949479877217
 10
101.54728534276947
 20
123.20627451398363
 10
101.44824351978176
 20
123.43204297407914
 10
101.3712109907913
 20
123.67225336800819
 10
101.31618775579813
 20
123.92690569577081
 10
101.28317381480221
 20
124.195999957367
 10
101.27216916780358
 20
124.47953615279673
 10
101.29018161664396
 20
124.828167633015
 10
101.3442189631651
 20
125.16464870395635
 10
101.43428120736702
 20
125.48897936562074
 10
101.5603683492497
 20
125.80115961800819
 10
101.72152114597549
 20
126.0899982946794
 10
101.91678035470672
 20
126.34430422919509
 10
102.14614597544342
 20
126.56407742155525
 10
102.40961800818557
 20
126.74931787175989
 10
102.70581087994546
 20
126.8962951909959
 10
103.03333901773537
 20
127.0012789904502
 10
103.39220242155528
 20
127.06426927012278
 10
103.78240109140522
 20
127.08526603001364
 10
104.18283168485678
 20
127.06213761937244
 10
104.5416950886767
 20
126.99275238744883
 10
104.85899130286498
 20
126.87711033424283
 10
105.13472032742159
 20
126.71521145975443
 10
105.36888216234655
 20
126.50705576398363
 10
105.56147680763988
 20
126.25264324693042
 10
105.71250426330154
 20
125.95197390859481
 10
105.82196452933155
 20
125.6050477489768
 10
105.2285129604366
 20
125.43792633015006
 10
105.1447390859482
 20
125.690633526603
 10
105.03325375170536
 20
125.90987380627558
 10
104.89405695770809
 20
126.0956471691678
 10
104.72714870395639
 20
126.24795361527967
 10
104.53252899045025
 20
126.36657997953616
 10
104.31019781718967
 20
126.45131309686221
 10
104.06015518417466
 20
126.50215296725784
 10
103.78240109140522
 20
126.51909959072306
 10
103.56337397680768
 20
126.51046640518418
 10
103.35820259208735
 20
126.48456684856754
 10
103.16688693724424
 20
126.44140092087312
 10
102.98942701227836
 20
126.38096862210097
 10
102.82582281718967
 20
126.30326995225103
 10
102.67607435197822
 20
126.20830491132334
 10
102.54018161664398
 20
126.09607349931788
 10
102.41814461118695
 20
125.96657571623466
 10
102.21670361527971
 20
125.66899727148704
 10
102.07281718963168
 20
125.3287858117326
 10
101.98648533424287
 20
124.94594133697134
 10
101.95770804911326
 20
124.52046384720327
 10
101.971670361528
 20
124.20028990450204
 10
102.0135572987722
 20
123.90825375170533
 10
102.08336886084588
 20
123.6443553888131
 10
102.18110504774901
 20
123.40859481582538
 10
102.30623294679404
 20
123.20043912005457
 10
102.45821964529335
 20
123.0193553888131
 10
102.63706514324697
 20
122.86534362210095
 10
102.84276944065488
 20
122.73840381991815
 10
103.0666993519782
 20
122.63917547748977
 10
103.30022169167808
 20
122.56829809004093
 10
103.54333645975447
 20
122.52577165757162
 10
103.7960436562074
 20
122.51159618008185
 10
104.18144611186906
 20
122.543784106412
 10
104.55320600272854
 20
122.64034788540245
 10
104.91132332878585
 20
122.8012875170532
 10
105.25579809004097
 20
123.02660300136425
 10
105.25579809004097
 20
123.95429740791269
 10
103.78240109140522
 20
123.95429740791269
 10
103.78240109140522
 20
124.55115961800819
 10
105.89699863574356
 20
124.55115961800819
 10
105.89699863574356
 20
122.69918144611187
  0
LWPOLYLINE
  5
15A
330
17
100
AcDbEntity
  8
TEXT
100
AcDbPolyline
 90
13
 70
0
 10
110.630968622101
 20
122.0
 10
106.89631650750344
 20
122.0
 10
106.89631650750344
 20
127.0
 10
110.51500682128244
 20
127.0
 10
110.51500682128244
 20
126.40654843110505
 10
107.5579809004093
 20
126.40654843110505
 10
107.5579809004093
 20
124.87858117326057
 10
110.32401091405188
 20
124.87858117326057
 10
110.32401091405188
 20
124.28512960436562
 10
107.5579809004093
 20
124.28512960436562
 10
107.5579809004093
 20
122.59345156889495
 10
110.630968622101
 20
122.59345156889495
 10
110.630968622101
 20
122.0
  0
LWPOLYLINE
  5
15B
330
17
100
AcDbEntity
  8
TEXT
100
AcDbPolyline
 90
13
 70
0
 10
117.42837653478858
 20
122.0
 10
116.74965893587999
 20
122.0
 10
114.13710777626197
 20
125.92564802182811
 10
114.12346521145979
 20
125.92564802182811
 10
114.12346521145979
 20
122.0
 10
113.49590723055938
 20
122.0
 10
113.49590723055938
 20
127.0
 10
114.17121418826744
 20
127.0
 10
116.78376534788545
 20
123.07435197817189
 10
116.79740791268763
 20
123.07435197817189
 10
116.79740791268763
 20
127.0
 10
117.42837653478858
 20
127.0
 10
117.42837653478858
 20
122.0
  0
LWPOLYLINE
  5
15C
330
17
100
AcDbEntity
  8
TEXT
100
AcDbPolyline
 90
65
 70
0
 10
120.71282401091409
 20
127.08526603001364
 10
120.96947476125516
 20
127.07412815484311
 10
121.2141882673943
 20
127.04071452933151
 10
121.44696452933155
 20
126.98502515347886
 10
121.6678035470669
 20
126.90706002728513
 10
121.87670532060032
 20
126.80681915075034
 10
122.07366984993183
 20
126.68430252387449
 10
122.25869713506144
 20
126.53951014665758
 10
122.43178717598913
 20
126.3724420190996
 10
122.58846350613919
 20
126.18714827762619
 10
122.72424965893592
 20
125.98767905866303
 10
122.8391456343793
 20
125.77403436221009
 10
122.93315143246934
 20
125.54621418826738
 10
123.00626705320605
 20
125.30421853683492
 10
123.0584924965894
 20
125.04804740791269
 10
123.08982776261941
 20
124.77770080150069
 10
123.10027285129608
 20
124.49317871759891
 10
123.08977447135065
 20
124.20953593963165
 10
123.05827933151437
 20
123.94012193042292
 10
123.00578743178721
 20
123.68493668997272
 10
122.9322987721692
 20
123.44398021828104
 10
122.83781335266035
 20
123.2172525153479
 10
122.72233117326061
 20
123.00475358117326
 10
122.58585223397003
 20
122.80648341575717
 10
122.42837653478858
 20
122.6224420190996
 10
122.25459370736704
 20
122.45657294508868
 10
122.06919338335612
 20
122.31281974761255
 10
121.87217556275584
 20
122.19118242667122
 10
121.66354024556621
 20
122.09166098226467
 10
121.44328743178721
 20
122.0142554143929
 10
121.21141712141886
 20
121.95896572305594
 10
120.96792931446116
 20
121.92579190825376
 10
120.71282401091409
 20
121.91473396998636
 10
120.44913881309691
 20
121.92619159276944
 10
120.19866984993183
 20
121.9605644611187
 10
119.96141712141886
 20
122.01785257503411
 10
119.73738062755803
 20
122.09805593451568
 10
119.5265603683493
 20
122.20117453956344
 10
119.32895634379267
 20
122.32720839017735
 10
119.14456855388816
 20
122.47615748635744
 10
118.97339699863578
 20
122.64802182810368
 10
118.81911877557984
 20
122.83640646316508
 10
118.6854109822647
 20
123.03491643929058
 10
118.57227361869035
 20
123.24355175648022
 10
118.4797066848568
 20
123.46231241473397
 10
118.40771018076403
 20
123.69119841405184
 10
118.35628410641205
 20
123.93020975443383
 10
118.32542846180085
 20
124.17934643587995
 10
118.31514324693046
 20
124.43860845839018
 10
118.32556168997276
 20
124.73823861698499
 10
118.35681701909962
 20
125.02150835607094
 10
118.40890923431108
 20
125.28841767564802
 10
118.48183833560714
 20
125.53896657571623
 10
118.57560432298776
 20
125.77315505627557
 10
118.69020719645297
 20
125.99098311732605
 10
118.82564695600277
 20
126.19245075886766
 10
118.98192360163715
 20
126.3775579809004
 10
119.15482712312419
 20
126.54342705491132
 10
119.34014751023197
 20
126.68718025238745
 10
119.53788476296047
 20
126.80881757332878
 10
119.74803888130972
 20
126.90833901773533
 10
119.97060986527971
 20
126.9857445856071
 10
120.20559771487044
 20
127.04103427694406
 10
120.4530024300819
 20
127.07420809174624
 10
120.71282401091409
 20
127.08526603001364
  0
LWPOLYLINE
  5
15D
330
17
100
AcDbEntity
  8
TEXT
100
AcDbPolyline
 90
41
 70
0
 10
120.706002728513
 20
122.48090040927694
 10
121.06827677353346
 20
122.51415416098226
 10
121.39452592087316
 20
122.61391541609822
 10
121.6847501705321
 20
122.78018417462482
 10
121.93894952251027
 20
123.01296043656207
 10
122.14582622783087
 20
123.3049965893588
 10
122.2940825375171
 20
123.64904502046384
 10
122.38371845156894
 20
124.04510572987722
 10
122.4147339699864
 20
124.49317871759891
 10
122.40719325545707
 20
124.7300051159618
 10
122.38457111186908
 20
124.95276261937244
 10
122.34686753922242
 20
125.16145122783082
 10
122.2940825375171
 20
125.35607094133697
 10
122.22621610675311
 20
125.53662175989086
 10
122.14326824693046
 20
125.7031036834925
 10
122.04523895804915
 20
125.85551671214189
 10
121.93212824010918
 20
125.99386084583902
 10
121.6753709072306
 20
126.22365279672579
 10
121.38770463847207
 20
126.38778990450206
 10
121.0691294338336
 20
126.4862721691678
 10
120.71964529331518
 20
126.51909959072306
 10
120.36110163710782
 20
126.4869116643929
 10
120.03581173260577
 20
126.39034788540246
 10
119.74377557980905
 20
126.22940825375171
 10
119.48499317871764
 20
126.00409276944066
 10
119.37148277626198
 20
125.86676116984994
 10
119.27310709413374
 20
125.71226978171896
 10
119.18986613233292
 20
125.54061860504775
 10
119.12175989085952
 20
125.3518076398363
 10
119.06878836971354
 20
125.14583688608458
 10
119.03095156889499
 20
124.92270634379263
 10
119.00824948840385
 20
124.68241601296043
 10
119.00068212824014
 20
124.424965893588
 10
119.03031207366989
 20
124.01089273533424
 10
119.11920190995912
 20
123.63838676671215
 10
119.26735163710782
 20
123.3074479877217
 10
119.47476125511601
 20
123.0180763983629
 10
119.72949351978177
 20
122.78306190313779
 10
120.01961118690318
 20
122.61519440654843
 10
120.34511425648026
 20
122.51447390859481
 10
120.706002728513
 20
122.48090040927694
  0
LWPOLYLINE
  5
15E
330
17
100
AcDbEntity
  8
TEXT
100
AcDbPolyline
 90
9
 70
0
 10
127.5341064120055
 20
126.40654843110505
 10
125.87994542974083
 20
126.40654843110505
 10
125.87994542974083
 20
122.0
 10
125.21487039563442
 20
122.0
 10
125.21487039563442
 20
126.40654843110505
 10
123.57435197817193
 20
126.40654843110505
 10
123.57435197817193
 20
127.0
 10
127.5341064120055
 20
127.0
 10
127.5341064120055
 20
126.40654843110505
  0
LWPOLYLINE
  5
15F
330
17
100
AcDbEntity
  8
TEXT
100
AcDbPolyline
 90
91
 70
0
 10
132.45907230559348
 20
123.58594815825376
 10
132.32957452251026
 20
123.19148618690313
 10
132.15936221009554
 20
122.85052864938609
 10
131.9484353683493
 20
122.56307554570259
 10
131.69679399727153
 20
122.32912687585267
 10
131.41125937926336
 20
122.14782997953616
 10
131.09865279672584
 20
122.01833219645293
 10
130.758974249659
 20
121.94063352660301
 10
130.3922237380628
 20
121.91473396998636
 10
130.09568447305597
 20
121.92675115109141
 10
129.81998209413374
 20
121.96280269440655
 10
129.5651166012961
 20
122.02288859993179
 10
129.33108799454303
 20
122.10700886766712
 10
129.11789627387452
 20
122.21516349761255
 10
128.92554143929064
 20
122.34735248976808
 10
128.75402349079133
 20
122.5035758441337
 10
128.60334242837658
 20
122.68383356070942
 10
128.4718462227149
 20
122.88098460948159
 10
128.3578828444748
 20
123.08788796043656
 10
128.26145229365625
 20
123.30454361357435
 10
128.18255457025924
 20
123.53095156889495
 10
128.1211896742838
 20
123.76711182639836
 10
128.07735760572993
 20
124.01302438608458
 10
128.0510583645976
 20
124.26868924795362
 10
128.0422919508868
 20
124.53410641200546
 10
128.05260381139158
 20
124.82526325886766
 10
128.0835393929059
 20
125.10016626875853
 10
128.13509869542978
 20
125.35881544167803
 10
128.2072817189632
 20
125.60121077762619
 10
128.30008846350617
 20
125.82735227660301
 10
128.41351892905868
 20
126.03723993860847
 10
128.54757311562076
 20
126.23087376364256
 10
128.7022510231924
 20
126.40825375170532
 10
128.8731294764666
 20
126.56692850443383
 10
129.05578530013645
 20
126.7044466234652
 10
129.25021849420196
 20
126.82080810879945
 10
129.45642905866308
 20
126.91601296043656
 10
129.67441699351983
 20
126.99006117837654
 10
129.9041822987722
 20
127.04295276261936
 10
130.14572497442023
 20
127.07468771316508
 10
130.3990450204639
 20
127.08526603001364
 10
130.75076739427016
 20
127.06203103683492
 10
131.0760572987722
 20
126.99232605729877
 10
131.37491473397003
 20
126.87615109140519
 10
131.6473396998636
 20
126.71350613915416
 10
131.88715040927698
 20
126.50609652114598
 10
132.08816507503414
 20
126.2556275579809
 10
132.2503836971351
 20
125.96209924965893
 10
132.37380627557985
 20
125.62551159618008
 10
131.72578444747617
 20
125.47203274215552
 10
131.63327080491138
 20
125.71674624829468
 10
131.51944065484315
 20
125.92905866302866
 10
131.38429399727153
 20
126.10896998635744
 10
131.2278308321965
 20
126.25648021828104
 10
131.0502643246931
 20
126.37137619372443
 10
130.85180763983635
 20
126.45344474761255
 10
130.63246077762625
 20
126.50268587994543
 10
130.3922237380628
 20
126.51909959072306
 10
130.19376705320605
 20
126.51070621589359
 10
130.00767394270127
 20
126.48552609140519
 10
129.83394440654848
 20
126.44355921725784
 10
129.67257844474767
 20
126.38480559345157
 10
129.5235760572988
 20
126.30926521998636
 10
129.38693724420196
 20
126.21693809686221
 10
129.26266200545706
 20
126.10782422407912
 10
129.15075034106417
 20
125.9819236016371
 10
128.96572305593457
 20
125.69042036152797
 10
128.8335607094134
 20
125.3530866302865
 10
128.75426330150074
 20
124.96992240791269
 10
128.7278308321965
 20
124.54092769440655
 10
128.7347853427695
 20
124.28838037175989
 10
128.75564887448846
 20
124.05256650750341
 10
128.79042142735338
 20
123.8334861016371
 10
128.83910300136432
 20
123.63113915416099
 10
128.9016935965212
 20
123.44552566507504
 10
128.97819321282407
 20
123.27664563437926
 10
129.0686018502729
 20
123.12449906207367
 10
129.17291950886772
 20
122.98908594815825
 10
129.41241047066853
 20
122.76675477489768
 10
129.68579467939978
 20
122.60794679399727
 10
129.99307213506142
 20
122.51266200545702
 10
130.33424283765353
 20
122.48090040927694
 10
130.61380883356077
 20
122.50072476125511
 10
130.86587653478858
 20
122.56019781718963
 10
131.090445941337
 20
122.65931957708048
 10
131.28751705320605
 20
122.79809004092769
 10
131.45708987039566
 20
122.97672237380627
 10
131.5991643929059
 20
123.19542974079127
 10
131.71374062073673
 20
123.45421214188268
 10
131.80081855388818
 20
123.7530695770805
 10
132.45907230559348
 20
123.58594815825376
  0
LWPOLYLINE
  5
160
330
17
100
AcDbEntity
  8
TEXT
100
AcDbPolyline
 90
13
 70
0
 10
137.21691678035475
 20
122.0
 10
136.55184174624836
 20
122.0
 10
136.55184174624836
 20
124.35334242837654
 10
133.95293315143252
 20
124.35334242837654
 10
133.95293315143252
 20
122.0
 10
133.29126875852666
 20
122.0
 10
133.29126875852666
 20
127.0
 10
133.95293315143252
 20
127.0
 10
133.95293315143252
 20
124.94679399727148
 10
136.55184174624836
 20
124.94679399727148
 10
136.55184174624836
 20
127.0
 10
137.21691678035475
 20
127.0
 10
137.21691678035475
 20
122.0
  0
ENDSEC
  0
SECTION
  2
OBJECTS
  0
DICTIONARY
  5
A
330
0
100
AcDbDictionary
281
1
  3
ACAD_COLOR
350
B
  3
ACAD_GROUP
350
C
  3
ACAD_LAYOUT
350
D
  3
ACAD_MATERIAL
350
E
  3
ACAD_MLEADERSTYLE
350
F
  3
ACAD_MLINESTYLE
350
10
  3
ACAD_PLOTSETTINGS
350
11
  3
ACAD_PLOTSTYLENAME
350
12
  3
ACAD_SCALELIST
350
14
  3
ACAD_TABLESTYLE
350
15
  3
ACAD_VISUALSTYLE
350
16
  3
EZDXF_META
350
2D
  0
DICTIONARY
  5
B
330
A
100
AcDbDictionary
281
1
  0
DICTIONARY
  5
C
330
A
100
AcDbDictionary
281
1
  0
DICTIONARY
  5
D
330
A
100
AcDbDictionary
281
1
  3
Model
350
1A
  3
Layout1
350
1E
  0
DICTIONARY
  5
E
330
A
100
AcDbDictionary
281
1
  3
ByBlock
350
1F
  3
ByLayer
350
20
  3
Global
350
21
  0
DICTIONARY
  5
F
330
A
100
AcDbDictionary
281
1
  3
Standard
350
2C
  0
DICTIONARY
  5
10
330
A
100
AcDbDictionary
281
1
  3
Standard
350
22
  0
DICTIONARY
  5
11
330
A
100
AcDbDictionary
281
1
  0
ACDBDICTIONARYWDFLT
  5
12
330
A
100
AcDbDictionary
281
1
  3
Normal
350
13
100
AcDbDictionaryWithDefault
340
13
  0
ACDBPLACEHOLDER
  5
13
330
12
  0
DICTIONARY
  5
14
330
A
100
AcDbDictionary
281
1
  0
DICTIONARY
  5
15
330
A
100
AcDbDictionary
281
1
  0
DICTIONARY
  5
16
330
A
100
AcDbDictionary
281
1
  0
LAYOUT
  5
1A
330
D
100
AcDbPlotSettings
  1

  4
A3
  6

 40
7.5
 41
20.0
 42
7.5
 43
20.0
 44
420.0
 45
297.0
 46
0.0
 47
0.0
 48
0.0
 49
0.0
140
0.0
141
0.0
142
1.0
143
1.0
 70
1024
 72
1
 73
0
 74
5
  7

 75
16
 76
0
 77
2
 78
300
147
1.0
148
0.0
149
0.0
100
AcDbLayout
  1
Model
 70
1
 71
0
 10
0.0
 20
0.0
 11
420.0
 21
297.0
 12
0.0
 22
0.0
 32
0.0
 14
1e+20
 24
1e+20
 34
1e+20
 15
-1e+20
 25
-1e+20
 35
-1e+20
146
0.0
 13
0.0
 23
0.0
 33
0.0
 16
1.0
 26
0.0
 36
0.0
 17
0.0
 27
1.0
 37
0.0
 76
1
330
17
  0
LAYOUT
  5
1E
330
D
100
AcDbPlotSettings
  1

  4
A3
  6

 40
7.5
 41
20.0
 42
7.5
 43
20.0
 44
420.0
 45
297.0
 46
0.0
 47
0.0
 48
0.0
 49
0.0
140
0.0
141
0.0
142
1.0
143
1.0
 70
0
 72
1
 73
0
 74
5
  7

 75
16
 76
0
 77
2
 78
300
147
1.0
148
0.0
149
0.0
100
AcDbLayout
  1
Layout1
 70
1
 71
1
 10
0.0
 20
0.0
 11
420.0
 21
297.0
 12
0.0
 22
0.0
 32
0.0
 14
1e+20
 24
1e+20
 34
1e+20
 15
-1e+20
 25
-1e+20
 35
-1e+20
146
0.0
 13
0.0
 23
0.0
 33
0.0
 16
1.0
 26
0.0
 36
0.0
 17
0.0
 27
1.0
 37
0.0
 76
1
330
1B
  0
MATERIAL
  5
1F
102
{ACAD_REACTORS
330
E
102
}
330
E
100
AcDbMaterial
  1
ByBlock
  2

 70
0
 40
1.0
 71
1
 41
1.0
 91
-1023410177
 42
1.0
 72
1
  3

 73
1
 74
1
 75
1
 44
0.5
 73
0
 45
1.0
 46
1.0
 77
1
  4

 78
1
 79
1
170
1
 48
1.0
171
1
  6

172
1
173
1
174
1
140
1.0
141
1.0
175
1
  7

176
1
177
1
178
1
143
1.0
179
1
  8

270
1
271
1
272
1
145
1.0
146
1.0
273
1
  9

274
1
275
1
276
1
 42
1.0
 72
1
  3

 73
1
 74
1
 75
1
 94
63
  0
MATERIAL
  5
20
102
{ACAD_REACTORS
330
E
102
}
330
E
100
AcDbMaterial
  1
ByLayer
  2

 70
0
 40
1.0
 71
1
 41
1.0
 91
-1023410177
 42
1.0
 72
1
  3

 73
1
 74
1
 75
1
 44
0.5
 73
0
 45
1.0
 46
1.0
 77
1
  4

 78
1
 79
1
170
1
 48
1.0
171
1
  6

172
1
173
1
174
1
140
1.0
141
1.0
175
1
  7

176
1
177
1
178
1
143
1.0
179
1
  8

270
1
271
1
272
1
145
1.0
146
1.0
273
1
  9

274
1
275
1
276
1
 42
1.0
 72
1
  3

 73
1
 74
1
 75
1
 94
63
  0
MATERIAL
  5
21
102
{ACAD_REACTORS
330
E
102
}
330
E
100
AcDbMaterial
  1
Global
  2

 70
0
 40
1.0
 71
1
 41
1.0
 91
-1023410177
 42
1.0
 72
1
  3

 73
1
 74
1
 75
1
 44
0.5
 73
0
 45
1.0
 46
1.0
 77
1
  4

 78
1
 79
1
170
1
 48
1.0
171
1
  6

172
1
173
1
174
1
140
1.0
141
1.0
175
1
  7

176
1
177
1
178
1
143
1.0
179
1
  8

270
1
271
1
272
1
145
1.0
146
1.0
273
1
  9

274
1
275
1
276
1
 42
1.0
 72
1
  3

 73
1
 74
1
 75
1
 94
63
  0
MLINESTYLE
  5
22
102
{ACAD_REACTORS
330
10
102
}
330
10
100
AcDbMlineStyle
  2
Standard
 70
0
  3

 62
256
 51
90.0
 52
90.0
 71
2
 49
0.5
 62
256
  6
BYLAYER
 49
-0.5
 62
256
  6
BYLAYER
  0
MLEADERSTYLE
  5
2C
102
{ACAD_REACTORS
330
F
102
}
330
F
100
AcDbMLeaderStyle
179
2
170
2
171
1
172
0
 90
2
 40
0.0
 41
0.0
173
1
 91
-1056964608
 92
-2
290
1
 42
2.0
291
1
 43
8.0
  3
Standard
 44
4.0
300

342
29
174
1
175
1
176
0
178
1
 93
-1056964608
 45
4.0
292
0
297
0
 46
4.0
 94
-1056964608
 47
1.0
 49
1.0
140
1.0
294
1
141
0.0
177
0
142
1.0
295
0
296
0
143
3.75
271
0
272
9
273
9
  0
DICTIONARY
  5
2D
330
A
100
AcDbDictionary
280
1
281
1
  3
CREATED_BY_EZDXF
350
2E
  3
WRITTEN_BY_EZDXF
350
163
  0
DICTIONARYVAR
  5
2E
330
2D
100
DictionaryVariables
280
0
  1
1.4.2 @ 2026-05-18T11:18:49.178222+00:00
  0
DICTIONARYVAR
  5
163
330
2D
100
DictionaryVariables
280
0
  1
1.4.2 @ 2026-05-18T11:18:49.292039+00:00
  0
ENDSEC
  0
EOF
