  0
SECTION
  2
HEADER
  9
$ACADVER
  1
AC1024
  9
$ACADMAINTVER
 70
6
  9
$DWGCODEPAGE
  3
ANSI_1252
  9
$LASTSAVEDBY
  1
ezdxf
  9
$INSBASE
 10
0.0
 20
0.0
 30
0.0
  9
$EXTMIN
 10
1e+20
 20
1e+20
 30
1e+20
  9
$EXTMAX
 10
-1e+20
 20
-1e+20
 30
-1e+20
  9
$LIMMIN
 10
0.0
 20
0.0
  9
$LIMMAX
 10
420.0
 20
297.0
  9
$ORTHOMODE
 70
0
  9
$REGENMODE
 70
1
  9
$FILLMODE
 70
1
  9
$QTEXTMODE
 70
0
  9
$MIRRTEXT
 70
1
  9
$LTSCALE
 40
1.0
  9
$ATTMODE
 70
1
  9
$TEXTSIZE
 40
2.5
  9
$TRACEWID
 40
1.0
  9
$TEXTSTYLE
  7
Standard
  9
$CLAYER
  8
0
  9
$CELTYPE
  6
ByLayer
  9
$CECOLOR
 62
256
  9
$CELTSCALE
 40
1.0
  9
$DISPSILH
 70
0
  9
$DIMSCALE
 40
1.0
  9
$DIMASZ
 40
2.5
  9
$DIMEXO
 40
0.625
  9
$DIMDLI
 40
3.75
  9
$DIMRND
 40
0.0
  9
$DIMDLE
 40
0.0
  9
$DIMEXE
 40
1.25
  9
$DIMTP
 40
0.0
  9
$DIMTM
 40
0.0
  9
$DIMTXT
 40
2.5
  9
$DIMCEN
 40
2.5
  9
$DIMTSZ
 40
0.0
  9
$DIMTOL
 70
0
  9
$DIMLIM
 70
0
  9
$DIMTIH
 70
0
  9
$DIMTOH
 70
0
  9
$DIMSE1
 70
0
  9
$DIMSE2
 70
0
  9
$DIMTAD
 70
1
  9
$DIMZIN
 70
8
  9
$DIMBLK
  1

  9
$DIMASO
 70
1
  9
$DIMSHO
 70
1
  9
$DIMPOST
  1

  9
$DIMAPOST
  1

  9
$DIMALT
 70
0
  9
$DIMALTD
 70
3
  9
$DIMALTF
 40
0.03937007874
  9
$DIMLFAC
 40
1.0
  9
$DIMTOFL
 70
1
  9
$DIMTVP
 40
0.0
  9
$DIMTIX
 70
0
  9
$DIMSOXD
 70
0
  9
$DIMSAH
 70
0
  9
$DIMBLK1
  1

  9
$DIMBLK2
  1

  9
$DIMSTYLE
  2
ISO-25
  9
$DIMCLRD
 70
0
  9
$DIMCLRE
 70
0
  9
$DIMCLRT
 70
0
  9
$DIMTFAC
 40
1.0
  9
$DIMGAP
 40
0.625
  9
$DIMJUST
 70
0
  9
$DIMSD1
 70
0
  9
$DIMSD2
 70
0
  9
$DIMTOLJ
 70
0
  9
$DIMTZIN
 70
8
  9
$DIMALTZ
 70
0
  9
$DIMALTTZ
 70
0
  9
$DIMUPT
 70
0
  9
$DIMDEC
 70
2
  9
$DIMTDEC
 70
2
  9
$DIMALTU
 70
2
  9
$DIMALTTD
 70
3
  9
$DIMTXSTY
  7
Standard
  9
$DIMAUNIT
 70
0
  9
$DIMADEC
 70
0
  9
$DIMALTRND
 40
0.0
  9
$DIMAZIN
 70
0
  9
$DIMDSEP
 70
44
  9
$DIMATFIT
 70
3
  9
$DIMFRAC
 70
0
  9
$DIMLDRBLK
  1

  9
$DIMLUNIT
 70
2
  9
$DIMLWD
 70
-2
  9
$DIMLWE
 70
-2
  9
$DIMTMOVE
 70
0
  9
$DIMFXL
 40
1.0
  9
$DIMFXLON
 70
0
  9
$DIMJOGANG
 40
0.785398163397
  9
$DIMTFILL
 70
0
  9
$DIMTFILLCLR
 70
0
  9
$DIMARCSYM
 70
0
  9
$DIMLTYPE
  6

  9
$DIMLTEX1
  6

  9
$DIMLTEX2
  6

  9
$DIMTXTDIRECTION
 70
0
  9
$LUNITS
 70
2
  9
$LUPREC
 70
4
  9
$SKETCHINC
 40
1.0
  9
$FILLETRAD
 40
10.0
  9
$AUNITS
 70
0
  9
$AUPREC
 70
2
  9
$MENU
  1
.
  9
$ELEVATION
 40
0.0
  9
$PELEVATION
 40
0.0
  9
$THICKNESS
 40
0.0
  9
$LIMCHECK
 70
0
  9
$CHAMFERA
 40
0.0
  9
$CHAMFERB
 40
0.0
  9
$CHAMFERC
 40
0.0
  9
$CHAMFERD
 40
0.0
  9
$SKPOLY
 70
0
  9
$TDCREATE
 40
2461178.851354167
  9
$TDUCREATE
 40
2458532.153996898
  9
$TDUPDATE
 40
2461178.851354167
  9
$TDUUPDATE
 40
2458532.1544311
  9
$TDINDWG
 40
0.0
  9
$TDUSRTIMER
 40
0.0
  9
$USRTIMER
 70
1
  9
$ANGBASE
 50
0.0
  9
$ANGDIR
 70
0
  9
$PDMODE
 70
0
  9
$PDSIZE
 40
0.0
  9
$PLINEWID
 40
0.0
  9
$SPLFRAME
 70
0
  9
$SPLINETYPE
 70
6
  9
$SPLINESEGS
 70
8
  9
$HANDSEED
  5
144
  9
$SURFTAB1
 70
6
  9
$SURFTAB2
 70
6
  9
$SURFTYPE
 70
6
  9
$SURFU
 70
6
  9
$SURFV
 70
6
  9
$UCSBASE
  2

  9
$UCSNAME
  2

  9
$UCSORG
 10
0.0
 20
0.0
 30
0.0
  9
$UCSXDIR
 10
1.0
 20
0.0
 30
0.0
  9
$UCSYDIR
 10
0.0
 20
1.0
 30
0.0
  9
$UCSORTHOREF
  2

  9
$UCSORTHOVIEW
 70
0
  9
$UCSORGTOP
 10
0.0
 20
0.0
 30
0.0
  9
$UCSORGBOTTOM
 10
0.0
 20
0.0
 30
0.0
  9
$UCSORGLEFT
 10
0.0
 20
0.0
 30
0.0
  9
$UCSORGRIGHT
 10
0.0
 20
0.0
 30
0.0
  9
$UCSORGFRONT
 10
0.0
 20
0.0
 30
0.0
  9
$UCSORGBACK
 10
0.0
 20
0.0
 30
0.0
  9
$PUCSBASE
  2

  9
$PUCSNAME
  2

  9
$PUCSORG
 10
0.0
 20
0.0
 30
0.0
  9
$PUCSXDIR
 10
1.0
 20
0.0
 30
0.0
  9
$PUCSYDIR
 10
0.0
 20
1.0
 30
0.0
  9
$PUCSORTHOREF
  2

  9
$PUCSORTHOVIEW
 70
0
  9
$PUCSORGTOP
 10
0.0
 20
0.0
 30
0.0
  9
$PUCSORGBOTTOM
 10
0.0
 20
0.0
 30
0.0
  9
$PUCSORGLEFT
 10
0.0
 20
0.0
 30
0.0
  9
$PUCSORGRIGHT
 10
0.0
 20
0.0
 30
0.0
  9
$PUCSORGFRONT
 10
0.0
 20
0.0
 30
0.0
  9
$PUCSORGBACK
 10
0.0
 20
0.0
 30
0.0
  9
$USERI1
 70
0
  9
$USERI2
 70
0
  9
$USERI3
 70
0
  9
$USERI4
 70
0
  9
$USERI5
 70
0
  9
$USERR1
 40
0.0
  9
$USERR2
 40
0.0
  9
$USERR3
 40
0.0
  9
$USERR4
 40
0.0
  9
$USERR5
 40
0.0
  9
$WORLDVIEW
 70
1
  9
$SHADEDGE
 70
3
  9
$SHADEDIF
 70
70
  9
$TILEMODE
 70
1
  9
$MAXACTVP
 70
64
  9
$PINSBASE
 10
0.0
 20
0.0
 30
0.0
  9
$PLIMCHECK
 70
0
  9
$PEXTMIN
 10
1e+20
 20
1e+20
 30
1e+20
  9
$PEXTMAX
 10
-1e+20
 20
-1e+20
 30
-1e+20
  9
$PLIMMIN
 10
0.0
 20
0.0
  9
$PLIMMAX
 10
420.0
 20
297.0
  9
$UNITMODE
 70
0
  9
$VISRETAIN
 70
1
  9
$PLINEGEN
 70
0
  9
$PSLTSCALE
 70
1
  9
$TREEDEPTH
 70
3020
  9
$CMLSTYLE
  2
Standard
  9
$CMLJUST
 70
0
  9
$CMLSCALE
 40
20.0
  9
$PROXYGRAPHICS
 70
1
  9
$MEASUREMENT
 70
1
  9
$CELWEIGHT
370
-1
  9
$ENDCAPS
280
0
  9
$JOINSTYLE
280
0
  9
$LWDISPLAY
290
0
  9
$INSUNITS
 70
4
  9
$HYPERLINKBASE
  1

  9
$STYLESHEET
  1

  9
$XEDIT
290
1
  9
$CEPSNTYPE
380
0
  9
$PSTYLEMODE
290
1
  9
$FINGERPRINTGUID
  2
{79748AFB-11AD-4861-A2D9-AB0C74048345}
  9
$VERSIONGUID
  2
{969B936D-3438-45BC-A922-C0B55E728162}
  9
$EXTNAMES
290
1
  9
$PSVPSCALE
 40
0.0
  9
$OLESTARTUP
290
0
  9
$SORTENTS
280
127
  9
$INDEXCTL
280
0
  9
$HIDETEXT
280
1
  9
$XCLIPFRAME
280
1
  9
$HALOGAP
280
0
  9
$OBSCOLOR
 70
257
  9
$OBSLTYPE
280
0
  9
$INTERSECTIONDISPLAY
280
0
  9
$INTERSECTIONCOLOR
 70
257
  9
$DIMASSOC
280
2
  9
$PROJECTNAME
  1

  9
$CAMERADISPLAY
290
0
  9
$LENSLENGTH
 40
50.0
  9
$CAMERAHEIGHT
 40
0.0
  9
$STEPSPERSEC
 40
24.0
  9
$STEPSIZE
 40
100.0
  9
$3DDWFPREC
 40
2.0
  9
$PSOLWIDTH
 40
0.005
  9
$PSOLHEIGHT
 40
0.08
  9
$LOFTANG1
 40
1.570796326795
  9
$LOFTANG2
 40
1.570796326795
  9
$LOFTMAG1
 40
0.0
  9
$LOFTMAG2
 40
0.0
  9
$LOFTPARAM
 70
7
  9
$LOFTNORMALS
280
1
  9
$LATITUDE
 40
37.795
  9
$LONGITUDE
 40
-122.394
  9
$NORTHDIRECTION
 40
0.0
  9
$TIMEZONE
 70
-8000
  9
$LIGHTGLYPHDISPLAY
280
1
  9
$TILEMODELIGHTSYNCH
280
1
  9
$CMATERIAL
347
20
  9
$SOLIDHIST
280
0
  9
$SHOWHIST
280
1
  9
$DWFFRAME
280
2
  9
$DGNFRAME
280
2
  9
$REALWORLDSCALE
290
1
  9
$INTERFERECOLOR
 62
256
  9
$CSHADOW
280
0
  9
$SHADOWPLANELOCATION
 40
0.0
  0
ENDSEC
  0
SECTION
  2
CLASSES
  0
CLASS
  1
ACDBDICTIONARYWDFLT
  2
AcDbDictionaryWithDefault
  3
ObjectDBX Classes
 90
0
 91
0
280
0
281
0
  0
CLASS
  1
SUN
  2
AcDbSun
  3
SCENEOE
 90
1153
 91
0
280
0
281
0
  0
CLASS
  1
VISUALSTYLE
  2
AcDbVisualStyle
  3
ObjectDBX Classes
 90
4095
 91
0
280
0
281
0
  0
CLASS
  1
MATERIAL
  2
AcDbMaterial
  3
ObjectDBX Classes
 90
1153
 91
0
280
0
281
0
  0
CLASS
  1
SCALE
  2
AcDbScale
  3
ObjectDBX Classes
 90
1153
 91
0
280
0
281
0
  0
CLASS
  1
TABLESTYLE
  2
AcDbTableStyle
  3
ObjectDBX Classes
 90
4095
 91
0
280
0
281
0
  0
CLASS
  1
MLEADERSTYLE
  2
AcDbMLeaderStyle
  3
ACDB_MLEADERSTYLE_CLASS
 90
4095
 91
0
280
0
281
0
  0
CLASS
  1
DICTIONARYVAR
  2
AcDbDictionaryVar
  3
ObjectDBX Classes
 90
0
 91
0
280
0
281
0
  0
CLASS
  1
CELLSTYLEMAP
  2
AcDbCellStyleMap
  3
ObjectDBX Classes
 90
1152
 91
0
280
0
281
0
  0
CLASS
  1
MENTALRAYRENDERSETTINGS
  2
AcDbMentalRayRenderSettings
  3
SCENEOE
 90
1024
 91
0
280
0
281
0
  0
CLASS
  1
ACDBDETAILVIEWSTYLE
  2
AcDbDetailViewStyle
  3
ObjectDBX Classes
 90
1025
 91
0
280
0
281
0
  0
CLASS
  1
ACDBSECTIONVIEWSTYLE
  2
AcDbSectionViewStyle
  3
ObjectDBX Classes
 90
1025
 91
0
280
0
281
0
  0
CLASS
  1
RASTERVARIABLES
  2
AcDbRasterVariables
  3
ISM
 90
0
 91
0
280
0
281
0
  0
CLASS
  1
LAYOUT
  2
AcDbLayout
  3
ObjectDBX Classes
 90
0
 91
0
280
0
281
0
  0
CLASS
  1
ACDBPLACEHOLDER
  2
AcDbPlaceHolder
  3
ObjectDBX Classes
 90
0
 91
0
280
0
281
0
  0
ENDSEC
  0
SECTION
  2
TABLES
  0
TABLE
  2
VPORT
  5
8
330
0
100
AcDbSymbolTable
 70
1
  0
VPORT
  5
23
330
8
100
AcDbSymbolTableRecord
100
AcDbViewportTableRecord
  2
*Active
 70
0
 10
0.0
 20
0.0
 11
1.0
 21
1.0
 12
0.0
 22
0.0
 13
0.0
 23
0.0
 14
0.5
 24
0.5
 15
0.5
 25
0.5
 16
0.0
 26
0.0
 36
1.0
 17
0.0
 27
0.0
 37
0.0
 40
1000.0
 41
1.34
 42
50.0
 43
0.0
 44
0.0
 50
0.0
 51
0.0
 71
0
 72
1000
 73
1
 74
3
 75
0
 76
0
 77
0
 78
0
281
0
 65
0
146
0.0
  0
ENDTAB
  0
TABLE
  2
LTYPE
  5
2
330
0
100
AcDbSymbolTable
 70
4
  0
LTYPE
  5
24
330
2
100
AcDbSymbolTableRecord
100
AcDbLinetypeTableRecord
  2
ByBlock
 70
0
  3

 72
65
 73
0
 40
0.0
  0
LTYPE
  5
25
330
2
100
AcDbSymbolTableRecord
100
AcDbLinetypeTableRecord
  2
ByLayer
 70
0
  3

 72
65
 73
0
 40
0.0
  0
LTYPE
  5
26
330
2
100
AcDbSymbolTableRecord
100
AcDbLinetypeTableRecord
  2
Continuous
 70
0
  3

 72
65
 73
0
 40
0.0
  0
LTYPE
  5
2F
330
2
100
AcDbSymbolTableRecord
100
AcDbLinetypeTableRecord
  2
DASHED
 70
0
  3
Dashed line for bend marks
 72
65
 73
2
 40
0.2
 49
5.0
 74
0
 49
-2.5
 74
0
  0
ENDTAB
  0
TABLE
  2
LAYER
  5
1
330
0
100
AcDbSymbolTable
 70
6
  0
LAYER
  5
27
330
1
100
AcDbSymbolTableRecord
100
AcDbLayerTableRecord
  2
0
 70
0
 62
7
  6
Continuous
370
-3
390
13
347
21
  0
LAYER
  5
28
330
1
100
AcDbSymbolTableRecord
100
AcDbLayerTableRecord
  2
Defpoints
 70
0
 62
7
  6
Continuous
290
0
370
-3
390
13
347
21
  0
LAYER
  5
30
330
1
100
AcDbSymbolTableRecord
100
AcDbLayerTableRecord
  2
CUT
 70
0
 62
1
  6
CONTINUOUS
370
-3
390
13
347
21
  0
LAYER
  5
31
330
1
100
AcDbSymbolTableRecord
100
AcDbLayerTableRecord
  2
BEND
 70
0
 62
5
  6
DASHED
370
-3
390
13
347
21
  0
LAYER
  5
32
330
1
100
AcDbSymbolTableRecord
100
AcDbLayerTableRecord
  2
HOLE
 70
0
 62
3
  6
CONTINUOUS
370
-3
390
13
347
21
  0
LAYER
  5
33
330
1
100
AcDbSymbolTableRecord
100
AcDbLayerTableRecord
  2
TEXT
 70
0
 62
7
  6
CONTINUOUS
370
-3
390
13
347
21
  0
ENDTAB
  0
TABLE
  2
STYLE
  5
5
330
0
100
AcDbSymbolTable
 70
1
  0
STYLE
  5
29
330
5
100
AcDbSymbolTableRecord
100
AcDbTextStyleTableRecord
  2
Standard
 70
0
 40
0.0
 41
1.0
 50
0.0
 71
0
 42
2.5
  3
txt
  4

  0
ENDTAB
  0
TABLE
  2
VIEW
  5
7
330
0
100
AcDbSymbolTable
 70
0
  0
ENDTAB
  0
TABLE
  2
UCS
  5
6
330
0
100
AcDbSymbolTable
 70
0
  0
ENDTAB
  0
TABLE
  2
APPID
  5
3
330
0
100
AcDbSymbolTable
 70
3
  0
APPID
  5
2A
330
3
100
AcDbSymbolTableRecord
100
AcDbRegAppTableRecord
  2
ACAD
 70
0
  0
APPID
  5
141
330
3
100
AcDbSymbolTableRecord
100
AcDbRegAppTableRecord
  2
HATCHBACKGROUNDCOLOR
 70
0
  0
APPID
  5
142
330
3
100
AcDbSymbolTableRecord
100
AcDbRegAppTableRecord
  2
EZDXF
 70
0
  0
ENDTAB
  0
TABLE
  2
DIMSTYLE
  5
4
330
0
100
AcDbSymbolTable
 70
1
100
AcDbDimStyleTable
  0
DIMSTYLE
105
2B
330
4
100
AcDbSymbolTableRecord
100
AcDbDimStyleTableRecord
  2
Standard
 70
0
 40
1.0
 41
2.5
 42
0.625
 43
3.75
 44
1.25
 45
0.0
 46
0.0
 47
0.0
 48
0.0
 49
2.5
140
2.5
141
2.5
142
0.0
143
0.03937007874
144
1.0
145
0.0
146
1.0
147
0.625
148
0.0
 69
0
 70
0
 71
0
 72
0
 73
0
 74
0
 75
0
 76
0
 77
1
 78
8
 79
3
170
0
171
3
172
1
173
0
174
0
175
0
176
0
177
0
178
0
179
2
271
2
272
2
273
2
274
3
275
0
276
0
277
2
278
44
279
0
280
0
281
0
282
0
283
0
284
8
285
0
286
0
288
0
289
3
290
0
371
-2
372
-2
  0
ENDTAB
  0
TABLE
  2
BLOCK_RECORD
  5
9
330
0
100
AcDbSymbolTable
 70
2
  0
BLOCK_RECORD
  5
17
330
9
100
AcDbSymbolTableRecord
100
AcDbBlockTableRecord
  2
*Model_Space
340
1A
 70
0
280
1
281
0
  0
BLOCK_RECORD
  5
1B
330
9
100
AcDbSymbolTableRecord
100
AcDbBlockTableRecord
  2
*Paper_Space
340
1E
 70
0
280
1
281
0
  0
ENDTAB
  0
ENDSEC
  0
SECTION
  2
BLOCKS
  0
BLOCK
  5
18
330
17
100
AcDbEntity
  8
0
100
AcDbBlockBegin
  2
*Model_Space
 70
0
 10
0.0
 20
0.0
 30
0.0
  3
*Model_Space
  1

  0
ENDBLK
  5
19
330
17
100
AcDbEntity
  8
0
100
AcDbBlockEnd
  0
BLOCK
  5
1C
330
1B
100
AcDbEntity
  8
0
100
AcDbBlockBegin
  2
*Paper_Space
 70
0
 10
0.0
 20
0.0
 30
0.0
  3
*Paper_Space
  1

  0
ENDBLK
  5
1D
330
1B
100
AcDbEntity
  8
0
100
AcDbBlockEnd
  0
ENDSEC
  0
SECTION
  2
ENTITIES
  0
LWPOLYLINE
  5
34
330
17
100
AcDbEntity
  8
CUT
100
AcDbPolyline
 90
5
 70
1
 10
0.0
 20
0.0
 10
160.0
 20
0.0
 10
160.0
 20
100.0
 10
0.0
 20
100.0
 10
0.0
 20
0.0
  0
CIRCLE
  5
35
330
17
100
AcDbEntity
  8
HOLE
100
AcDbCircle
 10
30.0
 20
30.0
 30
0.0
 40
5.0
  0
CIRCLE
  5
36
330
17
100
AcDbEntity
  8
HOLE
100
AcDbCircle
 10
130.0
 20
30.0
 30
0.0
 40
5.0
  0
CIRCLE
  5
37
330
17
100
AcDbEntity
  8
HOLE
100
AcDbCircle
 10
30.0
 20
70.0
 30
0.0
 40
5.0
  0
CIRCLE
  5
38
330
17
100
AcDbEntity
  8
HOLE
100
AcDbCircle
 10
130.0
 20
70.0
 30
0.0
 40
5.0
  0
LWPOLYLINE
  5
3A
330
17
100
AcDbEntity
  8
TEXT
100
AcDbPolyline
 90
13
 70
0
 10
40.69099590723056
 20
38.0
 10
40.29195088676671
 20
38.0
 10
40.29195088676671
 20
39.41200545702592
 10
38.732605729877214
 20
39.41200545702592
 10
38.732605729877214
 20
38.0
 10
38.3356070941337
 20
38.0
 10
38.3356070941337
 20
41.0
 10
38.732605729877214
 20
41.0
 10
38.732605729877214
 20
39.76807639836289
 10
40.29195088676671
 20
39.76807639836289
 10
40.29195088676671
 20
41.0
 10
40.69099590723056
 20
41.0
 10
40.69099590723056
 20
38.0
  0
LWPOLYLINE
  5
3B
330
17
100
AcDbEntity
  8
TEXT
100
AcDbPolyline
 90
14
 70
0
 10
42.59822646657572
 20
38.0
 10
42.229877216916776
 20
38.0
 10
42.229877216916776
 20
40.34720327421555
 10
42.08010743519782
 20
40.22122271487039
 10
41.90706002728513
 20
40.105218281036834
 10
41.71073499317872
 20
39.99918997271487
 10
41.49113233287858
 20
39.903137789904505
 10
41.49113233287858
 20
40.25920873124147
 10
41.784021145975444
 20
40.420745225102316
 10
42.0262619372442
 20
40.60044338335607
 10
42.21785470668486
 20
40.79830320600273
 10
42.35879945429741
 20
41.01432469304229
 10
42.59822646657572
 20
41.01432469304229
 10
42.59822646657572
 20
38.0
  0
LWPOLYLINE
  5
3C
330
17
100
AcDbEntity
  8
TEXT
100
AcDbPolyline
 90
32
 70
0
 10
44.85743519781719
 20
41.0
 10
45.89290586630286
 20
41.0
 10
46.024258185538876
 20
40.99827336289222
 10
46.14614597544338
 20
40.993093451568896
 10
46.25856923601637
 20
40.98446026603001
 10
46.36152796725784
 20
40.97237380627558
 10
46.45866729195089
 20
40.95357264665757
 10
46.55363233287858
 20
40.92479536152797
 10
46.646423090040926
 20
40.88604195088677
 10
46.737039563437925
 20
40.83731241473397
 10
46.8237551159618
 20
40.77854280354707
 10
46.90484311050477
 20
40.70966916780355
 10
46.980303547066846
 20
40.630691507503414
 10
47.05013642564802
 20
40.541609822646656
 10
47.11357435197817
 20
40.443958901773534
 10
47.169849931787176
 20
40.33927353342428
 10
47.21896316507503
 20
40.22755371759891
 10
47.260914051841745
 20
40.10879945429741
 10
47.29448755115962
 20
39.980069065484315
 10
47.31846862210095
 20
39.83842087312415
 10
47.332857264665755
 20
39.683854877216916
 10
47.33765347885402
 20
39.51637107776262
 10
47.31795702592087
 20
39.19962909276944
 10
47.25886766712142
 20
38.91243178717599
 10
47.16038540245566
 20
38.654779160982265
 10
47.022510231923604
 20
38.42667121418827
 10
46.836545020463845
 20
38.2400025579809
 10
46.593792633015006
 20
38.10666780354707
 10
46.29425306957708
 20
38.026666950886764
 10
45.93792633015006
 20
38.0
 10
44.85743519781719
 20
38.0
 10
44.85743519781719
 20
41.0
  0
LWPOLYLINE
  5
3D
330
17
100
AcDbEntity
  8
TEXT
100
AcDbPolyline
 90
40
 70
0
 10
45.25443383356071
 20
38.356070941336974
 10
45.896998635743515
 20
38.356070941336974
 10
45.99260317189631
 20
38.35760572987722
 10
46.082963847203274
 20
38.36221009549796
 10
46.16808066166439
 20
38.36988403819918
 10
46.24795361527967
 20
38.3806275579809
 10
46.32546043656207
 20
38.398149727148706
 10
46.403478854024556
 20
38.426159618008185
 10
46.48200886766712
 20
38.46465723055935
 10
46.561050477489765
 20
38.51364256480218
 10
46.63695856070941
 20
38.57656889495225
 10
46.70608799454297
 20
38.6568894952251
 10
46.76843877899045
 20
38.754604365620736
 10
46.82401091405184
 20
38.869713506139156
 10
46.86967087312415
 20
39.00349590723056
 10
46.902285129604365
 20
39.15723055934515
 10
46.9218536834925
 20
39.330917462482944
 10
46.92837653478854
 20
39.52455661664393
 10
46.92588250341064
 20
39.63525324010914
 10
46.91840040927694
 20
39.742240791268756
 10
46.90593025238745
 20
39.84551927012278
 10
46.88847203274216
 20
39.94508867667121
 10
46.86429911323329
 20
40.0406292633015
 10
46.83168485675307
 20
40.13182128240109
 10
46.7906292633015
 20
40.21866473396999
 10
46.74113233287858
 20
40.301159618008185
 10
46.68543229877217
 20
40.37610845839018
 10
46.62576739427012
 20
40.44031377899045
 10
46.562137619372436
 20
40.493775579809004
 10
46.494542974079124
 20
40.53649386084584
 10
46.425413540245565
 20
40.57019525920873
 10
46.357179399727144
 20
40.59660641200546
 10
46.28984055252387
 20
40.615727319236015
 10
46.22339699863574
 20
40.627557980900406
 10
46.152732776261935
 20
40.634720327421554
 10
46.07273192360164
 20
40.63983628922237
 10
45.98339444065484
 20
40.64290586630286
 10
45.884720327421554
 20
40.643929058663026
 10
45.25443383356071
 20
40.643929058663026
 10
45.25443383356071
 20
38.356070941336974
  0
LWPOLYLINE
  5
3E
330
17
100
AcDbEntity
  8
TEXT
100
AcDbPolyline
 90
5
 70
0
 10
48.33219645293315
 20
38.0
 10
47.9331514324693
 20
38.0
 10
47.9331514324693
 20
41.0
 10
48.33219645293315
 20
41.0
 10
48.33219645293315
 20
38.0
  0
LWPOLYLINE
  5
3F
330
17
100
AcDbEntity
  8
TEXT
100
AcDbPolyline
 90
9
 70
0
 10
51.51227830832196
 20
38.0
 10
51.06412005457025
 20
38.0
 10
50.71214188267394
 20
38.91268758526603
 10
49.45975443383356
 20
38.91268758526603
 10
49.12824010914052
 20
38.0
 10
48.708731241473394
 20
38.0
 10
49.860845839017735
 20
41.0
 10
50.28854024556617
 20
41.0
 10
51.51227830832196
 20
38.0
  0
LWPOLYLINE
  5
40
330
17
100
AcDbEntity
  8
TEXT
100
AcDbPolyline
 90
20
 70
0
 10
50.59140518417462
 20
39.22783083219645
 10
50.50433790927694
 20
39.458192999658934
 10
50.42731070941336
 20
39.66223993860846
 10
50.360323584583895
 20
39.83997164904502
 10
50.30337653478854
 20
39.99138813096862
 10
50.256469560027284
 20
40.116489384379264
 10
50.21960266030013
 20
40.21527540927694
 10
50.192775835607094
 20
40.28774620566166
 10
50.17598908594816
 20
40.33390177353343
 10
50.15181616643929
 20
40.40546128922237
 10
50.126364256480215
 20
40.4881480218281
 10
50.09963335607094
 20
40.581961971350616
 10
50.07162346521146
 20
40.686903137789905
 10
50.06139154160982
 20
40.686903137789905
 10
50.03031207366985
 20
40.53828444747612
 10
49.9943724420191
 20
40.39529331514325
 10
49.95357264665757
 20
40.25792974079127
 10
49.90791268758527
 20
40.12619372442019
 10
49.57230559345157
 20
39.22783083219645
 10
50.59140518417462
 20
39.22783083219645
  0
LWPOLYLINE
  5
41
330
17
100
AcDbEntity
  8
TEXT
100
AcDbPolyline
 90
14
 70
0
 10
54.244201909959074
 20
38.0
 10
53.87585266030013
 20
38.0
 10
53.87585266030013
 20
40.34720327421555
 10
53.72608287858117
 20
40.22122271487039
 10
53.55303547066848
 20
40.105218281036834
 10
53.35671043656207
 20
39.99918997271487
 10
53.137107776261935
 20
39.903137789904505
 10
53.137107776261935
 20
40.25920873124147
 10
53.429996589358794
 20
40.420745225102316
 10
53.67223738062756
 20
40.60044338335607
 10
53.86383015006821
 20
40.79830320600273
 10
54.00477489768076
 20
41.01432469304229
 10
54.244201909959074
 20
41.01432469304229
 10
54.244201909959074
 20
38.0
  0
LWPOLYLINE
  5
42
330
17
100
AcDbEntity
  8
TEXT
100
AcDbPolyline
 90
33
 70
0
 10
56.167803547066846
 20
41.01432469304229
 10
56.39706258526603
 20
40.99034362210095
 10
56.59575375170532
 20
40.91840040927694
 10
56.763877046384714
 20
40.79849505457026
 10
56.901432469304225
 20
40.6306275579809
 10
57.00842002046384
 20
40.414797919508864
 10
57.084839699863565
 20
40.15100613915416
 10
57.13069150750341
 20
39.83925221691678
 10
57.14597544338335
 20
39.479536152796726
 10
57.130179911323324
 20
39.11662261255116
 10
57.08279331514324
 20
38.80346180081855
 10
57.00381565484311
 20
38.54005371759891
 10
56.89324693042292
 20
38.32639836289222
 10
56.753133526603
 20
38.16121674624829
 10
56.58552182810368
 20
38.043229877216916
 10
56.39041183492496
 20
37.97243775579809
 10
56.167803547066846
 20
37.948840381991815
 10
55.93902413028649
 20
37.97275750341064
 10
55.740748635743515
 20
38.04450886766712
 10
55.572977063437925
 20
38.16409447476126
 10
55.43570941336971
 20
38.331514324693046
 10
55.328945685538876
 20
38.54676841746248
 10
55.252685879945425
 20
38.809856753069575
 10
55.20692999658936
 20
39.12077933151433
 10
55.191678035470666
 20
39.479536152796726
 10
55.20747356753069
 20
39.84257759208731
 10
55.254860163710774
 20
40.15612210095498
 10
55.333837824010914
 20
40.42016967939973
 10
55.444406548431104
 20
40.634720327421554
 10
55.584392053206
 20
40.80079723738063
 10
55.75162005457025
 20
40.91942360163711
 10
55.94609055252387
 20
40.990599420190996
 10
56.167803547066846
 20
41.01432469304229
  0
LWPOLYLINE
  5
43
330
17
100
AcDbEntity
  8
TEXT
100
AcDbPolyline
 90
41
 70
0
 10
56.167803547066846
 20
38.25170532060027
 10
56.30708560709413
 20
38.26967513642565
 10
56.42820600272851
 20
38.32358458390178
 10
56.53116473396999
 20
38.41343366302865
 10
56.61596180081855
 20
38.539222373806275
 10
56.68221350613915
 20
38.70581087994543
 10
56.729536152796726
 20
38.91805934515689
 10
56.75792974079126
 20
39.17596776944065
 10
56.76739427012278
 20
39.479536152796726
 10
56.76323755115961
 20
39.694598396998636
 10
56.75076739427012
 20
39.88548772169168
 10
56.729983799454295
 20
40.05220412687586
 10
56.70088676671214
 20
40.19474761255116
 10
56.66341234652114
 20
40.316891200545705
 10
56.617496589358794
 20
40.42240791268759
 10
56.5631394952251
 20
40.51129774897681
 10
56.50034106412005
 20
40.58356070941337
 10
56.42903734652114
 20
40.63951654160982
 10
56.34916439290586
 20
40.67948499317872
 10
56.26072220327421
 20
40.70346606412005
 10
56.16371077762619
 20
40.71145975443383
 10
56.02455661664393
 20
40.69317019099591
 10
55.903819918144606
 20
40.638301500682125
 10
55.801500682128236
 20
40.54685368349249
 10
55.71759890859481
 20
40.41882673942701
 10
55.65224249658935
 20
40.250383697135064
 10
55.60555934515689
 20
40.03768758526603
 10
55.577549454297404
 20
39.78073840381992
 10
55.568212824010914
 20
39.479536152796726
 10
55.572433492496586
 20
39.267095839017735
 10
55.58509549795362
 20
39.07793315143247
 10
55.606198840381985
 20
38.912048090040926
 10
55.63574351978171
 20
38.76944065484311
 10
55.67360163710777
 20
38.646849420190996
 10
55.71964529331514
 20
38.54101296043656
 10
55.77387448840382
 20
38.45193127557981
 10
55.83628922237381
 20
38.379604365620736
 10
55.9068894952251
 20
38.32364853342428
 10
55.98567530695771
 20
38.28368008185539
 10
56.072646657571624
 20
38.259699010914055
 10
56.167803547066846
 20
38.25170532060027
  0
LWPOLYLINE
  5
44
330
17
100
AcDbEntity
  8
TEXT
100
AcDbPolyline
 90
5
 70
0
 10
58.12619372442019
 20
38.0
 10
57.70668485675307
 20
38.0
 10
57.70668485675307
 20
38.41950886766712
 10
58.12619372442019
 20
38.41950886766712
 10
58.12619372442019
 20
38.0
  0
LWPOLYLINE
  5
45
330
17
100
AcDbEntity
  8
TEXT
100
AcDbPolyline
 90
33
 70
0
 10
59.663028649386085
 20
41.01432469304229
 10
59.89228768758527
 20
40.99034362210095
 10
60.090978854024556
 20
40.91840040927694
 10
60.25910214870395
 20
40.79849505457026
 10
60.396657571623464
 20
40.6306275579809
 10
60.50364512278308
 20
40.414797919508864
 10
60.580064802182804
 20
40.15100613915416
 10
60.625916609822646
 20
39.83925221691678
 10
60.64120054570259
 20
39.479536152796726
 10
60.62540501364256
 20
39.11662261255116
 10
60.57801841746248
 20
38.80346180081855
 10
60.49904075716235
 20
38.54005371759891
 10
60.38847203274216
 20
38.32639836289222
 10
60.24835862892224
 20
38.16121674624829
 10
60.08074693042292
 20
38.043229877216916
 10
59.8856369372442
 20
37.97243775579809
 10
59.663028649386085
 20
37.948840381991815
 10
59.43424923260573
 20
37.97275750341064
 10
59.235973738062754
 20
38.04450886766712
 10
59.068202165757164
 20
38.16409447476126
 10
58.930934515688946
 20
38.331514324693046
 10
58.824170787858115
 20
38.54676841746248
 10
58.74791098226466
 20
38.809856753069575
 10
58.7021550989086
 20
39.12077933151433
 10
58.686903137789905
 20
39.479536152796726
 10
58.70269866984993
 20
39.84257759208731
 10
58.75008526603001
 20
40.15612210095498
 10
58.82906292633015
 20
40.42016967939973
 10
58.93963165075034
 20
40.634720327421554
 10
59.07961715552524
 20
40.80079723738063
 10
59.24684515688949
 20
40.91942360163711
 10
59.44131565484311
 20
40.990599420190996
 10
59.663028649386085
 20
41.01432469304229
  0
LWPOLYLINE
  5
46
330
17
100
AcDbEntity
  8
TEXT
100
AcDbPolyline
 90
41
 70
0
 10
59.663028649386085
 20
38.25170532060027
 10
59.80231070941337
 20
38.26967513642565
 10
59.92343110504775
 20
38.32358458390178
 10
60.026389836289226
 20
38.41343366302865
 10
60.11118690313779
 20
38.539222373806275
 10
60.17743860845839
 20
38.70581087994543
 10
60.224761255115965
 20
38.91805934515689
 10
60.2531548431105
 20
39.17596776944065
 10
60.26261937244202
 20
39.479536152796726
 10
60.25846265347885
 20
39.694598396998636
 10
60.24599249658936
 20
39.88548772169168
 10
60.225208901773534
 20
40.05220412687586
 10
60.19611186903138
 20
40.19474761255116
 10
60.15863744884038
 20
40.316891200545705
 10
60.11272169167803
 20
40.42240791268759
 10
60.05836459754434
 20
40.51129774897681
 10
59.99556616643929
 20
40.58356070941337
 10
59.92426244884038
 20
40.63951654160982
 10
59.8443894952251
 20
40.67948499317872
 10
59.75594730559345
 20
40.70346606412005
 10
59.65893587994543
 20
40.71145975443383
 10
59.519781718963166
 20
40.69317019099591
 10
59.399045020463845
 20
40.638301500682125
 10
59.296725784447474
 20
40.54685368349249
 10
59.21282401091405
 20
40.41882673942701
 10
59.14746759890859
 20
40.250383697135064
 10
59.10078444747613
 20
40.03768758526603
 10
59.07277455661664
 20
39.78073840381992
 10
59.06343792633015
 20
39.479536152796726
 10
59.067658594815825
 20
39.267095839017735
 10
59.080320600272856
 20
39.07793315143247
 10
59.101423942701224
 20
38.912048090040926
 10
59.13096862210095
 20
38.76944065484311
 10
59.16882673942701
 20
38.646849420190996
 10
59.21487039563438
 20
38.54101296043656
 10
59.26909959072306
 20
38.45193127557981
 10
59.331514324693046
 20
38.379604365620736
 10
59.40211459754434
 20
38.32364853342428
 10
59.48090040927695
 20
38.28368008185539
 10
59.56787175989086
 20
38.259699010914055
 10
59.663028649386085
 20
38.25170532060027
  0
LWPOLYLINE
  5
47
330
17
100
AcDbEntity
  8
TEXT
100
AcDbPolyline
 90
33
 70
0
 10
61.99386084583902
 20
41.01432469304229
 10
62.223119884038205
 20
40.99034362210095
 10
62.421811050477494
 20
40.91840040927694
 10
62.58993434515689
 20
40.79849505457026
 10
62.7274897680764
 20
40.6306275579809
 10
62.834477319236015
 20
40.414797919508864
 10
62.91089699863574
 20
40.15100613915416
 10
62.956748806275584
 20
39.83925221691678
 10
62.97203274215553
 20
39.479536152796726
 10
62.9562372100955
 20
39.11662261255116
 10
62.90885061391542
 20
38.80346180081855
 10
62.82987295361528
 20
38.54005371759891
 10
62.71930422919509
 20
38.32639836289222
 10
62.57919082537517
 20
38.16121674624829
 10
62.41157912687586
 20
38.043229877216916
 10
62.21646913369714
 20
37.97243775579809
 10
61.99386084583902
 20
37.948840381991815
 10
61.76508142905867
 20
37.97275750341064
 10
61.56680593451569
 20
38.04450886766712
 10
61.3990343622101
 20
38.16409447476126
 10
61.26176671214189
 20
38.331514324693046
 10
61.155002984311054
 20
38.54676841746248
 10
61.0787431787176
 20
38.809856753069575
 10
61.032987295361536
 20
39.12077933151433
 10
61.01773533424284
 20
39.479536152796726
 10
61.03353086630287
 20
39.84257759208731
 10
61.08091746248295
 20
40.15612210095498
 10
61.159895122783084
 20
40.42016967939973
 10
61.270463847203274
 20
40.634720327421554
 10
61.41044935197817
 20
40.80079723738063
 10
61.57767735334243
 20
40.91942360163711
 10
61.77214785129605
 20
40.990599420190996
 10
61.99386084583902
 20
41.01432469304229
  0
LWPOLYLINE
  5
48
330
17
100
AcDbEntity
  8
TEXT
100
AcDbPolyline
 90
41
 70
0
 10
61.99386084583902
 20
38.25170532060027
 10
62.13314290586631
 20
38.26967513642565
 10
62.254263301500686
 20
38.32358458390178
 10
62.35722203274216
 20
38.41343366302865
 10
62.44201909959072
 20
38.539222373806275
 10
62.50827080491132
 20
38.70581087994543
 10
62.555593451568896
 20
38.91805934515689
 10
62.58398703956343
 20
39.17596776944065
 10
62.59345156889495
 20
39.479536152796726
 10
62.58929484993178
 20
39.694598396998636
 10
62.57682469304229
 20
39.88548772169168
 10
62.556041098226466
 20
40.05220412687586
 10
62.526944065484315
 20
40.19474761255116
 10
62.48946964529332
 20
40.316891200545705
 10
62.443553888130964
 20
40.42240791268759
 10
62.38919679399727
 20
40.51129774897681
 10
62.32639836289222
 20
40.58356070941337
 10
62.25509464529331
 20
40.63951654160982
 10
62.17522169167803
 20
40.67948499317872
 10
62.08677950204638
 20
40.70346606412005
 10
61.98976807639836
 20
40.71145975443383
 10
61.8506139154161
 20
40.69317019099591
 10
61.72987721691678
 20
40.638301500682125
 10
61.62755798090041
 20
40.54685368349249
 10
61.543656207366986
 20
40.41882673942701
 10
61.47829979536153
 20
40.250383697135064
 10
61.43161664392906
 20
40.03768758526603
 10
61.403606753069575
 20
39.78073840381992
 10
61.394270122783084
 20
39.479536152796726
 10
61.398490791268756
 20
39.267095839017735
 10
61.41115279672579
 20
39.07793315143247
 10
61.43225613915416
 20
38.912048090040926
 10
61.46180081855389
 20
38.76944065484311
 10
61.49965893587995
 20
38.646849420190996
 10
61.545702592087316
 20
38.54101296043656
 10
61.59993178717599
 20
38.45193127557981
 10
61.66234652114598
 20
38.379604365620736
 10
61.73294679399727
 20
38.32364853342428
 10
61.81173260572988
 20
38.28368008185539
 10
61.898703956343795
 20
38.259699010914055
 10
61.99386084583902
 20
38.25170532060027
  0
LWPOLYLINE
  5
4A
330
17
100
AcDbEntity
  8
TEXT
100
AcDbPolyline
 90
13
 70
0
 10
127.69099590723056
 20
38.0
 10
127.29195088676671
 20
38.0
 10
127.29195088676671
 20
39.41200545702592
 10
125.73260572987722
 20
39.41200545702592
 10
125.73260572987722
 20
38.0
 10
125.33560709413369
 20
38.0
 10
125.33560709413369
 20
41.0
 10
125.73260572987722
 20
41.0
 10
125.73260572987722
 20
39.76807639836289
 10
127.29195088676671
 20
39.76807639836289
 10
127.29195088676671
 20
41.0
 10
127.69099590723056
 20
41.0
 10
127.69099590723056
 20
38.0
  0
LWPOLYLINE
  5
4B
330
17
100
AcDbEntity
  8
TEXT
100
AcDbPolyline
 90
65
 70
0
 10
130.14256480218282
 20
38.0
 10
128.15552523874487
 20
38.0
 10
128.16658850613914
 20
38.12725954979536
 10
128.19977830832195
 20
38.25528649386085
 10
128.2550946452933
 20
38.38408083219645
 10
128.3325375170532
 20
38.51364256480218
 10
128.44029246248294
 20
38.65177353342428
 10
128.58654502046386
 20
38.806275579809004
 10
128.77129519099591
 20
38.97714870395634
 10
128.99454297407914
 20
39.1643929058663
 10
129.13894099590723
 20
39.284554058663026
 10
129.27540927694406
 20
39.40765688949522
 10
129.40394781718965
 20
39.53370139836289
 10
129.52455661664393
 20
39.66268758526603
 10
129.62662005457025
 20
39.793336459754435
 10
129.69952251023193
 20
39.9243690313779
 10
129.7432639836289
 20
40.05578530013643
 10
129.75784447476124
 20
40.18758526603001
 10
129.74780439972713
 20
40.2962355047749
 10
129.71768417462482
 20
40.395037517053204
 10
129.6674837994543
 20
40.483991302864936
 10
129.59720327421556
 20
40.563096862210095
 10
129.51157486357437
 20
40.62800562755798
 10
129.41533083219645
 20
40.6743690313779
 10
129.30847118008185
 20
40.70218707366985
 10
129.19099590723056
 20
40.71145975443383
 10
129.07217769440655
 20
40.70193127557981
 10
128.96333560709414
 20
40.673345839017735
 10
128.8644696452933
 20
40.625703444747614
 10
128.77557980900409
 20
40.55900409276944
 10
128.7020378581173
 20
40.47337568212824
 10
128.64921555252386
 20
40.368946111869036
 10
128.61711289222373
 20
40.245715381991815
 10
128.60572987721693
 20
40.103683492496586
 10
128.22714870395635
 20
40.146657571623464
 10
128.25893161664393
 20
40.3450289904502
 10
128.31949181446112
 20
40.518587994542976
 10
128.40882929740792
 20
40.66733458390178
 10
128.52694406548432
 20
40.791268758526606
 10
128.66833645975444
 20
40.88885572987722
 10
128.82750682128238
 20
40.95856070941337
 10
129.00445515006822
 20
41.000383697135064
 10
129.19918144611188
 20
41.01432469304229
 10
129.4079766371078
 20
40.99904075716235
 10
129.59234311050477
 20
40.95318894952251
 10
129.75228086630287
 20
40.876769270122786
 10
129.88778990450206
 20
40.769781718963166
 10
129.9956727489768
 20
40.64117922919509
 10
130.07273192360162
 20
40.49991473396999
 10
130.11896742837652
 20
40.345988233287855
 10
130.1343792633015
 20
40.179399727148706
 10
130.12139751023193
 20
40.03468195770805
 10
130.0824522510232
 20
39.88906889495225
 10
130.0175434856753
 20
39.74256053888131
 10
129.92667121418827
 20
39.59515688949522
 10
129.79704553206003
 20
39.43483543656207
 10
129.61587653478853
 20
39.24957366984993
 10
129.3831642223738
 20
39.039371589358794
 10
129.09890859481584
 20
38.80422919508867
 10
128.94990620736698
 20
38.6787602319236
 10
128.82827421555254
 20
38.56224420190996
 10
128.73401261937244
 20
38.45468110504775
 10
128.66712141882675
 20
38.356070941336974
 10
130.14256480218282
 20
38.356070941336974
 10
130.14256480218282
 20
38.0
  0
LWPOLYLINE
  5
4C
330
17
100
AcDbEntity
  8
TEXT
100
AcDbPolyline
 90
32
 70
0
 10
131.85743519781718
 20
41.0
 10
132.89290586630287
 20
41.0
 10
133.02425818553888
 20
40.99827336289222
 10
133.1461459754434
 20
40.993093451568896
 10
133.25856923601637
 20
40.98446026603001
 10
133.36152796725784
 20
40.97237380627558
 10
133.4586672919509
 20
40.95357264665757
 10
133.55363233287858
 20
40.92479536152797
 10
133.64642309004094
 20
40.88604195088677
 10
133.73703956343792
 20
40.83731241473397
 10
133.8237551159618
 20
40.77854280354707
 10
133.90484311050477
 20
40.70966916780355
 10
133.98030354706685
 20
40.630691507503414
 10
134.05013642564802
 20
40.541609822646656
 10
134.11357435197817
 20
40.443958901773534
 10
134.16984993178718
 20
40.33927353342428
 10
134.21896316507502
 20
40.22755371759891
 10
134.26091405184175
 20
40.10879945429741
 10
134.29448755115962
 20
39.980069065484315
 10
134.31846862210094
 20
39.83842087312415
 10
134.33285726466573
 20
39.683854877216916
 10
134.337653478854
 20
39.51637107776262
 10
134.31795702592086
 20
39.19962909276944
 10
134.25886766712142
 20
38.91243178717599
 10
134.16038540245566
 20
38.654779160982265
 10
134.0225102319236
 20
38.42667121418827
 10
133.83654502046386
 20
38.2400025579809
 10
133.593792633015
 20
38.10666780354707
 10
133.29425306957708
 20
38.026666950886764
 10
132.93792633015008
 20
38.0
 10
131.85743519781718
 20
38.0
 10
131.85743519781718
 20
41.0
  0
LWPOLYLINE
  5
4D
330
17
100
AcDbEntity
  8
TEXT
100
AcDbPolyline
 90
40
 70
0
 10
132.2544338335607
 20
38.356070941336974
 10
132.89699863574353
 20
38.356070941336974
 10
132.99260317189632
 20
38.35760572987722
 10
133.08296384720327
 20
38.36221009549796
 10
133.1680806616644
 20
38.36988403819918
 10
133.24795361527967
 20
38.3806275579809
 10
133.32546043656208
 20
38.398149727148706
 10
133.40347885402457
 20
38.426159618008185
 10
133.48200886766713
 20
38.46465723055935
 10
133.56105047748977
 20
38.51364256480218
 10
133.63695856070942
 20
38.57656889495225
 10
133.70608799454297
 20
38.6568894952251
 10
133.76843877899046
 20
38.754604365620736
 10
133.82401091405183
 20
38.869713506139156
 10
133.86967087312414
 20
39.00349590723056
 10
133.90228512960437
 20
39.15723055934515
 10
133.9218536834925
 20
39.330917462482944
 10
133.92837653478853
 20
39.52455661664393
 10
133.92588250341063
 20
39.63525324010914
 10
133.91840040927693
 20
39.742240791268756
 10
133.90593025238744
 20
39.84551927012278
 10
133.88847203274216
 20
39.94508867667121
 10
133.86429911323327
 20
40.0406292633015
 10
133.83168485675307
 20
40.13182128240109
 10
133.7906292633015
 20
40.21866473396999
 10
133.74113233287858
 20
40.301159618008185
 10
133.68543229877218
 20
40.37610845839018
 10
133.62576739427013
 20
40.44031377899045
 10
133.56213761937244
 20
40.493775579809004
 10
133.49454297407914
 20
40.53649386084584
 10
133.42541354024556
 20
40.57019525920873
 10
133.35717939972716
 20
40.59660641200546
 10
133.28984055252386
 20
40.615727319236015
 10
133.22339699863574
 20
40.627557980900406
 10
133.15273277626193
 20
40.634720327421554
 10
133.07273192360162
 20
40.63983628922237
 10
132.98339444065485
 20
40.64290586630286
 10
132.88472032742155
 20
40.643929058663026
 10
132.2544338335607
 20
40.643929058663026
 10
132.2544338335607
 20
38.356070941336974
  0
LWPOLYLINE
  5
4E
330
17
100
AcDbEntity
  8
TEXT
100
AcDbPolyline
 90
5
 70
0
 10
135.33219645293315
 20
38.0
 10
134.9331514324693
 20
38.0
 10
134.9331514324693
 20
41.0
 10
135.33219645293315
 20
41.0
 10
135.33219645293315
 20
38.0
  0
LWPOLYLINE
  5
4F
330
17
100
AcDbEntity
  8
TEXT
100
AcDbPolyline
 90
9
 70
0
 10
138.51227830832195
 20
38.0
 10
138.06412005457025
 20
38.0
 10
137.71214188267393
 20
38.91268758526603
 10
136.45975443383355
 20
38.91268758526603
 10
136.1282401091405
 20
38.0
 10
135.7087312414734
 20
38.0
 10
136.86084583901774
 20
41.0
 10
137.28854024556617
 20
41.0
 10
138.51227830832195
 20
38.0
  0
LWPOLYLINE
  5
50
330
17
100
AcDbEntity
  8
TEXT
100
AcDbPolyline
 90
20
 70
0
 10
137.59140518417462
 20
39.22783083219645
 10
137.50433790927693
 20
39.458192999658934
 10
137.42731070941338
 20
39.66223993860846
 10
137.3603235845839
 20
39.83997164904502
 10
137.30337653478853
 20
39.99138813096862
 10
137.25646956002728
 20
40.116489384379264
 10
137.21960266030013
 20
40.21527540927694
 10
137.19277583560708
 20
40.28774620566166
 10
137.17598908594815
 20
40.33390177353343
 10
137.1518161664393
 20
40.40546128922237
 10
137.1263642564802
 20
40.4881480218281
 10
137.09963335607094
 20
40.581961971350616
 10
137.07162346521145
 20
40.686903137789905
 10
137.06139154160982
 20
40.686903137789905
 10
137.03031207366985
 20
40.53828444747612
 10
136.99437244201908
 20
40.39529331514325
 10
136.95357264665756
 20
40.25792974079127
 10
136.90791268758525
 20
40.12619372442019
 10
136.57230559345157
 20
39.22783083219645
 10
137.59140518417462
 20
39.22783083219645
  0
LWPOLYLINE
  5
51
330
17
100
AcDbEntity
  8
TEXT
100
AcDbPolyline
 90
14
 70
0
 10
141.24420190995906
 20
38.0
 10
140.87585266030013
 20
38.0
 10
140.87585266030013
 20
40.34720327421555
 10
140.72608287858117
 20
40.22122271487039
 10
140.55303547066848
 20
40.105218281036834
 10
140.35671043656208
 20
39.99918997271487
 10
140.13710777626193
 20
39.903137789904505
 10
140.13710777626193
 20
40.25920873124147
 10
140.42999658935878
 20
40.420745225102316
 10
140.67223738062756
 20
40.60044338335607
 10
140.8638301500682
 20
40.79830320600273
 10
141.00477489768076
 20
41.01432469304229
 10
141.24420190995906
 20
41.01432469304229
 10
141.24420190995906
 20
38.0
  0
LWPOLYLINE
  5
52
330
17
100
AcDbEntity
  8
TEXT
100
AcDbPolyline
 90
33
 70
0
 10
143.16780354706685
 20
41.01432469304229
 10
143.39706258526604
 20
40.99034362210095
 10
143.59575375170533
 20
40.91840040927694
 10
143.76387704638472
 20
40.79849505457026
 10
143.9014324693042
 20
40.6306275579809
 10
144.00842002046383
 20
40.414797919508864
 10
144.08483969986358
 20
40.15100613915416
 10
144.1306915075034
 20
39.83925221691678
 10
144.14597544338335
 20
39.479536152796726
 10
144.13017991132332
 20
39.11662261255116
 10
144.08279331514325
 20
38.80346180081855
 10
144.0038156548431
 20
38.54005371759891
 10
143.89324693042292
 20
38.32639836289222
 10
143.753133526603
 20
38.16121674624829
 10
143.58552182810368
 20
38.043229877216916
 10
143.39041183492498
 20
37.97243775579809
 10
143.16780354706685
 20
37.948840381991815
 10
142.9390241302865
 20
37.97275750341064
 10
142.74074863574353
 20
38.04450886766712
 10
142.57297706343792
 20
38.16409447476126
 10
142.4357094133697
 20
38.331514324693046
 10
142.32894568553888
 20
38.54676841746248
 10
142.25268587994543
 20
38.809856753069575
 10
142.20692999658934
 20
39.12077933151433
 10
142.19167803547066
 20
39.479536152796726
 10
142.20747356753068
 20
39.84257759208731
 10
142.25486016371076
 20
40.15612210095498
 10
142.3338378240109
 20
40.42016967939973
 10
142.4444065484311
 20
40.634720327421554
 10
142.584392053206
 20
40.80079723738063
 10
142.75162005457025
 20
40.91942360163711
 10
142.94609055252388
 20
40.990599420190996
 10
143.16780354706685
 20
41.01432469304229
  0
LWPOLYLINE
  5
53
330
17
100
AcDbEntity
  8
TEXT
100
AcDbPolyline
 90
41
 70
0
 10
143.16780354706685
 20
38.25170532060027
 10
143.30708560709414
 20
38.26967513642565
 10
143.4282060027285
 20
38.32358458390178
 10
143.53116473396997
 20
38.41343366302865
 10
143.61596180081855
 20
38.539222373806275
 10
143.68221350613916
 20
38.70581087994543
 10
143.72953615279673
 20
38.91805934515689
 10
143.75792974079127
 20
39.17596776944065
 10
143.7673942701228
 20
39.479536152796726
 10
143.76323755115962
 20
39.694598396998636
 10
143.75076739427013
 20
39.88548772169168
 10
143.7299837994543
 20
40.05220412687586
 10
143.70088676671213
 20
40.19474761255116
 10
143.66341234652114
 20
40.316891200545705
 10
143.61749658935878
 20
40.42240791268759
 10
143.5631394952251
 20
40.51129774897681
 10
143.50034106412005
 20
40.58356070941337
 10
143.42903734652114
 20
40.63951654160982
 10
143.34916439290586
 20
40.67948499317872
 10
143.2607222032742
 20
40.70346606412005
 10
143.1637107776262
 20
40.71145975443383
 10
143.02455661664393
 20
40.69317019099591
 10
142.90381991814462
 20
40.638301500682125
 10
142.80150068212825
 20
40.54685368349249
 10
142.71759890859482
 20
40.41882673942701
 10
142.65224249658937
 20
40.250383697135064
 10
142.6055593451569
 20
40.03768758526603
 10
142.5775494542974
 20
39.78073840381992
 10
142.5682128240109
 20
39.479536152796726
 10
142.5724334924966
 20
39.267095839017735
 10
142.5850954979536
 20
39.07793315143247
 10
142.606198840382
 20
38.912048090040926
 10
142.63574351978173
 20
38.76944065484311
 10
142.67360163710777
 20
38.646849420190996
 10
142.71964529331512
 20
38.54101296043656
 10
142.7738744884038
 20
38.45193127557981
 10
142.8362892223738
 20
38.379604365620736
 10
142.9068894952251
 20
38.32364853342428
 10
142.98567530695772
 20
38.28368008185539
 10
143.07264665757162
 20
38.259699010914055
 10
143.16780354706685
 20
38.25170532060027
  0
LWPOLYLINE
  5
54
330
17
100
AcDbEntity
  8
TEXT
100
AcDbPolyline
 90
5
 70
0
 10
145.1261937244202
 20
38.0
 10
144.70668485675307
 20
38.0
 10
144.70668485675307
 20
38.41950886766712
 10
145.1261937244202
 20
38.41950886766712
 10
145.1261937244202
 20
38.0
  0
LWPOLYLINE
  5
55
330
17
100
AcDbEntity
  8
TEXT
100
AcDbPolyline
 90
33
 70
0
 10
146.6630286493861
 20
41.01432469304229
 10
146.89228768758528
 20
40.99034362210095
 10
147.09097885402457
 20
40.91840040927694
 10
147.25910214870396
 20
40.79849505457026
 10
147.39665757162345
 20
40.6306275579809
 10
147.50364512278307
 20
40.414797919508864
 10
147.58006480218282
 20
40.15100613915416
 10
147.62591660982264
 20
39.83925221691678
 10
147.6412005457026
 20
39.479536152796726
 10
147.62540501364256
 20
39.11662261255116
 10
147.5780184174625
 20
38.80346180081855
 10
147.49904075716233
 20
38.54005371759891
 10
147.38847203274216
 20
38.32639836289222
 10
147.24835862892223
 20
38.16121674624829
 10
147.08074693042292
 20
38.043229877216916
 10
146.88563693724421
 20
37.97243775579809
 10
146.6630286493861
 20
37.948840381991815
 10
146.43424923260574
 20
37.97275750341064
 10
146.23597373806277
 20
38.04450886766712
 10
146.06820216575716
 20
38.16409447476126
 10
145.93093451568893
 20
38.331514324693046
 10
145.82417078785812
 20
38.54676841746248
 10
145.74791098226467
 20
38.809856753069575
 10
145.70215509890858
 20
39.12077933151433
 10
145.6869031377899
 20
39.479536152796726
 10
145.70269866984992
 20
39.84257759208731
 10
145.75008526603
 20
40.15612210095498
 10
145.82906292633015
 20
40.42016967939973
 10
145.93963165075033
 20
40.634720327421554
 10
146.07961715552523
 20
40.80079723738063
 10
146.2468451568895
 20
40.91942360163711
 10
146.44131565484312
 20
40.990599420190996
 10
146.6630286493861
 20
41.01432469304229
  0
LWPOLYLINE
  5
56
330
17
100
AcDbEntity
  8
TEXT
100
AcDbPolyline
 90
41
 70
0
 10
146.6630286493861
 20
38.25170532060027
 10
146.80231070941338
 20
38.26967513642565
 10
146.92343110504774
 20
38.32358458390178
 10
147.0263898362892
 20
38.41343366302865
 10
147.1111869031378
 20
38.539222373806275
 10
147.1774386084584
 20
38.70581087994543
 10
147.22476125511596
 20
38.91805934515689
 10
147.2531548431105
 20
39.17596776944065
 10
147.26261937244203
 20
39.479536152796726
 10
147.25846265347886
 20
39.694598396998636
 10
147.24599249658937
 20
39.88548772169168
 10
147.22520890177353
 20
40.05220412687586
 10
147.19611186903137
 20
40.19474761255116
 10
147.15863744884038
 20
40.316891200545705
 10
147.11272169167802
 20
40.42240791268759
 10
147.05836459754434
 20
40.51129774897681
 10
146.9955661664393
 20
40.58356070941337
 10
146.92426244884038
 20
40.63951654160982
 10
146.8443894952251
 20
40.67948499317872
 10
146.75594730559345
 20
40.70346606412005
 10
146.65893587994543
 20
40.71145975443383
 10
146.51978171896317
 20
40.69317019099591
 10
146.39904502046386
 20
40.638301500682125
 10
146.2967257844475
 20
40.54685368349249
 10
146.21282401091406
 20
40.41882673942701
 10
146.1474675989086
 20
40.250383697135064
 10
146.10078444747614
 20
40.03768758526603
 10
146.07277455661665
 20
39.78073840381992
 10
146.06343792633015
 20
39.479536152796726
 10
146.06765859481584
 20
39.267095839017735
 10
146.08032060027284
 20
39.07793315143247
 10
146.10142394270125
 20
38.912048090040926
 10
146.13096862210097
 20
38.76944065484311
 10
146.168826739427
 20
38.646849420190996
 10
146.21487039563436
 20
38.54101296043656
 10
146.26909959072304
 20
38.45193127557981
 10
146.33151432469305
 20
38.379604365620736
 10
146.40211459754434
 20
38.32364853342428
 10
146.48090040927696
 20
38.28368008185539
 10
146.56787175989086
 20
38.259699010914055
 10
146.6630286493861
 20
38.25170532060027
  0
LWPOLYLINE
  5
57
330
17
100
AcDbEntity
  8
TEXT
100
AcDbPolyline
 90
33
 70
0
 10
148.993860845839
 20
41.01432469304229
 10
149.2231198840382
 20
40.99034362210095
 10
149.4218110504775
 20
40.91840040927694
 10
149.5899343451569
 20
40.79849505457026
 10
149.7274897680764
 20
40.6306275579809
 10
149.83447731923602
 20
40.414797919508864
 10
149.91089699863576
 20
40.15100613915416
 10
149.95674880627558
 20
39.83925221691678
 10
149.97203274215553
 20
39.479536152796726
 10
149.9562372100955
 20
39.11662261255116
 10
149.90885061391543
 20
38.80346180081855
 10
149.82987295361528
 20
38.54005371759891
 10
149.71930422919507
 20
38.32639836289222
 10
149.57919082537515
 20
38.16121674624829
 10
149.41157912687584
 20
38.043229877216916
 10
149.21646913369713
 20
37.97243775579809
 10
148.993860845839
 20
37.948840381991815
 10
148.76508142905865
 20
37.97275750341064
 10
148.56680593451568
 20
38.04450886766712
 10
148.3990343622101
 20
38.16409447476126
 10
148.26176671214188
 20
38.331514324693046
 10
148.15500298431107
 20
38.54676841746248
 10
148.07874317871762
 20
38.809856753069575
 10
148.03298729536152
 20
39.12077933151433
 10
148.01773533424284
 20
39.479536152796726
 10
148.03353086630287
 20
39.84257759208731
 10
148.08091746248294
 20
40.15612210095498
 10
148.1598951227831
 20
40.42016967939973
 10
148.27046384720327
 20
40.634720327421554
 10
148.41044935197817
 20
40.80079723738063
 10
148.57767735334244
 20
40.91942360163711
 10
148.77214785129604
 20
40.990599420190996
 10
148.993860845839
 20
41.01432469304229
  0
LWPOLYLINE
  5
58
330
17
100
AcDbEntity
  8
TEXT
100
AcDbPolyline
 90
41
 70
0
 10
148.993860845839
 20
38.25170532060027
 10
149.1331429058663
 20
38.26967513642565
 10
149.25426330150069
 20
38.32358458390178
 10
149.35722203274216
 20
38.41343366302865
 10
149.4420190995907
 20
38.539222373806275
 10
149.50827080491132
 20
38.70581087994543
 10
149.55559345156888
 20
38.91805934515689
 10
149.58398703956343
 20
39.17596776944065
 10
149.59345156889495
 20
39.479536152796726
 10
149.58929484993178
 20
39.694598396998636
 10
149.57682469304228
 20
39.88548772169168
 10
149.55604109822647
 20
40.05220412687586
 10
149.52694406548432
 20
40.19474761255116
 10
149.48946964529333
 20
40.316891200545705
 10
149.44355388813096
 20
40.42240791268759
 10
149.3891967939973
 20
40.51129774897681
 10
149.32639836289223
 20
40.58356070941337
 10
149.25509464529333
 20
40.63951654160982
 10
149.17522169167805
 20
40.67948499317872
 10
149.0867795020464
 20
40.70346606412005
 10
148.98976807639838
 20
40.71145975443383
 10
148.85061391541612
 20
40.69317019099591
 10
148.72987721691678
 20
40.638301500682125
 10
148.6275579809004
 20
40.54685368349249
 10
148.54365620736698
 20
40.41882673942701
 10
148.47829979536152
 20
40.250383697135064
 10
148.43161664392906
 20
40.03768758526603
 10
148.4036067530696
 20
39.78073840381992
 10
148.3942701227831
 20
39.479536152796726
 10
148.39849079126878
 20
39.267095839017735
 10
148.4111527967258
 20
39.07793315143247
 10
148.43225613915416
 20
38.912048090040926
 10
148.46180081855388
 20
38.76944065484311
 10
148.49965893587995
 20
38.646849420190996
 10
148.5457025920873
 20
38.54101296043656
 10
148.599931787176
 20
38.45193127557981
 10
148.662346521146
 20
38.379604365620736
 10
148.7329467939973
 20
38.32364853342428
 10
148.81173260572987
 20
38.28368008185539
 10
148.89870395634378
 20
38.259699010914055
 10
148.993860845839
 20
38.25170532060027
  0
LWPOLYLINE
  5
5A
330
17
100
AcDbEntity
  8
TEXT
100
AcDbPolyline
 90
13
 70
0
 10
40.69099590723056
 20
78.0
 10
40.29195088676671
 20
78.0
 10
40.29195088676671
 20
79.41200545702593
 10
38.732605729877214
 20
79.41200545702593
 10
38.732605729877214
 20
78.0
 10
38.3356070941337
 20
78.0
 10
38.3356070941337
 20
81.0
 10
38.732605729877214
 20
81.0
 10
38.732605729877214
 20
79.7680763983629
 10
40.29195088676671
 20
79.7680763983629
 10
40.29195088676671
 20
81.0
 10
40.69099590723056
 20
81.0
 10
40.69099590723056
 20
78.0
  0
LWPOLYLINE
  5
5B
330
17
100
AcDbEntity
  8
TEXT
100
AcDbPolyline
 90
109
 70
0
 10
42.61459754433834
 20
79.62278308321964
 10
42.74524641882674
 20
79.58601210777626
 10
42.858884720327424
 20
79.52890518417462
 10
42.95551244884038
 20
79.45146231241473
 10
43.03512960436562
 20
79.35368349249659
 10
43.09735248976808
 20
79.24337056616643
 10
43.14179740791269
 20
79.12832537517053
 10
43.168464358799454
 20
79.00854791950887
 10
43.177353342428376
 20
78.88403819918145
 10
43.1587440313779
 20
78.68854450886766
 10
43.102916098226466
 20
78.51134038199181
 10
43.00986954297408
 20
78.35242581855388
 10
42.879604365620736
 20
78.21180081855388
 10
42.72337568212824
 20
78.09675562755798
 10
42.55243860845839
 20
78.01458049113234
 10
42.36679314461119
 20
77.96527540927694
 10
42.16643929058663
 20
77.94884038199181
 10
41.97663710777626
 20
77.96329297407912
 10
41.80422919508867
 20
78.00665075034107
 10
41.64921555252387
 20
78.07891371077763
 10
41.51159618008185
 20
78.1800818553888
 10
41.396103342428376
 20
78.30503922237381
 10
41.307469304229194
 20
78.44866984993179
 10
41.245694065484315
 20
78.61097373806275
 10
41.210777626193725
 20
78.79195088676671
 10
41.57912687585266
 20
78.8431105047749
 10
41.61244457708049
 20
78.70408424283765
 10
41.65714529331514
 20
78.5837312414734
 10
41.71322902455662
 20
78.48205150068213
 10
41.78069577080491
 20
78.39904502046384
 10
41.85967343110505
 20
78.33458390177354
 10
41.95028990450205
 20
78.28854024556617
 10
42.05254519099591
 20
78.26091405184175
 10
42.16643929058663
 20
78.25170532060028
 10
42.29043741473397
 20
78.2630243860846
 10
42.40458731241473
 20
78.29698158253753
 10
42.50888898362892
 20
78.35357690995907
 10
42.603342428376536
 20
78.43281036834925
 10
42.68168059345157
 20
78.52841490450204
 10
42.73763642564802
 20
78.63412346521146
 10
42.771209924965895
 20
78.74993605047749
 10
42.782401091405184
 20
78.87585266030014
 10
42.77223311732606
 20
78.99633356070942
 10
42.74172919508868
 20
79.10607094133697
 10
42.690889324693046
 20
79.2050648021828
 10
42.619713506139156
 20
79.29331514324693
 10
42.532166609822646
 20
79.36583390177353
 10
42.43221350613915
 20
79.41763301500683
 10
42.31985419508867
 20
79.44871248294679
 10
42.19508867667121
 20
79.45907230559345
 10
42.13894099590723
 20
79.45664222373806
 10
42.0769099590723
 20
79.4493519781719
 10
42.00899556616644
 20
79.43720156889495
 10
41.93519781718963
 20
79.42019099590723
 10
41.97817189631651
 20
79.74351978171896
 10
42.048004774897684
 20
79.7444150750341
 10
42.11016371077763
 20
79.74710095497953
 10
42.164648703956345
 20
79.75157742155525
 10
42.21145975443383
 20
79.75784447476126
 10
42.255712824010914
 20
79.76756480218282
 10
42.3025238744884
 20
79.78240109140519
 10
42.3518929058663
 20
79.80235334242838
 10
42.40381991814461
 20
79.82742155525239
 10
42.454723738062754
 20
79.85805337653478
 10
42.501023192360165
 20
79.89469645293315
 10
42.542718281036834
 20
79.93735078444747
 10
42.579809004092766
 20
79.98601637107777
 10
42.61024897680764
 20
80.04082111186904
 10
42.63199181446112
 20
80.10189290586631
 10
42.645037517053204
 20
80.16923175306958
 10
42.6493860845839
 20
80.24283765347886
 10
42.64011340381992
 20
80.3480985675307
 10
42.61229536152797
 20
80.44082537517053
 10
42.56593195770805
 20
80.52101807639836
 10
42.501023192360165
 20
80.58867667121419
 10
42.42396401773534
 20
80.64239427012278
 10
42.34114938608458
 20
80.68076398362892
 10
42.25257929740791
 20
80.7037858117326
 10
42.15825375170532
 20
80.71145975443383
 10
42.051905695770806
 20
80.70263472032742
 10
41.955917462482944
 20
80.67615961800819
 10
41.870289051841745
 20
80.63203444747613
 10
41.7950204638472
 20
80.57025920873124
 10
41.73139068894952
 20
80.49211289222374
 10
41.68067871759891
 20
80.39887448840382
 10
41.64288454979536
 20
80.29054399727148
 10
41.61800818553888
 20
80.16712141882674
 10
41.24965893587994
 20
80.23465211459754
 10
41.296278137789905
 20
80.41780354706684
 10
41.36451227830832
 20
80.57639836289222
 10
41.4543613574352
 20
80.71043656207367
 10
41.56582537517053
 20
80.8199181446112
 10
41.69404416780355
 20
80.9049710095498
 10
41.834157571623464
 20
80.96572305593452
 10
41.986165586630285
 20
81.00217428376536
 10
42.15006821282401
 20
81.0143246930423
 10
42.32957452251023
 20
81.00019184856754
 10
42.49360504774897
 20
80.95779331514325
 10
42.64215978854024
 20
80.88712909276944
 10
42.775238744884035
 20
80.78819918144612
 10
42.884912175989086
 20
80.66880542291952
 10
42.963250341064125
 20
80.53674965893589
 10
43.010253240109144
 20
80.39203188949523
 10
43.02592087312415
 20
80.23465211459754
 10
43.00021316507504
 20
80.03960607094133
 10
42.9230900409277
 20
79.87397680763983
 10
42.79455150068213
 20
79.73776432469303
 10
42.61459754433834
 20
79.63096862210095
 10
42.61459754433834
 20
79.62278308321964
  0
LWPOLYLINE
  5
5C
330
17
100
AcDbEntity
  8
TEXT
100
AcDbPolyline
 90
32
 70
0
 10
44.85743519781719
 20
81.0
 10
45.89290586630286
 20
81.0
 10
46.024258185538876
 20
80.99827336289222
 10
46.14614597544338
 20
80.9930934515689
 10
46.25856923601637
 20
80.98446026603001
 10
46.36152796725784
 20
80.97237380627558
 10
46.45866729195089
 20
80.95357264665758
 10
46.55363233287858
 20
80.92479536152797
 10
46.646423090040926
 20
80.88604195088676
 10
46.737039563437925
 20
80.83731241473397
 10
46.8237551159618
 20
80.77854280354707
 10
46.90484311050477
 20
80.70966916780355
 10
46.980303547066846
 20
80.63069150750341
 10
47.05013642564802
 20
80.54160982264666
 10
47.11357435197817
 20
80.44395890177354
 10
47.169849931787176
 20
80.33927353342429
 10
47.21896316507503
 20
80.22755371759891
 10
47.260914051841745
 20
80.10879945429741
 10
47.29448755115962
 20
79.98006906548432
 10
47.31846862210095
 20
79.83842087312415
 10
47.332857264665755
 20
79.68385487721692
 10
47.33765347885402
 20
79.51637107776261
 10
47.31795702592087
 20
79.19962909276944
 10
47.25886766712142
 20
78.91243178717599
 10
47.16038540245566
 20
78.65477916098226
 10
47.022510231923604
 20
78.42667121418826
 10
46.836545020463845
 20
78.2400025579809
 10
46.593792633015006
 20
78.10666780354707
 10
46.29425306957708
 20
78.02666695088676
 10
45.93792633015006
 20
78.0
 10
44.85743519781719
 20
78.0
 10
44.85743519781719
 20
81.0
  0
LWPOLYLINE
  5
5D
330
17
100
AcDbEntity
  8
TEXT
100
AcDbPolyline
 90
40
 70
0
 10
45.25443383356071
 20
78.35607094133697
 10
45.896998635743515
 20
78.35607094133697
 10
45.99260317189631
 20
78.3576057298772
 10
46.082963847203274
 20
78.36221009549794
 10
46.16808066166439
 20
78.36988403819917
 10
46.24795361527967
 20
78.3806275579809
 10
46.32546043656207
 20
78.3981497271487
 10
46.403478854024556
 20
78.42615961800819
 10
46.48200886766712
 20
78.46465723055935
 10
46.561050477489765
 20
78.51364256480218
 10
46.63695856070941
 20
78.57656889495225
 10
46.70608799454297
 20
78.6568894952251
 10
46.76843877899045
 20
78.75460436562074
 10
46.82401091405184
 20
78.86971350613915
 10
46.86967087312415
 20
79.00349590723056
 10
46.902285129604365
 20
79.15723055934515
 10
46.9218536834925
 20
79.33091746248294
 10
46.92837653478854
 20
79.52455661664393
 10
46.92588250341064
 20
79.63525324010915
 10
46.91840040927694
 20
79.74224079126876
 10
46.90593025238745
 20
79.8455192701228
 10
46.88847203274216
 20
79.94508867667122
 10
46.86429911323329
 20
80.04062926330151
 10
46.83168485675307
 20
80.13182128240109
 10
46.7906292633015
 20
80.21866473396999
 10
46.74113233287858
 20
80.30115961800819
 10
46.68543229877217
 20
80.37610845839018
 10
46.62576739427012
 20
80.44031377899044
 10
46.562137619372436
 20
80.493775579809
 10
46.494542974079124
 20
80.53649386084584
 10
46.425413540245565
 20
80.57019525920873
 10
46.357179399727144
 20
80.59660641200546
 10
46.28984055252387
 20
80.61572731923602
 10
46.22339699863574
 20
80.6275579809004
 10
46.152732776261935
 20
80.63472032742156
 10
46.07273192360164
 20
80.63983628922237
 10
45.98339444065484
 20
80.64290586630287
 10
45.884720327421554
 20
80.64392905866303
 10
45.25443383356071
 20
80.64392905866303
 10
45.25443383356071
 20
78.35607094133697
  0
LWPOLYLINE
  5
5E
330
17
100
AcDbEntity
  8
TEXT
100
AcDbPolyline
 90
5
 70
0
 10
48.33219645293315
 20
78.0
 10
47.9331514324693
 20
78.0
 10
47.9331514324693
 20
81.0
 10
48.33219645293315
 20
81.0
 10
48.33219645293315
 20
78.0
  0
LWPOLYLINE
  5
5F
330
17
100
AcDbEntity
  8
TEXT
100
AcDbPolyline
 90
9
 70
0
 10
51.51227830832196
 20
78.0
 10
51.06412005457025
 20
78.0
 10
50.71214188267394
 20
78.91268758526603
 10
49.45975443383356
 20
78.91268758526603
 10
49.12824010914052
 20
78.0
 10
48.708731241473394
 20
78.0
 10
49.860845839017735
 20
81.0
 10
50.28854024556617
 20
81.0
 10
51.51227830832196
 20
78.0
  0
LWPOLYLINE
  5
60
330
17
100
AcDbEntity
  8
TEXT
100
AcDbPolyline
 90
20
 70
0
 10
50.59140518417462
 20
79.22783083219645
 10
50.50433790927694
 20
79.45819299965893
 10
50.42731070941336
 20
79.66223993860845
 10
50.360323584583895
 20
79.83997164904503
 10
50.30337653478854
 20
79.99138813096863
 10
50.256469560027284
 20
80.11648938437926
 10
50.21960266030013
 20
80.21527540927694
 10
50.192775835607094
 20
80.28774620566166
 10
50.17598908594816
 20
80.33390177353343
 10
50.15181616643929
 20
80.40546128922237
 10
50.126364256480215
 20
80.4881480218281
 10
50.09963335607094
 20
80.58196197135061
 10
50.07162346521146
 20
80.6869031377899
 10
50.06139154160982
 20
80.6869031377899
 10
50.03031207366985
 20
80.53828444747612
 10
49.9943724420191
 20
80.39529331514325
 10
49.95357264665757
 20
80.25792974079127
 10
49.90791268758527
 20
80.12619372442019
 10
49.57230559345157
 20
79.22783083219645
 10
50.59140518417462
 20
79.22783083219645
  0
LWPOLYLINE
  5
61
330
17
100
AcDbEntity
  8
TEXT
100
AcDbPolyline
 90
14
 70
0
 10
54.244201909959074
 20
78.0
 10
53.87585266030013
 20
78.0
 10
53.87585266030013
 20
80.34720327421556
 10
53.72608287858117
 20
80.2212227148704
 10
53.55303547066848
 20
80.10521828103684
 10
53.35671043656207
 20
79.99918997271487
 10
53.137107776261935
 20
79.9031377899045
 10
53.137107776261935
 20
80.25920873124147
 10
53.429996589358794
 20
80.42074522510232
 10
53.67223738062756
 20
80.60044338335607
 10
53.86383015006821
 20
80.79830320600273
 10
54.00477489768076
 20
81.0143246930423
 10
54.244201909959074
 20
81.0143246930423
 10
54.244201909959074
 20
78.0
  0
LWPOLYLINE
  5
62
330
17
100
AcDbEntity
  8
TEXT
100
AcDbPolyline
 90
33
 70
0
 10
56.167803547066846
 20
81.0143246930423
 10
56.39706258526603
 20
80.99034362210097
 10
56.59575375170532
 20
80.91840040927696
 10
56.763877046384714
 20
80.79849505457027
 10
56.901432469304225
 20
80.6306275579809
 10
57.00842002046384
 20
80.41479791950887
 10
57.084839699863565
 20
80.15100613915416
 10
57.13069150750341
 20
79.83925221691678
 10
57.14597544338335
 20
79.47953615279673
 10
57.130179911323324
 20
79.11662261255115
 10
57.08279331514324
 20
78.80346180081855
 10
57.00381565484311
 20
78.54005371759891
 10
56.89324693042292
 20
78.32639836289222
 10
56.753133526603
 20
78.1612167462483
 10
56.58552182810368
 20
78.04322987721692
 10
56.39041183492496
 20
77.9724377557981
 10
56.167803547066846
 20
77.94884038199181
 10
55.93902413028649
 20
77.97275750341065
 10
55.740748635743515
 20
78.04450886766712
 10
55.572977063437925
 20
78.16409447476126
 10
55.43570941336971
 20
78.33151432469305
 10
55.328945685538876
 20
78.54676841746249
 10
55.252685879945425
 20
78.80985675306958
 10
55.20692999658936
 20
79.12077933151433
 10
55.191678035470666
 20
79.47953615279673
 10
55.20747356753069
 20
79.84257759208731
 10
55.254860163710774
 20
80.15612210095497
 10
55.333837824010914
 20
80.42016967939973
 10
55.444406548431104
 20
80.63472032742156
 10
55.584392053206
 20
80.80079723738064
 10
55.75162005457025
 20
80.9194236016371
 10
55.94609055252387
 20
80.990599420191
 10
56.167803547066846
 20
81.0143246930423
  0
LWPOLYLINE
  5
63
330
17
100
AcDbEntity
  8
TEXT
100
AcDbPolyline
 90
41
 70
0
 10
56.167803547066846
 20
78.25170532060028
 10
56.30708560709413
 20
78.26967513642566
 10
56.42820600272851
 20
78.32358458390178
 10
56.53116473396999
 20
78.41343366302866
 10
56.61596180081855
 20
78.53922237380628
 10
56.68221350613915
 20
78.70581087994543
 10
56.729536152796726
 20
78.91805934515689
 10
56.75792974079126
 20
79.17596776944066
 10
56.76739427012278
 20
79.47953615279673
 10
56.76323755115961
 20
79.69459839699864
 10
56.75076739427012
 20
79.88548772169167
 10
56.729983799454295
 20
80.05220412687585
 10
56.70088676671214
 20
80.19474761255115
 10
56.66341234652114
 20
80.3168912005457
 10
56.617496589358794
 20
80.42240791268759
 10
56.5631394952251
 20
80.51129774897682
 10
56.50034106412005
 20
80.58356070941338
 10
56.42903734652114
 20
80.63951654160982
 10
56.34916439290586
 20
80.67948499317872
 10
56.26072220327421
 20
80.70346606412005
 10
56.16371077762619
 20
80.71145975443383
 10
56.02455661664393
 20
80.6931701909959
 10
55.903819918144606
 20
80.63830150068213
 10
55.801500682128236
 20
80.5468536834925
 10
55.71759890859481
 20
80.41882673942702
 10
55.65224249658935
 20
80.25038369713506
 10
55.60555934515689
 20
80.03768758526603
 10
55.577549454297404
 20
79.78073840381992
 10
55.568212824010914
 20
79.47953615279673
 10
55.572433492496586
 20
79.26709583901774
 10
55.58509549795362
 20
79.07793315143248
 10
55.606198840381985
 20
78.91204809004093
 10
55.63574351978171
 20
78.76944065484311
 10
55.67360163710777
 20
78.646849420191
 10
55.71964529331514
 20
78.54101296043656
 10
55.77387448840382
 20
78.45193127557981
 10
55.83628922237381
 20
78.37960436562074
 10
55.9068894952251
 20
78.32364853342429
 10
55.98567530695771
 20
78.2836800818554
 10
56.072646657571624
 20
78.25969901091406
 10
56.167803547066846
 20
78.25170532060028
  0
LWPOLYLINE
  5
64
330
17
100
AcDbEntity
  8
TEXT
100
AcDbPolyline
 90
5
 70
0
 10
58.12619372442019
 20
78.0
 10
57.70668485675307
 20
78.0
 10
57.70668485675307
 20
78.41950886766712
 10
58.12619372442019
 20
78.41950886766712
 10
58.12619372442019
 20
78.0
  0
LWPOLYLINE
  5
65
330
17
100
AcDbEntity
  8
TEXT
100
AcDbPolyline
 90
33
 70
0
 10
59.663028649386085
 20
81.0143246930423
 10
59.89228768758527
 20
80.99034362210097
 10
60.090978854024556
 20
80.91840040927696
 10
60.25910214870395
 20
80.79849505457027
 10
60.396657571623464
 20
80.6306275579809
 10
60.50364512278308
 20
80.41479791950887
 10
60.580064802182804
 20
80.15100613915416
 10
60.625916609822646
 20
79.83925221691678
 10
60.64120054570259
 20
79.47953615279673
 10
60.62540501364256
 20
79.11662261255115
 10
60.57801841746248
 20
78.80346180081855
 10
60.49904075716235
 20
78.54005371759891
 10
60.38847203274216
 20
78.32639836289222
 10
60.24835862892224
 20
78.1612167462483
 10
60.08074693042292
 20
78.04322987721692
 10
59.8856369372442
 20
77.9724377557981
 10
59.663028649386085
 20
77.94884038199181
 10
59.43424923260573
 20
77.97275750341065
 10
59.235973738062754
 20
78.04450886766712
 10
59.068202165757164
 20
78.16409447476126
 10
58.930934515688946
 20
78.33151432469305
 10
58.824170787858115
 20
78.54676841746249
 10
58.74791098226466
 20
78.80985675306958
 10
58.7021550989086
 20
79.12077933151433
 10
58.686903137789905
 20
79.47953615279673
 10
58.70269866984993
 20
79.84257759208731
 10
58.75008526603001
 20
80.15612210095497
 10
58.82906292633015
 20
80.42016967939973
 10
58.93963165075034
 20
80.63472032742156
 10
59.07961715552524
 20
80.80079723738064
 10
59.24684515688949
 20
80.9194236016371
 10
59.44131565484311
 20
80.990599420191
 10
59.663028649386085
 20
81.0143246930423
  0
LWPOLYLINE
  5
66
330
17
100
AcDbEntity
  8
TEXT
100
AcDbPolyline
 90
41
 70
0
 10
59.663028649386085
 20
78.25170532060028
 10
59.80231070941337
 20
78.26967513642566
 10
59.92343110504775
 20
78.32358458390178
 10
60.026389836289226
 20
78.41343366302866
 10
60.11118690313779
 20
78.53922237380628
 10
60.17743860845839
 20
78.70581087994543
 10
60.224761255115965
 20
78.91805934515689
 10
60.2531548431105
 20
79.17596776944066
 10
60.26261937244202
 20
79.47953615279673
 10
60.25846265347885
 20
79.69459839699864
 10
60.24599249658936
 20
79.88548772169167
 10
60.225208901773534
 20
80.05220412687585
 10
60.19611186903138
 20
80.19474761255115
 10
60.15863744884038
 20
80.3168912005457
 10
60.11272169167803
 20
80.42240791268759
 10
60.05836459754434
 20
80.51129774897682
 10
59.99556616643929
 20
80.58356070941338
 10
59.92426244884038
 20
80.63951654160982
 10
59.8443894952251
 20
80.67948499317872
 10
59.75594730559345
 20
80.70346606412005
 10
59.65893587994543
 20
80.71145975443383
 10
59.519781718963166
 20
80.6931701909959
 10
59.399045020463845
 20
80.63830150068213
 10
59.296725784447474
 20
80.5468536834925
 10
59.21282401091405
 20
80.41882673942702
 10
59.14746759890859
 20
80.25038369713506
 10
59.10078444747613
 20
80.03768758526603
 10
59.07277455661664
 20
79.78073840381992
 10
59.06343792633015
 20
79.47953615279673
 10
59.067658594815825
 20
79.26709583901774
 10
59.080320600272856
 20
79.07793315143248
 10
59.101423942701224
 20
78.91204809004093
 10
59.13096862210095
 20
78.76944065484311
 10
59.16882673942701
 20
78.646849420191
 10
59.21487039563438
 20
78.54101296043656
 10
59.26909959072306
 20
78.45193127557981
 10
59.331514324693046
 20
78.37960436562074
 10
59.40211459754434
 20
78.32364853342429
 10
59.48090040927695
 20
78.2836800818554
 10
59.56787175989086
 20
78.25969901091406
 10
59.663028649386085
 20
78.25170532060028
  0
LWPOLYLINE
  5
67
330
17
100
AcDbEntity
  8
TEXT
100
AcDbPolyline
 90
33
 70
0
 10
61.99386084583902
 20
81.0143246930423
 10
62.223119884038205
 20
80.99034362210097
 10
62.421811050477494
 20
80.91840040927696
 10
62.58993434515689
 20
80.79849505457027
 10
62.7274897680764
 20
80.6306275579809
 10
62.834477319236015
 20
80.41479791950887
 10
62.91089699863574
 20
80.15100613915416
 10
62.956748806275584
 20
79.83925221691678
 10
62.97203274215553
 20
79.47953615279673
 10
62.9562372100955
 20
79.11662261255115
 10
62.90885061391542
 20
78.80346180081855
 10
62.82987295361528
 20
78.54005371759891
 10
62.71930422919509
 20
78.32639836289222
 10
62.57919082537517
 20
78.1612167462483
 10
62.41157912687586
 20
78.04322987721692
 10
62.21646913369714
 20
77.9724377557981
 10
61.99386084583902
 20
77.94884038199181
 10
61.76508142905867
 20
77.97275750341065
 10
61.56680593451569
 20
78.04450886766712
 10
61.3990343622101
 20
78.16409447476126
 10
61.26176671214189
 20
78.33151432469305
 10
61.155002984311054
 20
78.54676841746249
 10
61.0787431787176
 20
78.80985675306958
 10
61.032987295361536
 20
79.12077933151433
 10
61.01773533424284
 20
79.47953615279673
 10
61.03353086630287
 20
79.84257759208731
 10
61.08091746248295
 20
80.15612210095497
 10
61.159895122783084
 20
80.42016967939973
 10
61.270463847203274
 20
80.63472032742156
 10
61.41044935197817
 20
80.80079723738064
 10
61.57767735334243
 20
80.9194236016371
 10
61.77214785129605
 20
80.990599420191
 10
61.99386084583902
 20
81.0143246930423
  0
LWPOLYLINE
  5
68
330
17
100
AcDbEntity
  8
TEXT
100
AcDbPolyline
 90
41
 70
0
 10
61.99386084583902
 20
78.25170532060028
 10
62.13314290586631
 20
78.26967513642566
 10
62.254263301500686
 20
78.32358458390178
 10
62.35722203274216
 20
78.41343366302866
 10
62.44201909959072
 20
78.53922237380628
 10
62.50827080491132
 20
78.70581087994543
 10
62.555593451568896
 20
78.91805934515689
 10
62.58398703956343
 20
79.17596776944066
 10
62.59345156889495
 20
79.47953615279673
 10
62.58929484993178
 20
79.69459839699864
 10
62.57682469304229
 20
79.88548772169167
 10
62.556041098226466
 20
80.05220412687585
 10
62.526944065484315
 20
80.19474761255115
 10
62.48946964529332
 20
80.3168912005457
 10
62.443553888130964
 20
80.42240791268759
 10
62.38919679399727
 20
80.51129774897682
 10
62.32639836289222
 20
80.58356070941338
 10
62.25509464529331
 20
80.63951654160982
 10
62.17522169167803
 20
80.67948499317872
 10
62.08677950204638
 20
80.70346606412005
 10
61.98976807639836
 20
80.71145975443383
 10
61.8506139154161
 20
80.6931701909959
 10
61.72987721691678
 20
80.63830150068213
 10
61.62755798090041
 20
80.5468536834925
 10
61.543656207366986
 20
80.41882673942702
 10
61.47829979536153
 20
80.25038369713506
 10
61.43161664392906
 20
80.03768758526603
 10
61.403606753069575
 20
79.78073840381992
 10
61.394270122783084
 20
79.47953615279673
 10
61.398490791268756
 20
79.26709583901774
 10
61.41115279672579
 20
79.07793315143248
 10
61.43225613915416
 20
78.91204809004093
 10
61.46180081855389
 20
78.76944065484311
 10
61.49965893587995
 20
78.646849420191
 10
61.545702592087316
 20
78.54101296043656
 10
61.59993178717599
 20
78.45193127557981
 10
61.66234652114598
 20
78.37960436562074
 10
61.73294679399727
 20
78.32364853342429
 10
61.81173260572988
 20
78.2836800818554
 10
61.898703956343795
 20
78.25969901091406
 10
61.99386084583902
 20
78.25170532060028
  0
LWPOLYLINE
  5
6A
330
17
100
AcDbEntity
  8
TEXT
100
AcDbPolyline
 90
13
 70
0
 10
127.69099590723056
 20
78.0
 10
127.29195088676671
 20
78.0
 10
127.29195088676671
 20
79.41200545702593
 10
125.73260572987722
 20
79.41200545702593
 10
125.73260572987722
 20
78.0
 10
125.33560709413369
 20
78.0
 10
125.33560709413369
 20
81.0
 10
125.73260572987722
 20
81.0
 10
125.73260572987722
 20
79.7680763983629
 10
127.29195088676671
 20
79.7680763983629
 10
127.29195088676671
 20
81.0
 10
127.69099590723056
 20
81.0
 10
127.69099590723056
 20
78.0
  0
LWPOLYLINE
  5
6B
330
17
100
AcDbEntity
  8
TEXT
100
AcDbPolyline
 90
12
 70
0
 10
130.1630286493861
 20
78.7162346521146
 10
129.75784447476124
 20
78.7162346521146
 10
129.75784447476124
 20
78.0
 10
129.3894952251023
 20
78.0
 10
129.3894952251023
 20
78.7162346521146
 10
128.09004092769442
 20
78.7162346521146
 10
128.09004092769442
 20
79.05593451568895
 10
129.4549795361528
 20
81.0
 10
129.75784447476124
 20
81.0
 10
129.75784447476124
 20
79.05593451568895
 10
130.1630286493861
 20
79.05593451568895
 10
130.1630286493861
 20
78.7162346521146
  0
LWPOLYLINE
  5
6C
330
17
100
AcDbEntity
  8
TEXT
100
AcDbPolyline
 90
5
 70
0
 10
129.3894952251023
 20
79.05593451568895
 10
129.3894952251023
 20
80.4106412005457
 10
129.38130968622102
 20
80.4106412005457
 10
128.45020463847203
 20
79.05593451568895
 10
129.3894952251023
 20
79.05593451568895
  0
LWPOLYLINE
  5
6D
330
17
100
AcDbEntity
  8
TEXT
100
AcDbPolyline
 90
32
 70
0
 10
131.85743519781718
 20
81.0
 10
132.89290586630287
 20
81.0
 10
133.02425818553888
 20
80.99827336289222
 10
133.1461459754434
 20
80.9930934515689
 10
133.25856923601637
 20
80.98446026603001
 10
133.36152796725784
 20
80.97237380627558
 10
133.4586672919509
 20
80.95357264665758
 10
133.55363233287858
 20
80.92479536152797
 10
133.64642309004094
 20
80.88604195088676
 10
133.73703956343792
 20
80.83731241473397
 10
133.8237551159618
 20
80.77854280354707
 10
133.90484311050477
 20
80.70966916780355
 10
133.98030354706685
 20
80.63069150750341
 10
134.05013642564802
 20
80.54160982264666
 10
134.11357435197817
 20
80.44395890177354
 10
134.16984993178718
 20
80.33927353342429
 10
134.21896316507502
 20
80.22755371759891
 10
134.26091405184175
 20
80.10879945429741
 10
134.29448755115962
 20
79.98006906548432
 10
134.31846862210094
 20
79.83842087312415
 10
134.33285726466573
 20
79.68385487721692
 10
134.337653478854
 20
79.51637107776261
 10
134.31795702592086
 20
79.19962909276944
 10
134.25886766712142
 20
78.91243178717599
 10
134.16038540245566
 20
78.65477916098226
 10
134.0225102319236
 20
78.42667121418826
 10
133.83654502046386
 20
78.2400025579809
 10
133.593792633015
 20
78.10666780354707
 10
133.29425306957708
 20
78.02666695088676
 10
132.93792633015008
 20
78.0
 10
131.85743519781718
 20
78.0
 10
131.85743519781718
 20
81.0
  0
LWPOLYLINE
  5
6E
330
17
100
AcDbEntity
  8
TEXT
100
AcDbPolyline
 90
40
 70
0
 10
132.2544338335607
 20
78.35607094133697
 10
132.89699863574353
 20
78.35607094133697
 10
132.99260317189632
 20
78.3576057298772
 10
133.08296384720327
 20
78.36221009549794
 10
133.1680806616644
 20
78.36988403819917
 10
133.24795361527967
 20
78.3806275579809
 10
133.32546043656208
 20
78.3981497271487
 10
133.40347885402457
 20
78.42615961800819
 10
133.48200886766713
 20
78.46465723055935
 10
133.56105047748977
 20
78.51364256480218
 10
133.63695856070942
 20
78.57656889495225
 10
133.70608799454297
 20
78.6568894952251
 10
133.76843877899046
 20
78.75460436562074
 10
133.82401091405183
 20
78.86971350613915
 10
133.86967087312414
 20
79.00349590723056
 10
133.90228512960437
 20
79.15723055934515
 10
133.9218536834925
 20
79.33091746248294
 10
133.92837653478853
 20
79.52455661664393
 10
133.92588250341063
 20
79.63525324010915
 10
133.91840040927693
 20
79.74224079126876
 10
133.90593025238744
 20
79.8455192701228
 10
133.88847203274216
 20
79.94508867667122
 10
133.86429911323327
 20
80.04062926330151
 10
133.83168485675307
 20
80.13182128240109
 10
133.7906292633015
 20
80.21866473396999
 10
133.74113233287858
 20
80.30115961800819
 10
133.68543229877218
 20
80.37610845839018
 10
133.62576739427013
 20
80.44031377899044
 10
133.56213761937244
 20
80.493775579809
 10
133.49454297407914
 20
80.53649386084584
 10
133.42541354024556
 20
80.57019525920873
 10
133.35717939972716
 20
80.59660641200546
 10
133.28984055252386
 20
80.61572731923602
 10
133.22339699863574
 20
80.6275579809004
 10
133.15273277626193
 20
80.63472032742156
 10
133.07273192360162
 20
80.63983628922237
 10
132.98339444065485
 20
80.64290586630287
 10
132.88472032742155
 20
80.64392905866303
 10
132.2544338335607
 20
80.64392905866303
 10
132.2544338335607
 20
78.35607094133697
  0
LWPOLYLINE
  5
6F
330
17
100
AcDbEntity
  8
TEXT
100
AcDbPolyline
 90
5
 70
0
 10
135.33219645293315
 20
78.0
 10
134.9331514324693
 20
78.0
 10
134.9331514324693
 20
81.0
 10
135.33219645293315
 20
81.0
 10
135.33219645293315
 20
78.0
  0
LWPOLYLINE
  5
70
330
17
100
AcDbEntity
  8
TEXT
100
AcDbPolyline
 90
9
 70
0
 10
138.51227830832195
 20
78.0
 10
138.06412005457025
 20
78.0
 10
137.71214188267393
 20
78.91268758526603
 10
136.45975443383355
 20
78.91268758526603
 10
136.1282401091405
 20
78.0
 10
135.7087312414734
 20
78.0
 10
136.86084583901774
 20
81.0
 10
137.28854024556617
 20
81.0
 10
138.51227830832195
 20
78.0
  0
LWPOLYLINE
  5
71
330
17
100
AcDbEntity
  8
TEXT
100
AcDbPolyline
 90
20
 70
0
 10
137.59140518417462
 20
79.22783083219645
 10
137.50433790927693
 20
79.45819299965893
 10
137.42731070941338
 20
79.66223993860845
 10
137.3603235845839
 20
79.83997164904503
 10
137.30337653478853
 20
79.99138813096863
 10
137.25646956002728
 20
80.11648938437926
 10
137.21960266030013
 20
80.21527540927694
 10
137.19277583560708
 20
80.28774620566166
 10
137.17598908594815
 20
80.33390177353343
 10
137.1518161664393
 20
80.40546128922237
 10
137.1263642564802
 20
80.4881480218281
 10
137.09963335607094
 20
80.58196197135061
 10
137.07162346521145
 20
80.6869031377899
 10
137.06139154160982
 20
80.6869031377899
 10
137.03031207366985
 20
80.53828444747612
 10
136.99437244201908
 20
80.39529331514325
 10
136.95357264665756
 20
80.25792974079127
 10
136.90791268758525
 20
80.12619372442019
 10
136.57230559345157
 20
79.22783083219645
 10
137.59140518417462
 20
79.22783083219645
  0
LWPOLYLINE
  5
72
330
17
100
AcDbEntity
  8
TEXT
100
AcDbPolyline
 90
14
 70
0
 10
141.24420190995906
 20
78.0
 10
140.87585266030013
 20
78.0
 10
140.87585266030013
 20
80.34720327421556
 10
140.72608287858117
 20
80.2212227148704
 10
140.55303547066848
 20
80.10521828103684
 10
140.35671043656208
 20
79.99918997271487
 10
140.13710777626193
 20
79.9031377899045
 10
140.13710777626193
 20
80.25920873124147
 10
140.42999658935878
 20
80.42074522510232
 10
140.67223738062756
 20
80.60044338335607
 10
140.8638301500682
 20
80.79830320600273
 10
141.00477489768076
 20
81.0143246930423
 10
141.24420190995906
 20
81.0143246930423
 10
141.24420190995906
 20
78.0
  0
LWPOLYLINE
  5
73
330
17
100
AcDbEntity
  8
TEXT
100
AcDbPolyline
 90
33
 70
0
 10
143.16780354706685
 20
81.0143246930423
 10
143.39706258526604
 20
80.99034362210097
 10
143.59575375170533
 20
80.91840040927696
 10
143.76387704638472
 20
80.79849505457027
 10
143.9014324693042
 20
80.6306275579809
 10
144.00842002046383
 20
80.41479791950887
 10
144.08483969986358
 20
80.15100613915416
 10
144.1306915075034
 20
79.83925221691678
 10
144.14597544338335
 20
79.47953615279673
 10
144.13017991132332
 20
79.11662261255115
 10
144.08279331514325
 20
78.80346180081855
 10
144.0038156548431
 20
78.54005371759891
 10
143.89324693042292
 20
78.32639836289222
 10
143.753133526603
 20
78.1612167462483
 10
143.58552182810368
 20
78.04322987721692
 10
143.39041183492498
 20
77.9724377557981
 10
143.16780354706685
 20
77.94884038199181
 10
142.9390241302865
 20
77.97275750341065
 10
142.74074863574353
 20
78.04450886766712
 10
142.57297706343792
 20
78.16409447476126
 10
142.4357094133697
 20
78.33151432469305
 10
142.32894568553888
 20
78.54676841746249
 10
142.25268587994543
 20
78.80985675306958
 10
142.20692999658934
 20
79.12077933151433
 10
142.19167803547066
 20
79.47953615279673
 10
142.20747356753068
 20
79.84257759208731
 10
142.25486016371076
 20
80.15612210095497
 10
142.3338378240109
 20
80.42016967939973
 10
142.4444065484311
 20
80.63472032742156
 10
142.584392053206
 20
80.80079723738064
 10
142.75162005457025
 20
80.9194236016371
 10
142.94609055252388
 20
80.990599420191
 10
143.16780354706685
 20
81.0143246930423
  0
LWPOLYLINE
  5
74
330
17
100
AcDbEntity
  8
TEXT
100
AcDbPolyline
 90
41
 70
0
 10
143.16780354706685
 20
78.25170532060028
 10
143.30708560709414
 20
78.26967513642566
 10
143.4282060027285
 20
78.32358458390178
 10
143.53116473396997
 20
78.41343366302866
 10
143.61596180081855
 20
78.53922237380628
 10
143.68221350613916
 20
78.70581087994543
 10
143.72953615279673
 20
78.91805934515689
 10
143.75792974079127
 20
79.17596776944066
 10
143.7673942701228
 20
79.47953615279673
 10
143.76323755115962
 20
79.69459839699864
 10
143.75076739427013
 20
79.88548772169167
 10
143.7299837994543
 20
80.05220412687585
 10
143.70088676671213
 20
80.19474761255115
 10
143.66341234652114
 20
80.3168912005457
 10
143.61749658935878
 20
80.42240791268759
 10
143.5631394952251
 20
80.51129774897682
 10
143.50034106412005
 20
80.58356070941338
 10
143.42903734652114
 20
80.63951654160982
 10
143.34916439290586
 20
80.67948499317872
 10
143.2607222032742
 20
80.70346606412005
 10
143.1637107776262
 20
80.71145975443383
 10
143.02455661664393
 20
80.6931701909959
 10
142.90381991814462
 20
80.63830150068213
 10
142.80150068212825
 20
80.5468536834925
 10
142.71759890859482
 20
80.41882673942702
 10
142.65224249658937
 20
80.25038369713506
 10
142.6055593451569
 20
80.03768758526603
 10
142.5775494542974
 20
79.78073840381992
 10
142.5682128240109
 20
79.47953615279673
 10
142.5724334924966
 20
79.26709583901774
 10
142.5850954979536
 20
79.07793315143248
 10
142.606198840382
 20
78.91204809004093
 10
142.63574351978173
 20
78.76944065484311
 10
142.67360163710777
 20
78.646849420191
 10
142.71964529331512
 20
78.54101296043656
 10
142.7738744884038
 20
78.45193127557981
 10
142.8362892223738
 20
78.37960436562074
 10
142.9068894952251
 20
78.32364853342429
 10
142.98567530695772
 20
78.2836800818554
 10
143.07264665757162
 20
78.25969901091406
 10
143.16780354706685
 20
78.25170532060028
  0
LWPOLYLINE
  5
75
330
17
100
AcDbEntity
  8
TEXT
100
AcDbPolyline
 90
5
 70
0
 10
145.1261937244202
 20
78.0
 10
144.70668485675307
 20
78.0
 10
144.70668485675307
 20
78.41950886766712
 10
145.1261937244202
 20
78.41950886766712
 10
145.1261937244202
 20
78.0
  0
LWPOLYLINE
  5
76
330
17
100
AcDbEntity
  8
TEXT
100
AcDbPolyline
 90
33
 70
0
 10
146.6630286493861
 20
81.0143246930423
 10
146.89228768758528
 20
80.99034362210097
 10
147.09097885402457
 20
80.91840040927696
 10
147.25910214870396
 20
80.79849505457027
 10
147.39665757162345
 20
80.6306275579809
 10
147.50364512278307
 20
80.41479791950887
 10
147.58006480218282
 20
80.15100613915416
 10
147.62591660982264
 20
79.83925221691678
 10
147.6412005457026
 20
79.47953615279673
 10
147.62540501364256
 20
79.11662261255115
 10
147.5780184174625
 20
78.80346180081855
 10
147.49904075716233
 20
78.54005371759891
 10
147.38847203274216
 20
78.32639836289222
 10
147.24835862892223
 20
78.1612167462483
 10
147.08074693042292
 20
78.04322987721692
 10
146.88563693724421
 20
77.9724377557981
 10
146.6630286493861
 20
77.94884038199181
 10
146.43424923260574
 20
77.97275750341065
 10
146.23597373806277
 20
78.04450886766712
 10
146.06820216575716
 20
78.16409447476126
 10
145.93093451568893
 20
78.33151432469305
 10
145.82417078785812
 20
78.54676841746249
 10
145.74791098226467
 20
78.80985675306958
 10
145.70215509890858
 20
79.12077933151433
 10
145.6869031377899
 20
79.47953615279673
 10
145.70269866984992
 20
79.84257759208731
 10
145.75008526603
 20
80.15612210095497
 10
145.82906292633015
 20
80.42016967939973
 10
145.93963165075033
 20
80.63472032742156
 10
146.07961715552523
 20
80.80079723738064
 10
146.2468451568895
 20
80.9194236016371
 10
146.44131565484312
 20
80.990599420191
 10
146.6630286493861
 20
81.0143246930423
  0
LWPOLYLINE
  5
77
330
17
100
AcDbEntity
  8
TEXT
100
AcDbPolyline
 90
41
 70
0
 10
146.6630286493861
 20
78.25170532060028
 10
146.80231070941338
 20
78.26967513642566
 10
146.92343110504774
 20
78.32358458390178
 10
147.0263898362892
 20
78.41343366302866
 10
147.1111869031378
 20
78.53922237380628
 10
147.1774386084584
 20
78.70581087994543
 10
147.22476125511596
 20
78.91805934515689
 10
147.2531548431105
 20
79.17596776944066
 10
147.26261937244203
 20
79.47953615279673
 10
147.25846265347886
 20
79.69459839699864
 10
147.24599249658937
 20
79.88548772169167
 10
147.22520890177353
 20
80.05220412687585
 10
147.19611186903137
 20
80.19474761255115
 10
147.15863744884038
 20
80.3168912005457
 10
147.11272169167802
 20
80.42240791268759
 10
147.05836459754434
 20
80.51129774897682
 10
146.9955661664393
 20
80.58356070941338
 10
146.92426244884038
 20
80.63951654160982
 10
146.8443894952251
 20
80.67948499317872
 10
146.75594730559345
 20
80.70346606412005
 10
146.65893587994543
 20
80.71145975443383
 10
146.51978171896317
 20
80.6931701909959
 10
146.39904502046386
 20
80.63830150068213
 10
146.2967257844475
 20
80.5468536834925
 10
146.21282401091406
 20
80.41882673942702
 10
146.1474675989086
 20
80.25038369713506
 10
146.10078444747614
 20
80.03768758526603
 10
146.07277455661665
 20
79.78073840381992
 10
146.06343792633015
 20
79.47953615279673
 10
146.06765859481584
 20
79.26709583901774
 10
146.08032060027284
 20
79.07793315143248
 10
146.10142394270125
 20
78.91204809004093
 10
146.13096862210097
 20
78.76944065484311
 10
146.168826739427
 20
78.646849420191
 10
146.21487039563436
 20
78.54101296043656
 10
146.26909959072304
 20
78.45193127557981
 10
146.33151432469305
 20
78.37960436562074
 10
146.40211459754434
 20
78.32364853342429
 10
146.48090040927696
 20
78.2836800818554
 10
146.56787175989086
 20
78.25969901091406
 10
146.6630286493861
 20
78.25170532060028
  0
LWPOLYLINE
  5
78
330
17
100
AcDbEntity
  8
TEXT
100
AcDbPolyline
 90
33
 70
0
 10
148.993860845839
 20
81.0143246930423
 10
149.2231198840382
 20
80.99034362210097
 10
149.4218110504775
 20
80.91840040927696
 10
149.5899343451569
 20
80.79849505457027
 10
149.7274897680764
 20
80.6306275579809
 10
149.83447731923602
 20
80.41479791950887
 10
149.91089699863576
 20
80.15100613915416
 10
149.95674880627558
 20
79.83925221691678
 10
149.97203274215553
 20
79.47953615279673
 10
149.9562372100955
 20
79.11662261255115
 10
149.90885061391543
 20
78.80346180081855
 10
149.82987295361528
 20
78.54005371759891
 10
149.71930422919507
 20
78.32639836289222
 10
149.57919082537515
 20
78.1612167462483
 10
149.41157912687584
 20
78.04322987721692
 10
149.21646913369713
 20
77.9724377557981
 10
148.993860845839
 20
77.94884038199181
 10
148.76508142905865
 20
77.97275750341065
 10
148.56680593451568
 20
78.04450886766712
 10
148.3990343622101
 20
78.16409447476126
 10
148.26176671214188
 20
78.33151432469305
 10
148.15500298431107
 20
78.54676841746249
 10
148.07874317871762
 20
78.80985675306958
 10
148.03298729536152
 20
79.12077933151433
 10
148.01773533424284
 20
79.47953615279673
 10
148.03353086630287
 20
79.84257759208731
 10
148.08091746248294
 20
80.15612210095497
 10
148.1598951227831
 20
80.42016967939973
 10
148.27046384720327
 20
80.63472032742156
 10
148.41044935197817
 20
80.80079723738064
 10
148.57767735334244
 20
80.9194236016371
 10
148.77214785129604
 20
80.990599420191
 10
148.993860845839
 20
81.0143246930423
  0
LWPOLYLINE
  5
79
330
17
100
AcDbEntity
  8
TEXT
100
AcDbPolyline
 90
41
 70
0
 10
148.993860845839
 20
78.25170532060028
 10
149.1331429058663
 20
78.26967513642566
 10
149.25426330150069
 20
78.32358458390178
 10
149.35722203274216
 20
78.41343366302866
 10
149.4420190995907
 20
78.53922237380628
 10
149.50827080491132
 20
78.70581087994543
 10
149.55559345156888
 20
78.91805934515689
 10
149.58398703956343
 20
79.17596776944066
 10
149.59345156889495
 20
79.47953615279673
 10
149.58929484993178
 20
79.69459839699864
 10
149.57682469304228
 20
79.88548772169167
 10
149.55604109822647
 20
80.05220412687585
 10
149.52694406548432
 20
80.19474761255115
 10
149.48946964529333
 20
80.3168912005457
 10
149.44355388813096
 20
80.42240791268759
 10
149.3891967939973
 20
80.51129774897682
 10
149.32639836289223
 20
80.58356070941338
 10
149.25509464529333
 20
80.63951654160982
 10
149.17522169167805
 20
80.67948499317872
 10
149.0867795020464
 20
80.70346606412005
 10
148.98976807639838
 20
80.71145975443383
 10
148.85061391541612
 20
80.6931701909959
 10
148.72987721691678
 20
80.63830150068213
 10
148.6275579809004
 20
80.5468536834925
 10
148.54365620736698
 20
80.41882673942702
 10
148.47829979536152
 20
80.25038369713506
 10
148.43161664392906
 20
80.03768758526603
 10
148.4036067530696
 20
79.78073840381992
 10
148.3942701227831
 20
79.47953615279673
 10
148.39849079126878
 20
79.26709583901774
 10
148.4111527967258
 20
79.07793315143248
 10
148.43225613915416
 20
78.91204809004093
 10
148.46180081855388
 20
78.76944065484311
 10
148.49965893587995
 20
78.646849420191
 10
148.5457025920873
 20
78.54101296043656
 10
148.599931787176
 20
78.45193127557981
 10
148.662346521146
 20
78.37960436562074
 10
148.7329467939973
 20
78.32364853342429
 10
148.81173260572987
 20
78.2836800818554
 10
148.89870395634378
 20
78.25969901091406
 10
148.993860845839
 20
78.25170532060028
  0
LWPOLYLINE
  5
7B
330
17
100
AcDbEntity
  8
TEXT
100
AcDbPolyline
 90
34
 70
0
 10
0.538881309686221
 20
171.0
 10
2.4249658935879945
 20
171.0
 10
2.6405823669849933
 20
170.99722885402457
 10
2.840637789904502
 20
170.98891541609822
 10
3.0251321623465213
 20
170.97505968622102
 10
3.1940654843110505
 20
170.9556616643929
 10
3.3523405525238745
 20
170.92464614597543
 10
3.5048601637107777
 20
170.87593792633015
 10
3.65162431787176
 20
170.80953700545703
 10
3.7926330150068215
 20
170.72544338335607
 10
3.922343963165075
 20
170.62418997271487
 10
4.0352148703956345
 20
170.50630968622102
 10
4.131245736698499
 20
170.3718025238745
 10
4.21043656207367
 20
170.2206684856753
 10
4.272361016371078
 20
170.059409106412
 10
4.316592769440655
 20
169.89452592087312
 10
4.343131821282401
 20
169.72601892905868
 10
4.351978171896317
 20
169.55388813096863
 10
4.3241601296043655
 20
169.22486783765348
 10
4.240706002728513
 20
168.93016712141883
 10
4.101615791268759
 20
168.66978598226467
 10
3.9068894952251023
 20
168.443724420191
 10
3.7872239512278307
 20
168.3458017138472
 10
3.6507716575716236
 20
168.26093536834924
 10
3.4975326142564804
 20
168.18912538369713
 10
3.3275068212824013
 20
168.13037175989086
 10
3.140694278649386
 20
168.0846744969304
 10
2.9370949863574354
 20
168.0520335948158
 10
2.7167089444065486
 20
168.03244905354705
 10
2.479536152796726
 20
168.02592087312414
 10
1.2005457025920874
 20
168.02592087312414
 10
1.2005457025920874
 20
166.0
 10
0.538881309686221
 20
166.0
 10
0.538881309686221
 20
171.0
  0
LWPOLYLINE
  5
7C
330
17
100
AcDbEntity
  8
TEXT
100
AcDbPolyline
 90
24
 70
0
 10
1.2005457025920874
 20
168.6193724420191
 10
2.4863574351978173
 20
168.6193724420191
 10
2.76293912005457
 20
168.6336545020464
 10
3.0026432469304227
 20
168.67650068212825
 10
3.205469815825375
 20
168.74791098226467
 10
3.371418826739427
 20
168.8478854024557
 10
3.5004902796725785
 20
168.97642394270125
 10
3.5926841746248295
 20
169.13352660300137
 10
3.64800051159618
 20
169.3191933833561
 10
3.6664392905866303
 20
169.53342428376536
 10
3.6568468622100956
 20
169.67912261255117
 10
3.628069577080491
 20
169.81608117326059
 10
3.5801074351978173
 20
169.94429996589358
 10
3.5129604365620737
 20
170.0637789904502
 10
3.431851125511596
 20
170.16801671214188
 10
3.3420020463847204
 20
170.25051159618008
 10
3.243413199181446
 20
170.3112636425648
 10
3.1360845839017735
 20
170.35027285129604
 10
3.010850102319236
 20
170.3748934174625
 10
2.858543656207367
 20
170.3924795361528
 10
2.6791652455661668
 20
170.40303120736698
 10
2.4727148703956345
 20
170.40654843110505
 10
1.2005457025920874
 20
170.40654843110505
 10
1.2005457025920874
 20
168.6193724420191
  0
LWPOLYLINE
  5
7D
330
17
100
AcDbEntity
  8
TEXT
100
AcDbPolyline
 90
9
 70
0
 10
9.324693042291951
 20
166.0
 10
8.577762619372443
 20
166.0
 10
7.991132332878582
 20
167.52114597544337
 10
5.903819918144611
 20
167.52114597544337
 10
5.351296043656207
 20
166.0
 10
4.6521145975443385
 20
166.0
 10
6.572305593451569
 20
171.0
 10
7.285129604365621
 20
171.0
 10
9.324693042291951
 20
166.0
  0
LWPOLYLINE
  5
7E
330
17
100
AcDbEntity
  8
TEXT
100
AcDbPolyline
 90
20
 70
0
 10
7.789904502046385
 20
168.0463847203274
 10
7.644792377216917
 20
168.43032166609822
 10
7.516413710777626
 20
168.77039989768076
 10
7.404768502728513
 20
169.06661941507502
 10
7.309856753069577
 20
169.31898021828104
 10
7.2316784618008185
 20
169.52748230729878
 10
7.1702336289222375
 20
169.69212568212825
 10
7.125522254433834
 20
169.81291034276944
 10
7.097544338335608
 20
169.8898362892224
 10
7.057256139154161
 20
170.00910214870396
 10
7.014836289222374
 20
170.1469133697135
 10
6.970284788540246
 20
170.30326995225101
 10
6.923601637107776
 20
170.4781718963165
 10
6.906548431105048
 20
170.4781718963165
 10
6.85474931787176
 20
170.23047407912688
 10
6.7948499317871764
 20
169.99215552523873
 10
6.726850272851296
 20
169.7632162346521
 10
6.65075034106412
 20
169.54365620736698
 10
6.091405184174625
 20
168.0463847203274
 10
7.789904502046385
 20
168.0463847203274
  0
LWPOLYLINE
  5
7F
330
17
100
AcDbEntity
  8
TEXT
100
AcDbPolyline
 90
57
 70
0
 10
14.283765347885403
 20
166.0
 10
13.451568894952253
 20
166.0
 10
13.273682639836291
 20
166.28079169508868
 10
13.11348908594816
 20
166.5331258526603
 10
12.970988233287859
 20
166.75700247271487
 10
12.84618008185539
 20
166.95242155525239
 10
12.73906463165075
 20
167.11938310027284
 10
12.649641882673944
 20
167.25788710777627
 10
12.577911834924965
 20
167.3679335777626
 10
12.52387448840382
 20
167.44952251023193
 10
12.432320088676672
 20
167.5794466234652
 10
12.338420873124148
 20
167.69977830832195
 10
12.242176841746248
 20
167.81051756480218
 10
12.143587994542974
 20
167.91166439290586
 10
12.045318894952251
 20
167.99916865620736
 10
11.950034106412005
 20
168.06898021828104
 10
11.857733628922238
 20
168.12109907912688
 10
11.768417462482947
 20
168.15552523874487
 10
11.673452421555252
 20
168.17790757162345
 10
11.564205320600273
 20
168.19389495225101
 10
11.440676159618008
 20
168.20348738062756
 10
11.302864938608458
 20
168.20668485675307
 10
10.538881309686221
 20
168.20668485675307
 10
10.538881309686221
 20
166.0
 10
9.877216916780355
 20
166.0
 10
9.877216916780355
 20
171.0
 10
12.090723055934516
 20
171.0
 10
12.308364597544339
 20
170.99637619372442
 10
12.507673942701228
 20
170.98550477489766
 10
12.688651091405186
 20
170.96738574351977
 10
12.851296043656209
 20
170.9420190995907
 10
13.000085266030014
 20
170.9050349590723
 10
13.13949522510232
 20
170.85206343792632
 10
13.269525920873125
 20
170.7831045361528
 10
13.390177353342429
 20
170.6981582537517
 10
13.499424454297408
 20
170.59914307639835
 10
13.59524215552524
 20
170.48797748976807
 10
13.677630457025922
 20
170.36466149386084
 10
13.746589358799454
 20
170.22919508867668
 10
13.801053035470668
 20
170.0857349931787
 10
13.839955661664392
 20
169.93843792633015
 10
13.863297237380626
 20
169.78730388813096
 10
13.871077762619372
 20
169.63233287858117
 10
13.84869542974079
 20
169.3631053888131
 10
13.781548431105048
 20
169.12158935879944
 10
13.669636766712141
 20
168.90778478854025
 10
13.512960436562075
 20
168.72169167803548
 10
13.31343792633015
 20
168.56522851296043
 10
13.072987721691678
 20
168.44031377899046
 10
12.791609822646658
 20
168.3469474761255
 10
12.469304229195089
 20
168.2851296043656
 10
12.469304229195089
 20
168.27148703956343
 10
12.716149386084584
 20
168.131437585266
 10
12.955320600272852
 20
167.9329809004093
 10
13.18681787175989
 20
167.67611698499317
 10
13.410641200545703
 20
167.36084583901774
 10
14.283765347885403
 20
166.0
  0
LWPOLYLINE
  5
80
330
17
100
AcDbEntity
  8
TEXT
100
AcDbPolyline
 90
24
 70
0
 10
10.538881309686221
 20
168.80013642564802
 10
11.957708049113233
 20
168.80013642564802
 10
12.161387278308322
 20
168.80471947476124
 10
12.34268417462483
 20
168.81846862210097
 10
12.501598738062757
 20
168.8413838676671
 10
12.638130968622102
 20
168.87346521145975
 10
12.75718366302865
 20
168.9187627899045
 10
12.863659618008187
 20
168.981326739427
 10
12.95755883356071
 20
169.06115706002728
 10
13.038881309686221
 20
169.15825375170533
 10
13.104536152796726
 20
169.26718110504777
 10
13.151432469304229
 20
169.38250341064122
 10
13.179570259208731
 20
169.5042206684857
 10
13.188949522510232
 20
169.63233287858117
 10
13.173388472032741
 20
169.79646998635744
 10
13.126705320600273
 20
169.94781718963165
 10
13.048900068212824
 20
170.0863744884038
 10
12.939972714870397
 20
170.21214188267393
 10
12.795233628922238
 20
170.31659276944063
 10
12.6099931787176
 20
170.3912005457026
 10
12.38425136425648
 20
170.43596521145975
 10
12.118008185538882
 20
170.45088676671213
 10
10.538881309686221
 20
170.45088676671213
 10
10.538881309686221
 20
168.80013642564802
  0
LWPOLYLINE
  5
81
330
17
100
AcDbEntity
  8
TEXT
100
AcDbPolyline
 90
9
 70
0
 10
18.475443383356073
 20
170.40654843110505
 10
16.821282401091405
 20
170.40654843110505
 10
16.821282401091405
 20
166.0
 10
16.156207366984994
 20
166.0
 10
16.156207366984994
 20
170.40654843110505
 10
14.51568894952251
 20
170.40654843110505
 10
14.51568894952251
 20
171.0
 10
18.475443383356073
 20
171.0
 10
18.475443383356073
 20
170.40654843110505
  0
LWPOLYLINE
  5
82
330
17
100
AcDbEntity
  8
TEXT
100
AcDbPolyline
 90
5
 70
0
 10
19.955661664392906
 20
168.91950886766713
 10
19.256480218281038
 20
168.91950886766713
 10
19.256480218281038
 20
169.61869031377898
 10
19.955661664392906
 20
169.61869031377898
 10
19.955661664392906
 20
168.91950886766713
  0
LWPOLYLINE
  5
83
330
17
100
AcDbEntity
  8
TEXT
100
AcDbPolyline
 90
5
 70
0
 10
19.955661664392906
 20
166.0
 10
19.256480218281038
 20
166.0
 10
19.256480218281038
 20
166.69918144611188
 10
19.955661664392906
 20
166.69918144611188
 10
19.955661664392906
 20
166.0
  0
LWPOLYLINE
  5
84
330
17
100
AcDbEntity
  8
TEXT
100
AcDbPolyline
 90
11
 70
0
 10
26.44270122783083
 20
170.40654843110505
 10
23.731241473397
 20
170.40654843110505
 10
23.731241473397
 20
168.8581173260573
 10
26.08117326057299
 20
168.8581173260573
 10
26.08117326057299
 20
168.26466575716233
 10
23.731241473397
 20
168.26466575716233
 10
23.731241473397
 20
166.0
 10
23.069577080491133
 20
166.0
 10
23.069577080491133
 20
171.0
 10
26.44270122783083
 20
171.0
 10
26.44270122783083
 20
170.40654843110505
  0
LWPOLYLINE
  5
85
330
17
100
AcDbEntity
  8
TEXT
100
AcDbPolyline
 90
7
 70
0
 10
30.42974079126876
 20
166.0
 10
27.30218281036835
 20
166.0
 10
27.30218281036835
 20
171.0
 10
27.963847203274216
 20
171.0
 10
27.963847203274216
 20
166.59345156889495
 10
30.42974079126876
 20
166.59345156889495
 10
30.42974079126876
 20
166.0
  0
LWPOLYLINE
  5
86
330
17
100
AcDbEntity
  8
TEXT
100
AcDbPolyline
 90
9
 70
0
 10
35.327421555252386
 20
166.0
 10
34.58049113233288
 20
166.0
 10
33.993860845839016
 20
167.52114597544337
 10
31.906548431105048
 20
167.52114597544337
 10
31.354024556616643
 20
166.0
 10
30.654843110504775
 20
166.0
 10
32.575034106412005
 20
171.0
 10
33.28785811732606
 20
171.0
 10
35.327421555252386
 20
166.0
  0
LWPOLYLINE
  5
87
330
17
100
AcDbEntity
  8
TEXT
100
AcDbPolyline
 90
20
 70
0
 10
33.79263301500682
 20
168.0463847203274
 10
33.647520890177354
 20
168.43032166609822
 10
33.51914222373806
 20
168.77039989768076
 10
33.407497015688946
 20
169.06661941507502
 10
33.31258526603001
 20
169.31898021828104
 10
33.23440697476125
 20
169.52748230729878
 10
33.17296214188267
 20
169.69212568212825
 10
33.12825076739426
 20
169.81291034276944
 10
33.10027285129604
 20
169.8898362892224
 10
33.05998465211459
 20
170.00910214870396
 10
33.017564802182804
 20
170.1469133697135
 10
32.97301330150068
 20
170.30326995225101
 10
32.92633015006821
 20
170.4781718963165
 10
32.90927694406548
 20
170.4781718963165
 10
32.857477830832195
 20
170.23047407912688
 10
32.797578444747614
 20
169.99215552523873
 10
32.72957878581173
 20
169.7632162346521
 10
32.653478854024556
 20
169.54365620736698
 10
32.094133697135064
 20
168.0463847203274
 10
33.79263301500682
 20
168.0463847203274
  0
LWPOLYLINE
  5
88
330
17
100
AcDbEntity
  8
TEXT
100
AcDbPolyline
 90
9
 70
0
 10
39.43383356070941
 20
170.40654843110505
 10
37.779672578444746
 20
170.40654843110505
 10
37.779672578444746
 20
166.0
 10
37.11459754433833
 20
166.0
 10
37.11459754433833
 20
170.40654843110505
 10
35.47407912687585
 20
170.40654843110505
 10
35.47407912687585
 20
171.0
 10
39.43383356070941
 20
171.0
 10
39.43383356070941
 20
170.40654843110505
  0
LWPOLYLINE
  5
89
330
17
100
AcDbEntity
  8
TEXT
100
AcDbPolyline
 90
5
 70
0
 10
43.120736698499314
 20
165.1268758526603
 10
39.54638472032742
 20
165.1268758526603
 10
39.54638472032742
 20
165.47476125511596
 10
43.120736698499314
 20
165.47476125511596
 10
43.120736698499314
 20
165.1268758526603
  0
LWPOLYLINE
  5
8A
330
17
100
AcDbEntity
  8
TEXT
100
AcDbPolyline
 90
34
 70
0
 10
43.618690313778984
 20
171.0
 10
45.50477489768076
 20
171.0
 10
45.72039137107776
 20
170.99722885402457
 10
45.92044679399727
 20
170.98891541609822
 10
46.10494116643929
 20
170.97505968622102
 10
46.27387448840382
 20
170.9556616643929
 10
46.43214955661664
 20
170.92464614597543
 10
46.58466916780355
 20
170.87593792633015
 10
46.73143332196452
 20
170.80953700545703
 10
46.87244201909959
 20
170.72544338335607
 10
47.00215296725784
 20
170.62418997271487
 10
47.1150238744884
 20
170.50630968622102
 10
47.21105474079126
 20
170.3718025238745
 10
47.29024556616643
 20
170.2206684856753
 10
47.352170020463845
 20
170.059409106412
 10
47.39640177353343
 20
169.89452592087312
 10
47.42294082537517
 20
169.72601892905868
 10
47.431787175989086
 20
169.55388813096863
 10
47.40396913369713
 20
169.22486783765348
 10
47.32051500682128
 20
168.93016712141883
 10
47.18142479536152
 20
168.66978598226467
 10
46.98669849931787
 20
168.443724420191
 10
46.867032955320596
 20
168.3458017138472
 10
46.73058066166439
 20
168.26093536834924
 10
46.577341618349244
 20
168.18912538369713
 10
46.407315825375164
 20
168.13037175989086
 10
46.22050328274215
 20
168.0846744969304
 10
46.0169039904502
 20
168.0520335948158
 10
45.796517948499314
 20
168.03244905354705
 10
45.55934515688949
 20
168.02592087312414
 10
44.280354706684854
 20
168.02592087312414
 10
44.280354706684854
 20
166.0
 10
43.618690313778984
 20
166.0
 10
43.618690313778984
 20
171.0
  0
LWPOLYLINE
  5
8B
330
17
100
AcDbEntity
  8
TEXT
100
AcDbPolyline
 90
24
 70
0
 10
44.280354706684854
 20
168.6193724420191
 10
45.56616643929058
 20
168.6193724420191
 10
45.842748124147334
 20
168.6336545020464
 10
46.08245225102319
 20
168.67650068212825
 10
46.28527881991814
 20
168.74791098226467
 10
46.451227830832195
 20
168.8478854024557
 10
46.58029928376534
 20
168.97642394270125
 10
46.672493178717595
 20
169.13352660300137
 10
46.727809515688946
 20
169.3191933833561
 10
46.7462482946794
 20
169.53342428376536
 10
46.73665586630286
 20
169.67912261255117
 10
46.70787858117326
 20
169.81608117326059
 10
46.65991643929058
 20
169.94429996589358
 10
46.59276944065484
 20
170.0637789904502
 10
46.511660129604365
 20
170.16801671214188
 10
46.42181105047749
 20
170.25051159618008
 10
46.32322220327421
 20
170.3112636425648
 10
46.21589358799454
 20
170.35027285129604
 10
46.090659106412005
 20
170.3748934174625
 10
45.93835266030013
 20
170.3924795361528
 10
45.758974249658934
 20
170.40303120736698
 10
45.5525238744884
 20
170.40654843110505
 10
44.280354706684854
 20
170.40654843110505
 10
44.280354706684854
 20
168.6193724420191
  0
LWPOLYLINE
  5
8C
330
17
100
AcDbEntity
  8
TEXT
100
AcDbPolyline
 90
7
 70
0
 10
51.391541609822646
 20
166.0
 10
48.26398362892223
 20
166.0
 10
48.26398362892223
 20
171.0
 10
48.9256480218281
 20
171.0
 10
48.9256480218281
 20
166.59345156889495
 10
51.391541609822646
 20
166.59345156889495
 10
51.391541609822646
 20
166.0
  0
LWPOLYLINE
  5
8D
330
17
100
AcDbEntity
  8
TEXT
100
AcDbPolyline
 90
9
 70
0
 10
56.289222373806275
 20
166.0
 10
55.542291950886764
 20
166.0
 10
54.955661664392906
 20
167.52114597544337
 10
52.868349249658934
 20
167.52114597544337
 10
52.31582537517053
 20
166.0
 10
51.61664392905866
 20
166.0
 10
53.536834924965895
 20
171.0
 10
54.24965893587994
 20
171.0
 10
56.289222373806275
 20
166.0
  0
LWPOLYLINE
  5
8E
330
17
100
AcDbEntity
  8
TEXT
100
AcDbPolyline
 90
20
 70
0
 10
54.75443383356071
 20
168.0463847203274
 10
54.609321708731244
 20
168.43032166609822
 10
54.48094304229195
 20
168.77039989768076
 10
54.369297834242836
 20
169.06661941507502
 10
54.2743860845839
 20
169.31898021828104
 10
54.19620779331514
 20
169.52748230729878
 10
54.13476296043656
 20
169.69212568212825
 10
54.09005158594815
 20
169.81291034276944
 10
54.06207366984993
 20
169.8898362892224
 10
54.02178547066848
 20
170.00910214870396
 10
53.9793656207367
 20
170.1469133697135
 10
53.93481412005457
 20
170.30326995225101
 10
53.8881309686221
 20
170.4781718963165
 10
53.87107776261937
 20
170.4781718963165
 10
53.819278649386085
 20
170.23047407912688
 10
53.7593792633015
 20
169.99215552523873
 10
53.69137960436562
 20
169.7632162346521
 10
53.615279672578446
 20
169.54365620736698
 10
53.055934515688946
 20
168.0463847203274
 10
54.75443383356071
 20
168.0463847203274
  0
LWPOLYLINE
  5
8F
330
17
100
AcDbEntity
  8
TEXT
100
AcDbPolyline
 90
9
 70
0
 10
60.3956343792633
 20
170.40654843110505
 10
58.741473396998636
 20
170.40654843110505
 10
58.741473396998636
 20
166.0
 10
58.07639836289222
 20
166.0
 10
58.07639836289222
 20
170.40654843110505
 10
56.43587994542974
 20
170.40654843110505
 10
56.43587994542974
 20
171.0
 10
60.3956343792633
 20
171.0
 10
60.3956343792633
 20
170.40654843110505
  0
LWPOLYLINE
  5
90
330
17
100
AcDbEntity
  8
TEXT
100
AcDbPolyline
 90
13
 70
0
 10
64.83628922237381
 20
166.0
 10
61.101637107776256
 20
166.0
 10
61.101637107776256
 20
171.0
 10
64.72032742155525
 20
171.0
 10
64.72032742155525
 20
170.40654843110505
 10
61.763301500682125
 20
170.40654843110505
 10
61.763301500682125
 20
168.87858117326059
 10
64.5293315143247
 20
168.87858117326059
 10
64.5293315143247
 20
168.2851296043656
 10
61.763301500682125
 20
168.2851296043656
 10
61.763301500682125
 20
166.59345156889495
 10
64.83628922237381
 20
166.59345156889495
 10
64.83628922237381
 20
166.0
  0
LWPOLYLINE
  5
91
330
17
100
AcDbEntity
  8
TEXT
100
AcDbPolyline
 90
5
 70
0
 10
68.74147339699863
 20
165.1268758526603
 10
65.16712141882674
 20
165.1268758526603
 10
65.16712141882674
 20
165.47476125511596
 10
68.74147339699863
 20
165.47476125511596
 10
68.74147339699863
 20
165.1268758526603
  0
LWPOLYLINE
  5
92
330
17
100
AcDbEntity
  8
TEXT
100
AcDbPolyline
 90
65
 70
0
 10
70.64120054570259
 20
171.0238744884038
 10
70.83861805081855
 20
171.01388237551157
 10
71.02329894270122
 20
170.98390603683492
 10
71.19524322135061
 20
170.93394547237378
 10
71.3544508867667
 20
170.86400068212822
 10
71.50092193894952
 20
170.77407166609822
 10
71.63465637789903
 20
170.66415842428376
 10
71.75565420361526
 20
170.53426095668485
 10
71.86391541609822
 20
170.3843792633015
 10
71.95944001534788
 20
170.21451334413368
 10
72.04222800136425
 20
170.02466319918145
 10
72.11227937414733
 20
169.81482882844475
 10
72.16959413369712
 20
169.5850102319236
 10
72.21417228001363
 20
169.335207409618
 10
72.24601381309685
 20
169.06542036152797
 10
72.26511873294677
 20
168.77564908765348
 10
72.27148703956343
 20
168.46589358799454
 10
72.26490556787175
 20
168.15310048601637
 10
72.24516115279671
 20
167.86103768758525
 10
72.21225379433832
 20
167.58970519270122
 10
72.16618349249657
 20
167.33910300136426
 10
72.10695024727148
 20
167.10923111357434
 10
72.03455405866302
 20
166.9000895293315
 10
71.9489949266712
 20
166.71167824863574
 10
71.85027285129604
 20
166.54399727148703
 10
71.73924049283765
 20
166.39651368519782
 10
71.61675051159618
 20
166.26869457708048
 10
71.48280290757162
 20
166.16053994713505
 10
71.33739768076398
 20
166.07204979536152
 10
71.18053483117326
 20
166.00322412175987
 10
71.01221435879945
 20
165.95406292633012
 10
70.83243626364256
 20
165.92456620907228
 10
70.64120054570259
 20
165.91473396998634
 10
70.4441960479195
 20
165.9246994372442
 10
70.25990151773533
 20
165.9545958390177
 10
70.08831695515006
 20
166.00442317530695
 10
69.9294423601637
 20
166.07418144611185
 10
69.78327773277626
 20
166.16387065143246
 10
69.64982307298772
 20
166.27349079126876
 10
69.52907838079808
 20
166.40304186562074
 10
69.42104365620736
 20
166.5525238744884
 10
69.32571889921554
 20
166.72193681787175
 10
69.24310410982264
 20
166.91128069577078
 10
69.17319928802864
 20
167.12055550818553
 10
69.11600443383355
 20
167.34976125511596
 10
69.07151954723737
 20
167.59889793656208
 10
69.0397446282401
 20
167.86796555252388
 10
69.02067967684174
 20
168.15696410300137
 10
69.01432469304228
 20
168.46589358799454
 10
69.02090616473396
 20
168.77873998124147
 10
69.040650579809
 20
169.07096265347886
 10
69.07355793826738
 20
169.34256160470667
 10
69.11962824010914
 20
169.59353683492498
 10
69.17886148533424
 20
169.8238883441337
 10
69.25125767394269
 20
170.03361613233287
 10
69.3368168059345
 20
170.2227201995225
 10
69.43553888130968
 20
170.3912005457026
 10
69.54651794849931
 20
170.5394835010232
 10
69.6688480559345
 20
170.66799539563436
 10
69.80252920361526
 20
170.77673622953614
 10
69.9475613915416
 20
170.8657060027285
 10
70.1039446197135
 20
170.93490471521145
 10
70.27167888813096
 20
170.98433236698497
 10
70.450764196794
 20
171.0139889580491
 10
70.64120054570259
 20
171.0238744884038
  0
LWPOLYLINE
  5
93
330
17
100
AcDbEntity
  8
TEXT
100
AcDbPolyline
 90
49
 70
0
 10
70.64120054570259
 20
166.41950886766713
 10
70.87333731241473
 20
166.44945856070942
 10
71.07520463847203
 20
166.5393076398363
 10
71.24680252387448
 20
166.68905610504774
 10
71.3881309686221
 20
166.89870395634378
 10
71.44728427694406
 20
167.02801521998634
 10
71.49855047748976
 20
167.1763514665757
 10
71.5419295702592
 20
167.34371269611185
 10
71.57742155525239
 20
167.53009890859482
 10
71.6050264324693
 20
167.73551010402454
 10
71.62474420190995
 20
167.9599462824011
 10
71.63657486357434
 20
168.20340744372442
 10
71.64051841746247
 20
168.46589358799454
 10
71.63359055252387
 20
168.8243306616644
 10
71.61280695770805
 20
169.1424795361528
 10
71.578167633015
 20
169.42034021145975
 10
71.52967257844475
 20
169.65791268758525
 10
71.46721521145975
 20
169.86148533424284
 10
71.39068894952251
 20
170.037346521146
 10
71.300093792633
 20
170.1854962482947
 10
71.19542974079127
 20
170.30593451568896
 10
71.07659021145975
 20
170.39919423601637
 10
70.94346862210095
 20
170.46580832196452
 10
70.79606497271487
 20
170.50577677353343
 10
70.6343792633015
 20
170.51909959072304
 10
70.40245566166439
 20
170.48861698499317
 10
70.2012278308322
 20
170.39716916780355
 10
70.0306957708049
 20
170.24475613915416
 10
69.89085948158252
 20
170.03137789904503
 10
69.83250554229194
 20
169.90022808663028
 10
69.7819321282401
 20
169.7506394952251
 10
69.739139239427
 20
169.58261212482947
 10
69.70412687585265
 20
169.39614597544337
 10
69.67689503751704
 20
169.19124104706685
 10
69.65744372442018
 20
168.96789733969987
 10
69.64577293656207
 20
168.72611485334244
 10
69.64188267394269
 20
168.46589358799454
 10
69.64891712141882
 20
168.1118263983629
 10
69.6700204638472
 20
167.79655525238744
 10
69.70519270122782
 20
167.5200801500682
 10
69.7544338335607
 20
167.28240109140518
 10
69.8175306957708
 20
167.07808236698497
 10
69.89427012278307
 20
166.90168826739426
 10
69.98465211459754
 20
166.753218792633
 10
70.08867667121419
 20
166.63267394270122
 10
70.20634379263302
 20
166.5394142223738
 10
70.33765347885402
 20
166.47280013642566
 10
70.4826057298772
 20
166.43283168485675
 10
70.64120054570259
 20
166.41950886766713
  0
LWPOLYLINE
  5
94
330
17
100
AcDbEntity
  8
TEXT
100
AcDbPolyline
 90
65
 70
0
 10
74.52592087312415
 20
171.0238744884038
 10
74.72333837824011
 20
171.01388237551157
 10
74.90801927012278
 20
170.98390603683492
 10
75.07996354877217
 20
170.93394547237378
 10
75.23917121418826
 20
170.86400068212822
 10
75.38564226637108
 20
170.77407166609822
 10
75.5193767053206
 20
170.66415842428376
 10
75.64037453103683
 20
170.53426095668485
 10
75.74863574351977
 20
170.3843792633015
 10
75.84416034276944
 20
170.21451334413368
 10
75.92694832878581
 20
170.02466319918145
 10
75.9969997015689
 20
169.81482882844475
 10
76.05431446111868
 20
169.5850102319236
 10
76.09889260743519
 20
169.335207409618
 10
76.13073414051841
 20
169.06542036152797
 10
76.14983906036834
 20
168.77564908765348
 10
76.15620736698499
 20
168.46589358799454
 10
76.14962589529331
 20
168.15310048601637
 10
76.12988148021827
 20
167.86103768758525
 10
76.09697412175989
 20
167.58970519270122
 10
76.05090381991815
 20
167.33910300136426
 10
75.99167057469305
 20
167.10923111357434
 10
75.91927438608458
 20
166.9000895293315
 10
75.83371525409277
 20
166.71167824863574
 10
75.7349931787176
 20
166.54399727148703
 10
75.62396082025921
 20
166.39651368519782
 10
75.50147083901774
 20
166.26869457708048
 10
75.36752323499319
 20
166.16053994713505
 10
75.22211800818553
 20
166.07204979536152
 10
75.06525515859482
 20
166.00322412175987
 10
74.89693468622102
 20
165.95406292633012
 10
74.71715659106412
 20
165.92456620907228
 10
74.52592087312415
 20
165.91473396998634
 10
74.32891637534107
 20
165.9246994372442
 10
74.14462184515689
 20
165.9545958390177
 10
73.97303728257162
 20
166.00442317530695
 10
73.81416268758527
 20
166.07418144611185
 10
73.66799806019782
 20
166.16387065143246
 10
73.53454340040928
 20
166.27349079126876
 10
73.41379870821964
 20
166.40304186562074
 10
73.30576398362892
 20
166.5525238744884
 10
73.2104392266371
 20
166.72193681787175
 10
73.1278244372442
 20
166.91128069577078
 10
73.0579196154502
 20
167.12055550818553
 10
73.00072476125511
 20
167.34976125511596
 10
72.95623987465893
 20
167.59889793656208
 10
72.92446495566166
 20
167.86796555252388
 10
72.9054000042633
 20
168.15696410300137
 10
72.89904502046384
 20
168.46589358799454
 10
72.90562649215552
 20
168.77873998124147
 10
72.92537090723056
 20
169.07096265347886
 10
72.95827826568895
 20
169.34256160470667
 10
73.0043485675307
 20
169.59353683492498
 10
73.0635818127558
 20
169.8238883441337
 10
73.13597800136425
 20
170.03361613233287
 10
73.22153713335607
 20
170.2227201995225
 10
73.32025920873124
 20
170.3912005457026
 10
73.43123827592088
 20
170.5394835010232
 10
73.55356838335607
 20
170.66799539563436
 10
73.68724953103683
 20
170.77673622953614
 10
73.83228171896316
 20
170.8657060027285
 10
73.98866494713506
 20
170.93490471521145
 10
74.15639921555253
 20
170.98433236698497
 10
74.33548452421556
 20
171.0139889580491
 10
74.52592087312415
 20
171.0238744884038
  0
LWPOLYLINE
  5
95
330
17
100
AcDbEntity
  8
TEXT
100
AcDbPolyline
 90
49
 70
0
 10
74.52592087312415
 20
166.41950886766713
 10
74.7580576398363
 20
166.44945856070942
 10
74.95992496589359
 20
166.5393076398363
 10
75.13152285129604
 20
166.68905610504774
 10
75.27285129604365
 20
166.89870395634378
 10
75.33200460436562
 20
167.02801521998634
 10
75.38327080491132
 20
167.1763514665757
 10
75.42664989768076
 20
167.34371269611185
 10
75.46214188267393
 20
167.53009890859482
 10
75.48974675989086
 20
167.73551010402454
 10
75.50946452933151
 20
167.9599462824011
 10
75.5212951909959
 20
168.20340744372442
 10
75.52523874488404
 20
168.46589358799454
 10
75.51831087994543
 20
168.8243306616644
 10
75.4975272851296
 20
169.1424795361528
 10
75.46288796043656
 20
169.42034021145975
 10
75.41439290586631
 20
169.65791268758525
 10
75.3519355388813
 20
169.86148533424284
 10
75.27540927694406
 20
170.037346521146
 10
75.18481412005457
 20
170.1854962482947
 10
75.08015006821282
 20
170.30593451568896
 10
74.9613105388813
 20
170.39919423601637
 10
74.82818894952251
 20
170.46580832196452
 10
74.68078530013642
 20
170.50577677353343
 10
74.51909959072306
 20
170.51909959072304
 10
74.28717598908595
 20
170.48861698499317
 10
74.08594815825376
 20
170.39716916780355
 10
73.91541609822646
 20
170.24475613915416
 10
73.77557980900409
 20
170.03137789904503
 10
73.7172258697135
 20
169.90022808663028
 10
73.66665245566166
 20
169.7506394952251
 10
73.62385956684857
 20
169.58261212482947
 10
73.58884720327421
 20
169.39614597544337
 10
73.5616153649386
 20
169.19124104706685
 10
73.54216405184174
 20
168.96789733969987
 10
73.53049326398363
 20
168.72611485334244
 10
73.52660300136425
 20
168.46589358799454
 10
73.53363744884038
 20
168.1118263983629
 10
73.55474079126876
 20
167.79655525238744
 10
73.58991302864938
 20
167.5200801500682
 10
73.63915416098226
 20
167.28240109140518
 10
73.70225102319236
 20
167.07808236698497
 10
73.77899045020463
 20
166.90168826739426
 10
73.8693724420191
 20
166.753218792633
 10
73.97339699863575
 20
166.63267394270122
 10
74.09106412005457
 20
166.5394142223738
 10
74.22237380627558
 20
166.47280013642566
 10
74.36732605729878
 20
166.43283168485675
 10
74.52592087312415
 20
166.41950886766713
  0
LWPOLYLINE
  5
96
330
17
100
AcDbEntity
  8
TEXT
100
AcDbPolyline
 90
18
 70
0
 10
79.0893587994543
 20
166.0
 10
78.47544338335608
 20
166.0
 10
78.47544338335608
 20
169.9120054570259
 10
78.22582708049114
 20
169.7020378581173
 10
77.93741473397
 20
169.5086971350614
 10
77.61020634379264
 20
169.33198328785812
 10
77.24420190995907
 20
169.1718963165075
 10
77.24420190995907
 20
169.76534788540246
 10
77.49882759208731
 20
169.89617795020465
 10
77.73234993178718
 20
170.03457537517053
 10
77.94476892905867
 20
170.18054016030013
 10
78.13608458390178
 20
170.33407230559345
 10
78.30629689631651
 20
170.49517181105045
 10
78.45540586630287
 20
170.6638386766712
 10
78.58341149386085
 20
170.84007290245566
 10
78.69031377899046
 20
171.0238744884038
 10
79.0893587994543
 20
171.0238744884038
 10
79.0893587994543
 20
166.0
  0
LWPOLYLINE
  5
98
330
17
100
AcDbEntity
  8
TEXT
100
AcDbPolyline
 90
9
 70
0
 10
4.113233287858117
 20
161.40654843110505
 10
2.459072305593452
 20
161.40654843110505
 10
2.459072305593452
 20
157.0
 10
1.7939972714870396
 20
157.0
 10
1.7939972714870396
 20
161.40654843110505
 10
0.15347885402455663
 20
161.40654843110505
 10
0.15347885402455663
 20
162.0
 10
4.113233287858117
 20
162.0
 10
4.113233287858117
 20
161.40654843110505
  0
LWPOLYLINE
  5
99
330
17
100
AcDbEntity
  8
TEXT
100
AcDbPolyline
 90
21
 70
0
 10
8.884720327421554
 20
162.0
 10
6.892905866302865
 20
159.11800818553888
 10
6.892905866302865
 20
157.0
 10
6.227830832196453
 20
157.0
 10
6.227830832196453
 20
159.11800818553888
 10
4.3008185538881305
 20
162.0
 10
5.105729877216916
 20
162.0
 10
6.203956343792633
 20
160.31855388813096
 10
6.291354024556616
 20
160.1806360845839
 10
6.386425648021827
 20
160.02268076398363
 10
6.489171214188267
 20
159.84468792633015
 10
6.599590723055934
 20
159.64665757162348
 10
6.6545873124147334
 20
159.74460692360165
 10
6.747953615279672
 20
159.89861869031378
 10
6.87968963165075
 20
160.1086928717599
 10
7.049795361527967
 20
160.37482946793997
 10
7.258270804911323
 20
160.69702847885404
 10
7.5051159618008185
 20
161.07528990450206
 10
7.790330832196453
 20
161.50961374488404
 10
8.113915416098227
 20
162.0
 10
8.884720327421554
 20
162.0
  0
LWPOLYLINE
  5
9A
330
17
100
AcDbEntity
  8
TEXT
100
AcDbPolyline
 90
34
 70
0
 10
9.464529331514324
 20
162.0
 10
11.350613915416098
 20
162.0
 10
11.566230388813096
 20
161.99722885402457
 10
11.766285811732605
 20
161.98891541609822
 10
11.950780184174624
 20
161.97505968622102
 10
12.119713506139153
 20
161.9556616643929
 10
12.277988574351976
 20
161.92464614597543
 10
12.43050818553888
 20
161.87593792633015
 10
12.577272339699862
 20
161.80953700545703
 10
12.718281036834924
 20
161.72544338335607
 10
12.847991984993177
 20
161.62418997271487
 10
12.960862892223737
 20
161.50630968622102
 10
13.056893758526602
 20
161.3718025238745
 10
13.136084583901773
 20
161.2206684856753
 10
13.198009038199181
 20
161.059409106412
 10
13.242240791268758
 20
160.89452592087312
 10
13.268779843110504
 20
160.72601892905868
 10
13.27762619372442
 20
160.55388813096863
 10
13.249808151432468
 20
160.22486783765348
 10
13.166354024556615
 20
159.93016712141883
 10
13.02726381309686
 20
159.66978598226467
 10
12.832537517053204
 20
159.443724420191
 10
12.712871973055933
 20
159.3458017138472
 10
12.576419679399725
 20
159.26093536834924
 10
12.423180636084583
 20
159.18912538369713
 10
12.253154843110504
 20
159.13037175989086
 10
12.066342300477489
 20
159.0846744969304
 10
11.862743008185538
 20
159.0520335948158
 10
11.64235696623465
 20
159.03244905354705
 10
11.405184174624829
 20
159.02592087312414
 10
10.12619372442019
 20
159.02592087312414
 10
10.12619372442019
 20
157.0
 10
9.464529331514324
 20
157.0
 10
9.464529331514324
 20
162.0
  0
LWPOLYLINE
  5
9B
330
17
100
AcDbEntity
  8
TEXT
100
AcDbPolyline
 90
24
 70
0
 10
10.12619372442019
 20
159.6193724420191
 10
11.41200545702592
 20
159.6193724420191
 10
11.688587141882673
 20
159.6336545020464
 10
11.928291268758526
 20
159.67650068212825
 10
12.131117837653479
 20
159.74791098226467
 10
12.29706684856753
 20
159.8478854024557
 10
12.426138301500682
 20
159.97642394270125
 10
12.518332196452933
 20
160.13352660300137
 10
12.573648533424283
 20
160.3191933833561
 10
12.592087312414733
 20
160.53342428376536
 10
12.582494884038198
 20
160.67912261255117
 10
12.553717598908595
 20
160.81608117326059
 10
12.50575545702592
 20
160.94429996589358
 10
12.438608458390176
 20
161.0637789904502
 10
12.357499147339698
 20
161.16801671214188
 10
12.267650068212824
 20
161.25051159618008
 10
12.16906122100955
 20
161.3112636425648
 10
12.061732605729876
 20
161.35027285129604
 10
11.93649812414734
 20
161.3748934174625
 10
11.78419167803547
 20
161.3924795361528
 10
11.60481326739427
 20
161.40303120736698
 10
11.398362892223737
 20
161.40654843110505
 10
10.12619372442019
 20
161.40654843110505
 10
10.12619372442019
 20
159.6193724420191
  0
LWPOLYLINE
  5
9C
330
17
100
AcDbEntity
  8
TEXT
100
AcDbPolyline
 90
13
 70
0
 10
17.87175989085948
 20
157.0
 10
14.137107776261937
 20
157.0
 10
14.137107776261937
 20
162.0
 10
17.755798090040926
 20
162.0
 10
17.755798090040926
 20
161.40654843110505
 10
14.798772169167803
 20
161.40654843110505
 10
14.798772169167803
 20
159.87858117326059
 10
17.564802182810368
 20
159.87858117326059
 10
17.564802182810368
 20
159.2851296043656
 10
14.798772169167803
 20
159.2851296043656
 10
14.798772169167803
 20
157.59345156889495
 10
17.87175989085948
 20
157.59345156889495
 10
17.87175989085948
 20
157.0
  0
LWPOLYLINE
  5
9D
330
17
100
AcDbEntity
  8
TEXT
100
AcDbPolyline
 90
5
 70
0
 10
19.57025920873124
 20
159.91950886766713
 10
18.87107776261937
 20
159.91950886766713
 10
18.87107776261937
 20
160.61869031377898
 10
19.57025920873124
 20
160.61869031377898
 10
19.57025920873124
 20
159.91950886766713
  0
LWPOLYLINE
  5
9E
330
17
100
AcDbEntity
  8
TEXT
100
AcDbPolyline
 90
5
 70
0
 10
19.57025920873124
 20
157.0
 10
18.87107776261937
 20
157.0
 10
18.87107776261937
 20
157.69918144611188
 10
19.57025920873124
 20
157.69918144611188
 10
19.57025920873124
 20
157.0
  0
LWPOLYLINE
  5
9F
330
17
100
AcDbEntity
  8
TEXT
100
AcDbPolyline
 90
11
 70
0
 10
26.057298772169165
 20
161.40654843110505
 10
23.345839017735333
 20
161.40654843110505
 10
23.345839017735333
 20
159.8581173260573
 10
25.695770804911323
 20
159.8581173260573
 10
25.695770804911323
 20
159.26466575716233
 10
23.345839017735333
 20
159.26466575716233
 10
23.345839017735333
 20
157.0
 10
22.684174624829467
 20
157.0
 10
22.684174624829467
 20
162.0
 10
26.057298772169165
 20
162.0
 10
26.057298772169165
 20
161.40654843110505
  0
LWPOLYLINE
  5
A0
330
17
100
AcDbEntity
  8
TEXT
100
AcDbPolyline
 90
7
 70
0
 10
30.044338335607094
 20
157.0
 10
26.916780354706685
 20
157.0
 10
26.916780354706685
 20
162.0
 10
27.57844474761255
 20
162.0
 10
27.57844474761255
 20
157.59345156889495
 10
30.044338335607094
 20
157.59345156889495
 10
30.044338335607094
 20
157.0
  0
LWPOLYLINE
  5
A1
330
17
100
AcDbEntity
  8
TEXT
100
AcDbPolyline
 90
9
 70
0
 10
34.94201909959072
 20
157.0
 10
34.19508867667121
 20
157.0
 10
33.608458390177354
 20
158.52114597544337
 10
31.521145975443382
 20
158.52114597544337
 10
30.968622100954978
 20
157.0
 10
30.26944065484311
 20
157.0
 10
32.18963165075034
 20
162.0
 10
32.90245566166439
 20
162.0
 10
34.94201909959072
 20
157.0
  0
LWPOLYLINE
  5
A2
330
17
100
AcDbEntity
  8
TEXT
100
AcDbPolyline
 90
20
 70
0
 10
33.40723055934515
 20
159.0463847203274
 10
33.262118434515685
 20
159.43032166609822
 10
33.133739768076396
 20
159.77039989768076
 10
33.022094560027284
 20
160.06661941507502
 10
32.92718281036835
 20
160.31898021828104
 10
32.84900451909959
 20
160.52748230729878
 10
32.78755968622101
 20
160.69212568212825
 10
32.7428483117326
 20
160.81291034276944
 10
32.71487039563438
 20
160.8898362892224
 10
32.67458219645293
 20
161.00910214870396
 10
32.63216234652114
 20
161.1469133697135
 10
32.587610845839016
 20
161.30326995225101
 10
32.54092769440655
 20
161.4781718963165
 10
32.52387448840382
 20
161.4781718963165
 10
32.47207537517053
 20
161.23047407912688
 10
32.41217598908595
 20
160.99215552523873
 10
32.34417633015007
 20
160.7632162346521
 10
32.26807639836289
 20
160.54365620736698
 10
31.708731241473394
 20
159.0463847203274
 10
33.40723055934515
 20
159.0463847203274
  0
LWPOLYLINE
  5
A3
330
17
100
AcDbEntity
  8
TEXT
100
AcDbPolyline
 90
9
 70
0
 10
39.04843110504775
 20
161.40654843110505
 10
37.394270122783084
 20
161.40654843110505
 10
37.394270122783084
 20
157.0
 10
36.72919508867667
 20
157.0
 10
36.72919508867667
 20
161.40654843110505
 10
35.08867667121419
 20
161.40654843110505
 10
35.08867667121419
 20
162.0
 10
39.04843110504775
 20
162.0
 10
39.04843110504775
 20
161.40654843110505
  0
LWPOLYLINE
  5
A4
330
17
100
AcDbEntity
  8
TEXT
100
AcDbPolyline
 90
5
 70
0
 10
42.73533424283765
 20
156.1268758526603
 10
39.160982264665755
 20
156.1268758526603
 10
39.160982264665755
 20
156.47476125511596
 10
42.73533424283765
 20
156.47476125511596
 10
42.73533424283765
 20
156.1268758526603
  0
LWPOLYLINE
  5
A5
330
17
100
AcDbEntity
  8
TEXT
100
AcDbPolyline
 90
34
 70
0
 10
43.23328785811732
 20
162.0
 10
45.1193724420191
 20
162.0
 10
45.3349889154161
 20
161.99722885402457
 10
45.53504433833561
 20
161.98891541609822
 10
45.71953871077763
 20
161.97505968622102
 10
45.88847203274216
 20
161.9556616643929
 10
46.04674710095498
 20
161.92464614597543
 10
46.199266712141885
 20
161.87593792633015
 10
46.34603086630286
 20
161.80953700545703
 10
46.487039563437925
 20
161.72544338335607
 10
46.61675051159618
 20
161.62418997271487
 10
46.72962141882674
 20
161.50630968622102
 10
46.8256522851296
 20
161.3718025238745
 10
46.90484311050477
 20
161.2206684856753
 10
46.96676756480218
 20
161.059409106412
 10
47.010999317871764
 20
160.89452592087312
 10
47.03753836971351
 20
160.72601892905868
 10
47.046384720327424
 20
160.55388813096863
 10
47.01856667803547
 20
160.22486783765348
 10
46.93511255115962
 20
159.93016712141883
 10
46.79602233969986
 20
159.66978598226467
 10
46.601296043656205
 20
159.443724420191
 10
46.481630499658934
 20
159.3458017138472
 10
46.34517820600273
 20
159.26093536834924
 10
46.19193916268758
 20
159.18912538369713
 10
46.0219133697135
 20
159.13037175989086
 10
45.83510082708049
 20
159.0846744969304
 10
45.63150153478854
 20
159.0520335948158
 10
45.41111549283765
 20
159.03244905354705
 10
45.17394270122783
 20
159.02592087312414
 10
43.89495225102319
 20
159.02592087312414
 10
43.89495225102319
 20
157.0
 10
43.23328785811732
 20
157.0
 10
43.23328785811732
 20
162.0
  0
LWPOLYLINE
  5
A6
330
17
100
AcDbEntity
  8
TEXT
100
AcDbPolyline
 90
24
 70
0
 10
43.89495225102319
 20
159.6193724420191
 10
45.18076398362892
 20
159.6193724420191
 10
45.45734566848567
 20
159.6336545020464
 10
45.69704979536153
 20
159.67650068212825
 10
45.89987636425648
 20
159.74791098226467
 10
46.06582537517053
 20
159.8478854024557
 10
46.19489682810368
 20
159.97642394270125
 10
46.28709072305593
 20
160.13352660300137
 10
46.342407060027284
 20
160.3191933833561
 10
46.360845839017735
 20
160.53342428376536
 10
46.3512534106412
 20
160.67912261255117
 10
46.3224761255116
 20
160.81608117326059
 10
46.27451398362892
 20
160.94429996589358
 10
46.20736698499318
 20
161.0637789904502
 10
46.1262576739427
 20
161.16801671214188
 10
46.036408594815825
 20
161.25051159618008
 10
45.93781974761255
 20
161.3112636425648
 10
45.83049113233288
 20
161.35027285129604
 10
45.70525665075034
 20
161.3748934174625
 10
45.55295020463847
 20
161.3924795361528
 10
45.37357179399727
 20
161.40303120736698
 10
45.16712141882674
 20
161.40654843110505
 10
43.89495225102319
 20
161.40654843110505
 10
43.89495225102319
 20
159.6193724420191
  0
LWPOLYLINE
  5
A7
330
17
100
AcDbEntity
  8
TEXT
100
AcDbPolyline
 90
7
 70
0
 10
51.006139154160984
 20
157.0
 10
47.87858117326057
 20
157.0
 10
47.87858117326057
 20
162.0
 10
48.54024556616644
 20
162.0
 10
48.54024556616644
 20
157.59345156889495
 10
51.006139154160984
 20
157.59345156889495
 10
51.006139154160984
 20
157.0
  0
LWPOLYLINE
  5
A8
330
17
100
AcDbEntity
  8
TEXT
100
AcDbPolyline
 90
9
 70
0
 10
55.90381991814461
 20
157.0
 10
55.1568894952251
 20
157.0
 10
54.570259208731244
 20
158.52114597544337
 10
52.48294679399727
 20
158.52114597544337
 10
51.93042291950887
 20
157.0
 10
51.231241473397
 20
157.0
 10
53.15143246930423
 20
162.0
 10
53.86425648021828
 20
162.0
 10
55.90381991814461
 20
157.0
  0
LWPOLYLINE
  5
A9
330
17
100
AcDbEntity
  8
TEXT
100
AcDbPolyline
 90
20
 70
0
 10
54.36903137789905
 20
159.0463847203274
 10
54.22391925306958
 20
159.43032166609822
 10
54.095540586630285
 20
159.77039989768076
 10
53.983895378581174
 20
160.06661941507502
 10
53.88898362892224
 20
160.31898021828104
 10
53.81080533765348
 20
160.52748230729878
 10
53.7493605047749
 20
160.69212568212825
 10
53.70464913028649
 20
160.81291034276944
 10
53.67667121418827
 20
160.8898362892224
 10
53.63638301500682
 20
161.00910214870396
 10
53.59396316507504
 20
161.1469133697135
 10
53.549411664392906
 20
161.30326995225101
 10
53.50272851296044
 20
161.4781718963165
 10
53.48567530695771
 20
161.4781718963165
 10
53.43387619372442
 20
161.23047407912688
 10
53.373976807639835
 20
160.99215552523873
 10
53.30597714870396
 20
160.7632162346521
 10
53.22987721691678
 20
160.54365620736698
 10
52.670532060027284
 20
159.0463847203274
 10
54.36903137789905
 20
159.0463847203274
  0
LWPOLYLINE
  5
AA
330
17
100
AcDbEntity
  8
TEXT
100
AcDbPolyline
 90
9
 70
0
 10
60.01023192360164
 20
161.40654843110505
 10
58.356070941336974
 20
161.40654843110505
 10
58.356070941336974
 20
157.0
 10
57.69099590723056
 20
157.0
 10
57.69099590723056
 20
161.40654843110505
 10
56.05047748976808
 20
161.40654843110505
 10
56.05047748976808
 20
162.0
 10
60.01023192360164
 20
162.0
 10
60.01023192360164
 20
161.40654843110505
  0
LWPOLYLINE
  5
AB
330
17
100
AcDbEntity
  8
TEXT
100
AcDbPolyline
 90
13
 70
0
 10
64.45088676671215
 20
157.0
 10
60.71623465211459
 20
157.0
 10
60.71623465211459
 20
162.0
 10
64.33492496589359
 20
162.0
 10
64.33492496589359
 20
161.40654843110505
 10
61.37789904502046
 20
161.40654843110505
 10
61.37789904502046
 20
159.87858117326059
 10
64.14392905866303
 20
159.87858117326059
 10
64.14392905866303
 20
159.2851296043656
 10
61.37789904502046
 20
159.2851296043656
 10
61.37789904502046
 20
157.59345156889495
 10
64.45088676671215
 20
157.59345156889495
 10
64.45088676671215
 20
157.0
  0
LWPOLYLINE
  5
AD
330
17
100
AcDbEntity
  8
TEXT
100
AcDbPolyline
 90
25
 70
0
 10
5.286493860845839
 20
148.0
 10
4.65893587994543
 20
148.0
 10
4.65893587994543
 20
152.18485675306957
 10
4.645293315143247
 20
152.18485675306957
 10
3.2060027285129604
 20
148.0
 10
2.6125511596180084
 20
148.0
 10
1.180081855388813
 20
152.25306957708048
 10
1.159618008185539
 20
152.25306957708048
 10
1.159618008185539
 20
148.0
 10
0.5320600272851296
 20
148.0
 10
0.5320600272851296
 20
153.0
 10
1.5211459754433834
 20
153.0
 10
2.7046384720327423
 20
149.45975443383355
 10
2.7931019781718964
 20
149.19223226466576
 10
2.860675306957708
 20
148.97970668485675
 10
2.9073584583901773
 20
148.82217769440655
 10
2.9331514324693044
 20
148.71964529331515
 10
2.946793997271487
 20
148.71964529331515
 10
2.997953615279673
 20
148.87845327421556
 10
3.059345156889495
 20
149.0649727148704
 10
3.130968622100955
 20
149.27920361527967
 10
3.212824010914052
 20
149.52114597544337
 10
4.406548431105048
 20
153.0
 10
5.286493860845839
 20
153.0
 10
5.286493860845839
 20
148.0
  0
LWPOLYLINE
  5
AE
330
17
100
AcDbEntity
  8
TEXT
100
AcDbPolyline
 90
9
 70
0
 10
10.48431105047749
 20
148.0
 10
9.73738062755798
 20
148.0
 10
9.15075034106412
 20
149.52114597544337
 10
7.06343792633015
 20
149.52114597544337
 10
6.5109140518417465
 20
148.0
 10
5.811732605729877
 20
148.0
 10
7.731923601637107
 20
153.0
 10
8.44474761255116
 20
153.0
 10
10.48431105047749
 20
148.0
  0
LWPOLYLINE
  5
AF
330
17
100
AcDbEntity
  8
TEXT
100
AcDbPolyline
 90
20
 70
0
 10
8.949522510231922
 20
150.0463847203274
 10
8.804410385402454
 20
150.43032166609822
 10
8.676031718963165
 20
150.77039989768076
 10
8.564386510914051
 20
151.06661941507502
 10
8.469474761255114
 20
151.31898021828104
 10
8.391296469986356
 20
151.52748230729878
 10
8.329851637107776
 20
151.69212568212825
 10
8.285140262619372
 20
151.81291034276944
 10
8.257162346521145
 20
151.8898362892224
 10
8.216874147339698
 20
152.00910214870396
 10
8.174454297407912
 20
152.1469133697135
 10
8.129902796725784
 20
152.30326995225101
 10
8.083219645293315
 20
152.4781718963165
 10
8.066166439290587
 20
152.4781718963165
 10
8.014367326057299
 20
152.23047407912688
 10
7.954467939972715
 20
151.99215552523873
 10
7.886468281036835
 20
151.7632162346521
 10
7.810368349249659
 20
151.54365620736698
 10
7.251023192360163
 20
150.0463847203274
 10
8.949522510231922
 20
150.0463847203274
  0
LWPOLYLINE
  5
B0
330
17
100
AcDbEntity
  8
TEXT
100
AcDbPolyline
 90
9
 70
0
 10
14.590723055934516
 20
152.40654843110505
 10
12.936562073669851
 20
152.40654843110505
 10
12.936562073669851
 20
148.0
 10
12.27148703956344
 20
148.0
 10
12.27148703956344
 20
152.40654843110505
 10
10.630968622100955
 20
152.40654843110505
 10
10.630968622100955
 20
153.0
 10
14.590723055934516
 20
153.0
 10
14.590723055934516
 20
152.40654843110505
  0
LWPOLYLINE
  5
B1
330
17
100
AcDbEntity
  8
TEXT
100
AcDbPolyline
 90
13
 70
0
 10
19.031377899045022
 20
148.0
 10
15.296725784447478
 20
148.0
 10
15.296725784447478
 20
153.0
 10
18.91541609822647
 20
153.0
 10
18.91541609822647
 20
152.40654843110505
 10
15.958390177353344
 20
152.40654843110505
 10
15.958390177353344
 20
150.87858117326059
 10
18.724420190995907
 20
150.87858117326059
 10
18.724420190995907
 20
150.2851296043656
 10
15.958390177353344
 20
150.2851296043656
 10
15.958390177353344
 20
148.59345156889495
 10
19.031377899045022
 20
148.59345156889495
 10
19.031377899045022
 20
148.0
  0
LWPOLYLINE
  5
B2
330
17
100
AcDbEntity
  8
TEXT
100
AcDbPolyline
 90
57
 70
0
 10
24.36903137789905
 20
148.0
 10
23.5368349249659
 20
148.0
 10
23.358948669849937
 20
148.28079169508868
 10
23.198755115961806
 20
148.5331258526603
 10
23.056254263301504
 20
148.75700247271487
 10
22.931446111869036
 20
148.95242155525239
 10
22.824330661664398
 20
149.11938310027284
 10
22.73490791268759
 20
149.25788710777627
 10
22.66317786493861
 20
149.3679335777626
 10
22.609140518417465
 20
149.44952251023193
 10
22.517586118690318
 20
149.5794466234652
 10
22.423686903137792
 20
149.69977830832195
 10
22.327442871759892
 20
149.81051756480218
 10
22.228854024556618
 20
149.91166439290586
 10
22.130584924965895
 20
149.99916865620736
 10
22.03530013642565
 20
150.06898021828104
 10
21.942999658935882
 20
150.12109907912688
 10
21.853683492496593
 20
150.15552523874487
 10
21.7587184515689
 20
150.17790757162345
 10
21.64947135061392
 20
150.19389495225101
 10
21.525942189631653
 20
150.20348738062756
 10
21.388130968622104
 20
150.20668485675307
 10
20.624147339699867
 20
150.20668485675307
 10
20.624147339699867
 20
148.0
 10
19.962482946794
 20
148.0
 10
19.962482946794
 20
153.0
 10
22.17598908594816
 20
153.0
 10
22.393630627557982
 20
152.99637619372442
 10
22.592939972714873
 20
152.98550477489766
 10
22.77391712141883
 20
152.96738574351977
 10
22.936562073669855
 20
152.9420190995907
 10
23.08535129604366
 20
152.9050349590723
 10
23.224761255115965
 20
152.85206343792632
 10
23.35479195088677
 20
152.7831045361528
 10
23.475443383356073
 20
152.6981582537517
 10
23.584690484311054
 20
152.59914307639835
 10
23.680508185538883
 20
152.48797748976807
 10
23.762896487039566
 20
152.36466149386084
 10
23.8318553888131
 20
152.22919508867668
 10
23.886319065484315
 20
152.0857349931787
 10
23.92522169167804
 20
151.93843792633015
 10
23.948563267394274
 20
151.78730388813096
 10
23.956343792633017
 20
151.63233287858117
 10
23.933961459754435
 20
151.3631053888131
 10
23.866814461118693
 20
151.12158935879944
 10
23.754902796725787
 20
150.90778478854025
 10
23.59822646657572
 20
150.72169167803548
 10
23.398703956343795
 20
150.56522851296043
 10
23.158253751705324
 20
150.44031377899046
 10
22.876875852660305
 20
150.3469474761255
 10
22.554570259208734
 20
150.2851296043656
 10
22.554570259208734
 20
150.27148703956343
 10
22.80141541609823
 20
150.131437585266
 10
23.040586630286498
 20
149.9329809004093
 10
23.272083901773534
 20
149.67611698499317
 10
23.495907230559347
 20
149.36084583901774
 10
24.36903137789905
 20
148.0
  0
LWPOLYLINE
  5
B3
330
17
100
AcDbEntity
  8
TEXT
100
AcDbPolyline
 90
24
 70
0
 10
20.624147339699867
 20
150.80013642564802
 10
22.04297407912688
 20
150.80013642564802
 10
22.246653308321967
 20
150.80471947476124
 10
22.427950204638474
 20
150.81846862210097
 10
22.586864768076403
 20
150.8413838676671
 10
22.723396998635746
 20
150.87346521145975
 10
22.842449693042294
 20
150.9187627899045
 10
22.94892564802183
 20
150.981326739427
 10
23.042824863574356
 20
151.06115706002728
 10
23.124147339699867
 20
151.15825375170533
 10
23.18980218281037
 20
151.26718110504777
 10
23.236698499317875
 20
151.38250341064122
 10
23.264836289222377
 20
151.5042206684857
 10
23.274215552523877
 20
151.63233287858117
 10
23.258654502046387
 20
151.79646998635744
 10
23.21197135061392
 20
151.94781718963165
 10
23.13416609822647
 20
152.0863744884038
 10
23.025238744884042
 20
152.21214188267393
 10
22.880499658935882
 20
152.31659276944063
 10
22.695259208731244
 20
152.3912005457026
 10
22.469517394270124
 20
152.43596521145975
 10
22.203274215552526
 20
152.45088676671213
 10
20.624147339699867
 20
152.45088676671213
 10
20.624147339699867
 20
150.80013642564802
  0
LWPOLYLINE
  5
B4
330
17
100
AcDbEntity
  8
TEXT
100
AcDbPolyline
 90
5
 70
0
 10
25.753751705320603
 20
148.0
 10
25.08867667121419
 20
148.0
 10
25.08867667121419
 20
153.0
 10
25.753751705320603
 20
153.0
 10
25.753751705320603
 20
148.0
  0
LWPOLYLINE
  5
B5
330
17
100
AcDbEntity
  8
TEXT
100
AcDbPolyline
 90
9
 70
0
 10
31.053888130968623
 20
148.0
 10
30.306957708049115
 20
148.0
 10
29.720327421555254
 20
149.52114597544337
 10
27.633015006821285
 20
149.52114597544337
 10
27.08049113233288
 20
148.0
 10
26.381309686221012
 20
148.0
 10
28.301500682128243
 20
153.0
 10
29.014324693042294
 20
153.0
 10
31.053888130968623
 20
148.0
  0
LWPOLYLINE
  5
B6
330
17
100
AcDbEntity
  8
TEXT
100
AcDbPolyline
 90
20
 70
0
 10
29.51909959072306
 20
150.0463847203274
 10
29.37398746589359
 20
150.43032166609822
 10
29.2456087994543
 20
150.77039989768076
 10
29.133963591405188
 20
151.06661941507502
 10
29.03905184174625
 20
151.31898021828104
 10
28.960873550477494
 20
151.52748230729878
 10
28.899428717598912
 20
151.69212568212825
 10
28.854717343110508
 20
151.81291034276944
 10
28.82673942701228
 20
151.8898362892224
 10
28.786451227830835
 20
152.00910214870396
 10
28.74403137789905
 20
152.1469133697135
 10
28.69947987721692
 20
152.30326995225101
 10
28.65279672578445
 20
152.4781718963165
 10
28.635743519781723
 20
152.4781718963165
 10
28.583944406548433
 20
152.23047407912688
 10
28.52404502046385
 20
151.99215552523873
 10
28.45604536152797
 20
151.7632162346521
 10
28.379945429740793
 20
151.54365620736698
 10
27.820600272851298
 20
150.0463847203274
 10
29.51909959072306
 20
150.0463847203274
  0
LWPOLYLINE
  5
B7
330
17
100
AcDbEntity
  8
TEXT
100
AcDbPolyline
 90
7
 70
0
 10
34.69986357435198
 20
148.0
 10
31.57230559345157
 20
148.0
 10
31.57230559345157
 20
153.0
 10
32.23396998635744
 20
153.0
 10
32.23396998635744
 20
148.59345156889495
 10
34.69986357435198
 20
148.59345156889495
 10
34.69986357435198
 20
148.0
  0
LWPOLYLINE
  5
B8
330
17
100
AcDbEntity
  8
TEXT
100
AcDbPolyline
 90
5
 70
0
 10
36.258526603001364
 20
150.91950886766713
 10
35.55934515688949
 20
150.91950886766713
 10
35.55934515688949
 20
151.61869031377898
 10
36.258526603001364
 20
151.61869031377898
 10
36.258526603001364
 20
150.91950886766713
  0
LWPOLYLINE
  5
B9
330
17
100
AcDbEntity
  8
TEXT
100
AcDbPolyline
 90
5
 70
0
 10
36.258526603001364
 20
148.0
 10
35.55934515688949
 20
148.0
 10
35.55934515688949
 20
148.69918144611188
 10
36.258526603001364
 20
148.69918144611188
 10
36.258526603001364
 20
148.0
  0
LWPOLYLINE
  5
BA
330
17
100
AcDbEntity
  8
TEXT
100
AcDbPolyline
 90
9
 70
0
 10
43.478854024556625
 20
148.0
 10
42.731923601637114
 20
148.0
 10
42.145293315143256
 20
149.52114597544337
 10
40.057980900409284
 20
149.52114597544337
 10
39.50545702592088
 20
148.0
 10
38.80627557980901
 20
148.0
 10
40.726466575716245
 20
153.0
 10
41.43929058663029
 20
153.0
 10
43.478854024556625
 20
148.0
  0
LWPOLYLINE
  5
BB
330
17
100
AcDbEntity
  8
TEXT
100
AcDbPolyline
 90
20
 70
0
 10
41.944065484311054
 20
150.0463847203274
 10
41.79895335948159
 20
150.43032166609822
 10
41.6705746930423
 20
150.77039989768076
 10
41.558929484993186
 20
151.06661941507502
 10
41.46401773533425
 20
151.31898021828104
 10
41.38583944406549
 20
151.52748230729878
 10
41.32439461118691
 20
151.69212568212825
 10
41.2796832366985
 20
151.81291034276944
 10
41.25170532060028
 20
151.8898362892224
 10
41.21141712141883
 20
152.00910214870396
 10
41.168997271487044
 20
152.1469133697135
 10
41.12444577080492
 20
152.30326995225101
 10
41.07776261937245
 20
152.4781718963165
 10
41.06070941336972
 20
152.4781718963165
 10
41.008910300136435
 20
152.23047407912688
 10
40.949010914051854
 20
151.99215552523873
 10
40.88101125511597
 20
151.7632162346521
 10
40.804911323328795
 20
151.54365620736698
 10
40.245566166439296
 20
150.0463847203274
 10
41.944065484311054
 20
150.0463847203274
  0
LWPOLYLINE
  5
BC
330
17
100
AcDbEntity
  8
TEXT
100
AcDbPolyline
 90
5
 70
0
 10
44.55320600272852
 20
148.0
 10
43.93929058663029
 20
148.0
 10
43.93929058663029
 20
153.0
 10
44.55320600272852
 20
153.0
 10
44.55320600272852
 20
148.0
  0
LWPOLYLINE
  5
BD
330
17
100
AcDbEntity
  8
TEXT
100
AcDbPolyline
 90
50
 70
0
 10
48.424283765347894
 20
148.0
 10
47.87517053206003
 20
148.0
 10
47.87517053206003
 20
148.53206002728513
 10
47.858117326057304
 20
148.53206002728513
 10
47.74934984652115
 20
148.38737423260574
 10
47.631096521145984
 20
148.2619798772169
 10
47.5033573499318
 20
148.15587696111868
 10
47.366132332878585
 20
148.06906548431104
 10
47.219421469986365
 20
148.00154544679398
 10
47.06322476125512
 20
147.9533168485675
 10
46.89754220668486
 20
147.92437968963165
 10
46.722373806275584
 20
147.91473396998634
 10
46.536600443383364
 20
147.9257119713506
 10
46.357861527967266
 20
147.95864597544337
 10
46.18615706002729
 20
148.01353598226467
 10
46.021487039563446
 20
148.09038199181447
 10
45.87376364256481
 20
148.18651944065485
 10
45.75289904502047
 20
148.2992837653479
 10
45.65889324693043
 20
148.42867496589358
 10
45.59174624829468
 20
148.57469304229195
 10
45.544743349249664
 20
148.74042888813096
 10
45.51116984993179
 20
148.92897339699863
 10
45.491025750341066
 20
149.14032656889495
 10
45.484311050477494
 20
149.37448840381992
 10
45.484311050477494
 20
151.61869031377898
 10
46.098226466575724
 20
151.61869031377898
 10
46.098226466575724
 20
149.61323328785812
 10
46.10110419508869
 20
149.3898362892224
 10
46.109737380627564
 20
149.20054570259208
 10
46.12412602319237
 20
149.04536152796726
 10
46.14427012278309
 20
148.9242837653479
 10
46.176564631650756
 20
148.82484225784447
 10
46.22740450204639
 20
148.73456684856754
 10
46.296789733969995
 20
148.65345753751706
 10
46.38472032742156
 20
148.58151432469305
 10
46.48661323328786
 20
148.52257418144612
 10
46.59788540245567
 20
148.48047407912688
 10
46.71853683492497
 20
148.45521401773536
 10
46.848567530695775
 20
148.4467939972715
 10
47.0199522510232
 20
148.4618221350614
 10
47.186221009549804
 20
148.50690654843112
 10
47.347373806275584
 20
148.58204723738064
 10
47.50341064120055
 20
148.68724420190995
 10
47.63770463847204
 20
148.83976381309685
 10
47.733628922237386
 20
149.05687244201908
 10
47.79118349249659
 20
149.33857008867668
 10
47.810368349249664
 20
149.68485675306957
 10
47.810368349249664
 20
151.61869031377898
 10
48.424283765347894
 20
151.61869031377898
 10
48.424283765347894
 20
148.0
  0
LWPOLYLINE
  5
BE
330
17
100
AcDbEntity
  8
TEXT
100
AcDbPolyline
 90
81
 70
0
 10
54.28035470668486
 20
148.0
 10
53.66643929058664
 20
148.0
 10
53.66643929058664
 20
150.2851296043656
 10
53.664307639836295
 20
150.4067402796726
 10
53.657912687585274
 20
150.51918485675307
 10
53.64725443383357
 20
150.6224633356071
 10
53.63233287858118
 20
150.71657571623464
 10
53.60856497271488
 20
150.80354706684855
 10
53.57136766712143
 20
150.88540245566168
 10
53.520740961800826
 20
150.96214188267393
 10
53.45668485675308
 20
151.0337653478854
 10
53.376001875852666
 20
151.0941976466576
 10
53.27549454297409
 20
151.13736357435198
 10
53.155162858117336
 20
151.16326313096863
 10
53.015006821282405
 20
151.1718963165075
 10
52.840424624829474
 20
151.156122100955
 10
52.678206002728516
 20
151.1087994542974
 10
52.528350954979544
 20
151.0299283765348
 10
52.390859481582545
 20
150.91950886766713
 10
52.27596350613916
 20
150.7737039563438
 10
52.19389495225103
 20
150.5886766712142
 10
52.144653819918155
 20
150.3644270122783
 10
52.12824010914053
 20
150.10095497953614
 10
52.12824010914053
 20
148.0
 10
51.5143246930423
 20
148.0
 10
51.5143246930423
 20
150.35334242837652
 10
51.50398618690314
 20
150.57013130968622
 10
51.47297066848568
 20
150.74982946793997
 10
51.42127813778991
 20
150.8924369031378
 10
51.34890859481583
 20
150.99795361527967
 10
51.25756736016372
 20
151.07405354706685
 10
51.14895975443384
 20
151.12841064120056
 10
51.0230857776262
 20
151.16102489768076
 10
50.8799454297408
 20
151.1718963165075
 10
50.690974590723066
 20
151.15484311050477
 10
50.51969645293316
 20
151.1036834924966
 10
50.366111016371086
 20
151.01841746248294
 10
50.23021828103684
 20
150.89904502046386
 10
50.119052694406555
 20
150.73298942701228
 10
50.03964870395635
 20
150.50767394270125
 10
49.992006309686225
 20
150.2230985675307
 10
49.97612551159619
 20
149.87926330150069
 10
49.97612551159619
 20
148.0
 10
49.36221009549796
 20
148.0
 10
49.36221009549796
 20
151.61869031377898
 10
49.914733969986365
 20
151.61869031377898
 10
49.914733969986365
 20
151.11391541609822
 10
49.92837653478855
 20
151.11391541609822
 10
50.025846265347894
 20
151.25140688949523
 10
50.13408083219646
 20
151.3705661664393
 10
50.25308023533425
 20
151.4713932469304
 10
50.382844474761264
 20
151.55388813096863
 10
50.523373550477494
 20
151.61805081855388
 10
50.67466746248295
 20
151.66388130968622
 10
50.836726210777634
 20
151.6913796043656
 10
51.009549795361536
 20
151.70054570259208
 10
51.200225954979544
 20
151.690633526603
 10
51.37320941336972
 20
151.66089699863574
 10
51.52850017053206
 20
151.6113361186903
 10
51.66609822646658
 20
151.5419508867667
 10
51.78600358117326
 20
151.45274130286492
 10
51.88821623465212
 20
151.343707366985
 10
51.97273618690314
 20
151.21484907912688
 10
52.03956343792633
 20
151.06616643929058
 10
52.14502685879946
 20
151.21484907912688
 10
52.26018929058664
 20
151.343707366985
 10
52.38505073328786
 20
151.45274130286492
 10
52.51961118690314
 20
151.5419508867667
 10
52.663870651432475
 20
151.6113361186903
 10
52.81782912687586
 20
151.66089699863574
 10
52.981486613233294
 20
151.690633526603
 10
53.15484311050478
 20
151.70054570259208
 10
53.41863489085949
 20
151.68157401091403
 10
53.64725443383357
 20
151.62465893587995
 10
53.84070173942702
 20
151.52980047748977
 10
53.99897680763984
 20
151.39699863574353
 10
54.12207963847204
 20
151.2262534106412
 10
54.210010231923604
 20
151.01756480218282
 10
54.26276858799455
 20
150.77093281036835
 10
54.28035470668486
 20
150.48635743519782
 10
54.28035470668486
 20
148.0
  0
LWPOLYLINE
  5
BF
330
17
100
AcDbEntity
  8
TEXT
100
AcDbPolyline
 90
5
 70
0
 10
55.80832196452934
 20
148.0
 10
55.19440654843111
 20
148.0
 10
55.19440654843111
 20
151.61869031377898
 10
55.80832196452934
 20
151.61869031377898
 10
55.80832196452934
 20
148.0
  0
LWPOLYLINE
  5
C0
330
17
100
AcDbEntity
  8
TEXT
100
AcDbPolyline
 90
5
 70
0
 10
55.80832196452934
 20
152.30422919508868
 10
55.19440654843111
 20
152.30422919508868
 10
55.19440654843111
 20
153.0
 10
55.80832196452934
 20
153.0
 10
55.80832196452934
 20
152.30422919508868
  0
LWPOLYLINE
  5
C1
330
17
100
AcDbEntity
  8
TEXT
100
AcDbPolyline
 90
54
 70
0
 10
59.70327421555253
 20
148.0
 10
59.08594815825376
 20
148.0
 10
59.08594815825376
 20
150.19986357435198
 10
59.073478001364265
 20
150.45608799454297
 10
59.036067530695775
 20
150.668826739427
 10
58.9737167462483
 20
150.83807980900409
 10
58.886425648021834
 20
150.9638472032742
 10
58.77696538199182
 20
151.05486869031378
 10
58.64810709413371
 20
151.1198840381992
 10
58.49985078444748
 20
151.15889324693043
 10
58.33219645293316
 20
151.1718963165075
 10
58.19758270804912
 20
151.1635828785812
 10
58.06659276944066
 20
151.13864256480218
 10
57.93922663710778
 20
151.09707537517053
 10
57.81548431105048
 20
151.03888130968622
 10
57.70240023874489
 20
150.9655525238745
 10
57.607008867667126
 20
150.87858117326059
 10
57.529310197817196
 20
150.77796725784447
 10
57.469304229195096
 20
150.6637107776262
 10
57.42453956343793
 20
150.5300562755798
 10
57.39256480218282
 20
150.3712482946794
 10
57.37337994542975
 20
150.18728683492495
 10
57.366984993178725
 20
149.9781718963165
 10
57.366984993178725
 20
148.0
 10
56.753069577080495
 20
148.0
 10
56.753069577080495
 20
151.61869031377898
 10
57.3055934515689
 20
151.61869031377898
 10
57.3055934515689
 20
151.10709413369713
 10
57.319236016371086
 20
151.10709413369713
 10
57.42208816507504
 20
151.2461843451569
 10
57.53623806275581
 20
151.36672919508868
 10
57.661685709413376
 20
151.4687286834925
 10
57.798431105047754
 20
151.55218281036835
 10
57.94647424965894
 20
151.61709157571624
 10
58.105815143246936
 20
151.66345497953614
 10
58.27645378581174
 20
151.6912730218281
 10
58.45839017735335
 20
151.70054570259208
 10
58.6012107776262
 20
151.69415075034107
 10
58.743178717598916
 20
151.674965893588
 10
58.88429399727149
 20
151.64299113233287
 10
59.024556616643935
 20
151.5982264665757
 10
59.156825545702596
 20
151.5406718963165
 10
59.27395975443384
 20
151.47032742155525
 10
59.37595924283766
 20
151.38719304229195
 10
59.46282401091406
 20
151.2912687585266
 10
59.53476722373807
 20
151.18724420190995
 10
59.59200204638473
 20
151.07980900409277
 10
59.63452847885404
 20
150.96896316507502
 10
59.662346521145984
 20
150.85470668485675
 10
59.680252387448846
 20
150.72851296043655
 10
59.693042291950896
 20
150.5818553888131
 10
59.70071623465212
 20
150.41473396998634
 10
59.70327421555253
 20
150.22714870395635
 10
59.70327421555253
 20
148.0
  0
LWPOLYLINE
  5
C2
330
17
100
AcDbEntity
  8
TEXT
100
AcDbPolyline
 90
5
 70
0
 10
61.24488403819919
 20
148.0
 10
60.63096862210096
 20
148.0
 10
60.63096862210096
 20
151.61869031377898
 10
61.24488403819919
 20
151.61869031377898
 10
61.24488403819919
 20
148.0
  0
LWPOLYLINE
  5
C3
330
17
100
AcDbEntity
  8
TEXT
100
AcDbPolyline
 90
5
 70
0
 10
61.24488403819919
 20
152.30422919508868
 10
60.63096862210096
 20
152.30422919508868
 10
60.63096862210096
 20
153.0
 10
61.24488403819919
 20
153.0
 10
61.24488403819919
 20
152.30422919508868
  0
LWPOLYLINE
  5
C4
330
17
100
AcDbEntity
  8
TEXT
100
AcDbPolyline
 90
50
 70
0
 10
65.11596180081855
 20
148.0
 10
64.5668485675307
 20
148.0
 10
64.5668485675307
 20
148.53206002728513
 10
64.54979536152797
 20
148.53206002728513
 10
64.44102788199181
 20
148.38737423260574
 10
64.32277455661665
 20
148.2619798772169
 10
64.19503538540246
 20
148.15587696111868
 10
64.05781036834925
 20
148.06906548431104
 10
63.91109950545703
 20
148.00154544679398
 10
63.75490279672579
 20
147.9533168485675
 10
63.58922024215553
 20
147.92437968963165
 10
63.41405184174625
 20
147.91473396998634
 10
63.22827847885403
 20
147.9257119713506
 10
63.04953956343793
 20
147.95864597544337
 10
62.87783509549796
 20
148.01353598226467
 10
62.71316507503411
 20
148.09038199181447
 10
62.56544167803548
 20
148.18651944065485
 10
62.444577080491136
 20
148.2992837653479
 10
62.3505712824011
 20
148.42867496589358
 10
62.28342428376535
 20
148.57469304229195
 10
62.23642138472033
 20
148.74042888813096
 10
62.202847885402456
 20
148.92897339699863
 10
62.18270378581173
 20
149.14032656889495
 10
62.17598908594816
 20
149.37448840381992
 10
62.17598908594816
 20
151.61869031377898
 10
62.78990450204639
 20
151.61869031377898
 10
62.78990450204639
 20
149.61323328785812
 10
62.792782230559354
 20
149.3898362892224
 10
62.80141541609823
 20
149.20054570259208
 10
62.81580405866303
 20
149.04536152796726
 10
62.83594815825376
 20
148.9242837653479
 10
62.86824266712142
 20
148.82484225784447
 10
62.919082537517056
 20
148.73456684856754
 10
62.98846776944066
 20
148.65345753751706
 10
63.07639836289223
 20
148.58151432469305
 10
63.17829126875853
 20
148.52257418144612
 10
63.28956343792633
 20
148.48047407912688
 10
63.410214870395635
 20
148.45521401773536
 10
63.54024556616644
 20
148.4467939972715
 10
63.711630286493865
 20
148.4618221350614
 10
63.87789904502047
 20
148.50690654843112
 10
64.03905184174626
 20
148.58204723738064
 10
64.19508867667122
 20
148.68724420190995
 10
64.3293826739427
 20
148.83976381309685
 10
64.42530695770805
 20
149.05687244201908
 10
64.48286152796726
 20
149.33857008867668
 10
64.50204638472033
 20
149.68485675306957
 10
64.50204638472033
 20
151.61869031377898
 10
65.11596180081855
 20
151.61869031377898
 10
65.11596180081855
 20
148.0
  0
LWPOLYLINE
  5
C5
330
17
100
AcDbEntity
  8
TEXT
100
AcDbPolyline
 90
81
 70
0
 10
70.97203274215553
 20
148.0
 10
70.35811732605731
 20
148.0
 10
70.35811732605731
 20
150.2851296043656
 10
70.35598567530697
 20
150.4067402796726
 10
70.34959072305594
 20
150.51918485675307
 10
70.33893246930424
 20
150.6224633356071
 10
70.32401091405185
 20
150.71657571623464
 10
70.30024300818555
 20
150.80354706684855
 10
70.2630457025921
 20
150.88540245566168
 10
70.2124189972715
 20
150.96214188267393
 10
70.14836289222374
 20
151.0337653478854
 10
70.06767991132334
 20
151.0941976466576
 10
69.96717257844476
 20
151.13736357435198
 10
69.84684089358801
 20
151.16326313096863
 10
69.70668485675309
 20
151.1718963165075
 10
69.53210266030015
 20
151.156122100955
 10
69.36988403819919
 20
151.1087994542974
 10
69.2200289904502
 20
151.0299283765348
 10
69.08253751705321
 20
150.91950886766713
 10
68.96764154160982
 20
150.7737039563438
 10
68.8855729877217
 20
150.5886766712142
 10
68.83633185538882
 20
150.3644270122783
 10
68.8199181446112
 20
150.10095497953614
 10
68.8199181446112
 20
148.0
 10
68.20600272851297
 20
148.0
 10
68.20600272851297
 20
150.35334242837652
 10
68.19566422237382
 20
150.57013130968622
 10
68.16464870395635
 20
150.74982946793997
 10
68.11295617326059
 20
150.8924369031378
 10
68.0405866302865
 20
150.99795361527967
 10
67.94924539563439
 20
151.07405354706685
 10
67.84063778990452
 20
151.12841064120056
 10
67.71476381309688
 20
151.16102489768076
 10
67.57162346521147
 20
151.1718963165075
 10
67.38265262619373
 20
151.15484311050477
 10
67.21137448840383
 20
151.1036834924966
 10
67.05778905184175
 20
151.01841746248294
 10
66.92189631650751
 20
150.89904502046386
 10
66.81073072987722
 20
150.73298942701228
 10
66.73132673942702
 20
150.50767394270125
 10
66.68368434515689
 20
150.2230985675307
 10
66.66780354706685
 20
149.87926330150069
 10
66.66780354706685
 20
148.0
 10
66.05388813096863
 20
148.0
 10
66.05388813096863
 20
151.61869031377898
 10
66.60641200545703
 20
151.61869031377898
 10
66.60641200545703
 20
151.11391541609822
 10
66.62005457025921
 20
151.11391541609822
 10
66.71752430081857
 20
151.25140688949523
 10
66.82575886766713
 20
151.3705661664393
 10
66.94475827080493
 20
151.4713932469304
 10
67.07452251023193
 20
151.55388813096863
 10
67.21505158594817
 20
151.61805081855388
 10
67.36634549795363
 20
151.66388130968622
 10
67.52840424624831
 20
151.6913796043656
 10
67.70122783083221
 20
151.70054570259208
 10
67.89190399045022
 20
151.690633526603
 10
68.0648874488404
 20
151.66089699863574
 10
68.22017820600274
 20
151.6113361186903
 10
68.35777626193726
 20
151.5419508867667
 10
68.47768161664393
 20
151.45274130286492
 10
68.5798942701228
 20
151.343707366985
 10
68.66441422237381
 20
151.21484907912688
 10
68.731241473397
 20
151.06616643929058
 10
68.83670489427013
 20
151.21484907912688
 10
68.95186732605731
 20
151.343707366985
 10
69.07672876875853
 20
151.45274130286492
 10
69.21128922237381
 20
151.5419508867667
 10
69.35554868690315
 20
151.6113361186903
 10
69.50950716234654
 20
151.66089699863574
 10
69.67316464870397
 20
151.690633526603
 10
69.84652114597546
 20
151.70054570259208
 10
70.11031292633017
 20
151.68157401091403
 10
70.33893246930424
 20
151.62465893587995
 10
70.53237977489769
 20
151.52980047748977
 10
70.69065484311052
 20
151.39699863574353
 10
70.81375767394272
 20
151.2262534106412
 10
70.90168826739428
 20
151.01756480218282
 10
70.95444662346522
 20
150.77093281036835
 10
70.97203274215553
 20
150.48635743519782
 10
70.97203274215553
 20
148.0
  0
LWPOLYLINE
  5
C6
330
17
100
AcDbEntity
  8
TEXT
100
AcDbPolyline
 90
64
 70
0
 10
74.46452933151433
 20
151.00477489768076
 10
74.69517394270123
 20
151.1420532060027
 10
74.93008185538882
 20
151.24010914051843
 10
75.1692530695771
 20
151.29894270122782
 10
75.41268758526604
 20
151.31855388813096
 10
75.71474249658937
 20
151.29094901091406
 10
75.9967598908595
 20
151.2081343792633
 10
76.25873976807641
 20
151.07010999317873
 10
76.50068212824011
 20
150.8768758526603
 10
76.70361527967259
 20
150.63759805593452
 10
76.84856753069577
 20
150.36144270122782
 10
76.9355388813097
 20
150.04840978854023
 10
76.96452933151433
 20
149.69849931787175
 10
76.93511255115962
 20
149.340701739427
 10
76.84686221009551
 20
149.01082878581173
 10
76.69977830832197
 20
148.7088804570259
 10
76.49386084583902
 20
148.43485675306957
 10
76.24019440654844
 20
148.20730303547066
 10
75.94986357435198
 20
148.04476466575716
 10
75.62286834924967
 20
147.94724164392903
 10
75.25920873124149
 20
147.91473396998634
 10
74.95758015006822
 20
147.93679655525239
 10
74.6768417462483
 20
148.00298431105045
 10
74.41699351978173
 20
148.11329723738064
 10
74.17803547066849
 20
148.26773533424284
 10
73.97382332878581
 20
148.46544594133698
 10
73.81821282401091
 20
148.7055763983629
 10
73.7112039563438
 20
148.9881267053206
 10
73.65279672578446
 20
149.3130968622101
 10
74.29399727148704
 20
149.36084583901774
 10
74.34430422919509
 20
149.13883441336972
 10
74.41678035470669
 20
148.9468792633015
 10
74.51142564802184
 20
148.7849803888131
 10
74.62824010914053
 20
148.6531377899045
 10
74.7635999317872
 20
148.55092513642563
 10
74.91388130968623
 20
148.47791609822647
 10
75.07908424283767
 20
148.43411067530695
 10
75.25920873124149
 20
148.41950886766713
 10
75.4817530695771
 20
148.44157145293318
 10
75.68212824010915
 20
148.50775920873124
 10
75.86033424283767
 20
148.6180721350614
 10
76.01637107776263
 20
148.7725102319236
 10
76.14320429740792
 20
148.95913625511596
 10
76.23379945429741
 20
149.16601296043655
 10
76.28815654843112
 20
149.3931403478854
 10
76.30627557980901
 20
149.6405184174625
 10
76.28773021828104
 20
149.88928206002728
 10
76.23209413369715
 20
150.11033424283767
 10
76.13936732605731
 20
150.30367496589358
 10
76.00954979536154
 20
150.46930422919507
 10
75.85052864938609
 20
150.60210607094132
 10
75.67019099590723
 20
150.69696452933152
 10
75.46853683492498
 20
150.7538796043656
 10
75.2455661664393
 20
150.77285129604365
 10
74.96759890859482
 20
150.74279502046386
 10
74.72373806275581
 20
150.65262619372442
 10
74.51398362892225
 20
150.50234481582538
 10
74.33833560709414
 20
150.2919508867667
 10
73.75852660300137
 20
150.3601637107776
 10
74.2462482946794
 20
152.9317871759891
 10
76.72578444747613
 20
152.9317871759891
 10
76.72578444747613
 20
152.33833560709414
 10
74.73396998635745
 20
152.33833560709414
 10
74.46452933151433
 20
151.00477489768076
  0
LWPOLYLINE
  5
C7
330
17
100
AcDbEntity
  8
TEXT
100
AcDbPolyline
 90
65
 70
0
 10
79.1848567530696
 20
153.0238744884038
 10
79.38227425818556
 20
153.01388237551157
 10
79.56695515006822
 20
152.98390603683492
 10
79.73889942871762
 20
152.93394547237378
 10
79.8981070941337
 20
152.86400068212822
 10
80.04457814631652
 20
152.77407166609822
 10
80.17831258526604
 20
152.66415842428376
 10
80.29931041098227
 20
152.53426095668485
 10
80.40757162346523
 20
152.3843792633015
 10
80.50309622271489
 20
152.21451334413368
 10
80.58588420873126
 20
152.02466319918145
 10
80.65593558151434
 20
151.81482882844475
 10
80.71325034106412
 20
151.5850102319236
 10
80.75782848738064
 20
151.335207409618
 10
80.78967002046386
 20
151.06542036152797
 10
80.80877494031378
 20
150.77564908765348
 10
80.81514324693043
 20
150.46589358799454
 10
80.80856177523876
 20
150.15310048601637
 10
80.78881736016372
 20
149.86103768758525
 10
80.75591000170533
 20
149.58970519270122
 10
80.70983969986358
 20
149.33910300136426
 10
80.65060645463849
 20
149.10923111357434
 10
80.57821026603003
 20
148.9000895293315
 10
80.49265113403821
 20
148.71167824863574
 10
80.39392905866305
 20
148.54399727148703
 10
80.28289670020466
 20
148.39651368519782
 10
80.16040671896319
 20
148.26869457708048
 10
80.02645911493863
 20
148.16053994713505
 10
79.88105388813099
 20
148.07204979536152
 10
79.72419103854027
 20
148.00322412175987
 10
79.55587056616646
 20
147.95406292633012
 10
79.37609247100957
 20
147.92456620907228
 10
79.1848567530696
 20
147.91473396998634
 10
78.98785225528651
 20
147.9246994372442
 10
78.80355772510234
 20
147.9545958390177
 10
78.63197316251707
 20
148.00442317530695
 10
78.47309856753071
 20
148.07418144611185
 10
78.32693394014326
 20
148.16387065143246
 10
78.19347928035472
 20
148.27349079126876
 10
78.07273458816509
 20
148.40304186562074
 10
77.96469986357437
 20
148.5525238744884
 10
77.86937510658255
 20
148.72193681787175
 10
77.78676031718965
 20
148.91128069577078
 10
77.71685549539565
 20
149.12055550818553
 10
77.65966064120056
 20
149.34976125511596
 10
77.61517575460438
 20
149.59889793656208
 10
77.58340083560711
 20
149.86796555252388
 10
77.56433588420875
 20
150.15696410300137
 10
77.55798090040929
 20
150.46589358799454
 10
77.56456237210097
 20
150.77873998124147
 10
77.584306787176
 20
151.07096265347886
 10
77.61721414563439
 20
151.34256160470667
 10
77.66328444747614
 20
151.59353683492498
 10
77.72251769270125
 20
151.8238883441337
 10
77.7949138813097
 20
152.03361613233287
 10
77.88047301330151
 20
152.2227201995225
 10
77.97919508867669
 20
152.3912005457026
 10
78.09017415586632
 20
152.5394835010232
 10
78.21250426330151
 20
152.66799539563436
 10
78.34618541098227
 20
152.77673622953614
 10
78.4912175989086
 20
152.8657060027285
 10
78.64760082708051
 20
152.93490471521145
 10
78.81533509549797
 20
152.98433236698497
 10
78.994420404161
 20
153.0139889580491
 10
79.1848567530696
 20
153.0238744884038
  0
LWPOLYLINE
  5
C8
330
17
100
AcDbEntity
  8
TEXT
100
AcDbPolyline
 90
49
 70
0
 10
79.1848567530696
 20
148.41950886766713
 10
79.41699351978174
 20
148.44945856070942
 10
79.61886084583904
 20
148.5393076398363
 10
79.79045873124149
 20
148.68905610504774
 10
79.9317871759891
 20
148.89870395634378
 10
79.99094048431107
 20
149.02801521998634
 10
80.04220668485677
 20
149.1763514665757
 10
80.0855857776262
 20
149.34371269611185
 10
80.1210777626194
 20
149.53009890859482
 10
80.14868263983631
 20
149.73551010402454
 10
80.16840040927696
 20
149.9599462824011
 10
80.18023107094135
 20
150.20340744372442
 10
80.18417462482948
 20
150.46589358799454
 10
80.17724675989088
 20
150.8243306616644
 10
80.15646316507505
 20
151.1424795361528
 10
80.121823840382
 20
151.42034021145975
 10
80.07332878581175
 20
151.65791268758525
 10
80.01087141882675
 20
151.86148533424284
 10
79.93434515688952
 20
152.037346521146
 10
79.84375000000001
 20
152.1854962482947
 10
79.73908594815828
 20
152.30593451568896
 10
79.62024641882675
 20
152.39919423601637
 10
79.48712482946796
 20
152.46580832196452
 10
79.33972118008188
 20
152.50577677353343
 10
79.1780354706685
 20
152.51909959072304
 10
78.9461118690314
 20
152.48861698499317
 10
78.7448840381992
 20
152.39716916780355
 10
78.5743519781719
 20
152.24475613915416
 10
78.43451568894953
 20
152.03137789904503
 10
78.37616174965895
 20
151.90022808663028
 10
78.32558833560711
 20
151.7506394952251
 10
78.28279544679401
 20
151.58261212482947
 10
78.24778308321966
 20
151.39614597544337
 10
78.22055124488405
 20
151.19124104706685
 10
78.20109993178718
 20
150.96789733969987
 10
78.18942914392908
 20
150.72611485334244
 10
78.1855388813097
 20
150.46589358799454
 10
78.19257332878583
 20
150.1118263983629
 10
78.2136766712142
 20
149.79655525238744
 10
78.24884890859482
 20
149.5200801500682
 10
78.2980900409277
 20
149.28240109140518
 10
78.3611869031378
 20
149.07808236698497
 10
78.43792633015008
 20
148.90168826739426
 10
78.52830832196454
 20
148.753218792633
 10
78.6323328785812
 20
148.63267394270122
 10
78.75000000000003
 20
148.5394142223738
 10
78.88130968622103
 20
148.47280013642566
 10
79.02626193724421
 20
148.43283168485675
 10
79.1848567530696
 20
148.41950886766713
  0
LWPOLYLINE
  5
C9
330
17
100
AcDbEntity
  8
TEXT
100
AcDbPolyline
 90
64
 70
0
 10
82.23396998635745
 20
151.00477489768076
 10
82.46461459754435
 20
151.1420532060027
 10
82.69952251023194
 20
151.24010914051843
 10
82.93869372442022
 20
151.29894270122782
 10
83.18212824010917
 20
151.31855388813096
 10
83.48418315143249
 20
151.29094901091406
 10
83.76620054570262
 20
151.2081343792633
 10
84.02818042291953
 20
151.07010999317873
 10
84.27012278308324
 20
150.8768758526603
 10
84.47305593451571
 20
150.63759805593452
 10
84.6180081855389
 20
150.36144270122782
 10
84.70497953615282
 20
150.04840978854023
 10
84.73396998635745
 20
149.69849931787175
 10
84.70455320600274
 20
149.340701739427
 10
84.61630286493863
 20
149.01082878581173
 10
84.46921896316509
 20
148.7088804570259
 10
84.26330150068215
 20
148.43485675306957
 10
84.00963506139156
 20
148.20730303547066
 10
83.7193042291951
 20
148.04476466575716
 10
83.3923090040928
 20
147.94724164392903
 10
83.02864938608461
 20
147.91473396998634
 10
82.72702080491135
 20
147.93679655525239
 10
82.44628240109142
 20
148.00298431105045
 10
82.18643417462485
 20
148.11329723738064
 10
81.94747612551161
 20
148.26773533424284
 10
81.74326398362894
 20
148.46544594133698
 10
81.58765347885404
 20
148.7055763983629
 10
81.48064461118692
 20
148.9881267053206
 10
81.42223738062758
 20
149.3130968622101
 10
82.06343792633017
 20
149.36084583901774
 10
82.11374488403821
 20
149.13883441336972
 10
82.18622100954981
 20
148.9468792633015
 10
82.28086630286496
 20
148.7849803888131
 10
82.39768076398366
 20
148.6531377899045
 10
82.53304058663032
 20
148.55092513642563
 10
82.68332196452936
 20
148.47791609822647
 10
82.84852489768079
 20
148.43411067530695
 10
83.02864938608461
 20
148.41950886766713
 10
83.25119372442022
 20
148.44157145293318
 10
83.45156889495227
 20
148.50775920873124
 10
83.62977489768079
 20
148.6180721350614
 10
83.78581173260575
 20
148.7725102319236
 10
83.91264495225104
 20
148.95913625511596
 10
84.00324010914053
 20
149.16601296043655
 10
84.05759720327424
 20
149.3931403478854
 10
84.07571623465213
 20
149.6405184174625
 10
84.05717087312416
 20
149.88928206002728
 10
84.00153478854027
 20
150.11033424283767
 10
83.90880798090043
 20
150.30367496589358
 10
83.77899045020466
 20
150.46930422919507
 10
83.61996930422922
 20
150.60210607094132
 10
83.43963165075036
 20
150.69696452933152
 10
83.2379774897681
 20
150.7538796043656
 10
83.01500682128243
 20
150.77285129604365
 10
82.73703956343795
 20
150.74279502046386
 10
82.49317871759894
 20
150.65262619372442
 10
82.28342428376537
 20
150.50234481582538
 10
82.10777626193726
 20
150.2919508867667
 10
81.5279672578445
 20
150.3601637107776
 10
82.01568894952253
 20
152.9317871759891
 10
84.49522510231925
 20
152.9317871759891
 10
84.49522510231925
 20
152.33833560709414
 10
82.50341064120057
 20
152.33833560709414
 10
82.23396998635745
 20
151.00477489768076
  0
LWPOLYLINE
  5
CA
330
17
100
AcDbEntity
  8
TEXT
100
AcDbPolyline
 90
69
 70
0
 10
88.54024556616646
 20
148.0
 10
85.22851296043659
 20
148.0
 10
85.24695173942703
 20
148.21209924965893
 10
85.30226807639839
 20
148.42547748976807
 10
85.39446197135064
 20
148.64013472032744
 10
85.5235334242838
 20
148.85607094133698
 10
85.70312500000003
 20
149.0862892223738
 10
85.94687926330153
 20
149.343792633015
 10
86.2547962141883
 20
149.62858117326059
 10
86.62687585266033
 20
149.9406548431105
 10
86.86753922237384
 20
150.14092343110505
 10
87.09498635743523
 20
150.34609481582538
 10
87.30921725784451
 20
150.55616899727147
 10
87.51023192360167
 20
150.77114597544337
 10
87.68033765347889
 20
150.9888940995907
 10
87.80184174624833
 20
151.20728171896317
 10
87.87474420190999
 20
151.4263088335607
 10
87.89904502046387
 20
151.64597544338335
 10
87.8823115620737
 20
151.82705917462482
 10
87.83211118690316
 20
151.99172919508868
 10
87.74844389495229
 20
152.1399855047749
 10
87.63130968622104
 20
152.2718281036835
 10
87.48859566848571
 20
152.3800093792633
 10
87.32818894952254
 20
152.45728171896315
 10
87.15008952933155
 20
152.50364512278307
 10
86.95429740791272
 20
152.51909959072304
 10
86.75626705320603
 20
152.503218792633
 10
86.57486357435201
 20
152.4555763983629
 10
86.41008697135064
 20
152.3761724079127
 10
86.26193724420193
 20
152.2650068212824
 10
86.13936732605733
 20
152.12229280354708
 10
86.05133015006824
 20
151.94824351978173
 10
85.99782571623467
 20
151.74285896998637
 10
85.97885402455664
 20
151.506139154161
 10
85.34788540245569
 20
151.57776261937244
 10
85.40085692360167
 20
151.90838165075033
 10
85.5017905866303
 20
152.19764665757162
 10
85.65068639154164
 20
152.4455576398363
 10
85.84754433833564
 20
152.65211459754434
 10
86.08319832878584
 20
152.81475954979535
 10
86.34848226466579
 20
152.93093451568893
 10
86.64339614597547
 20
153.0006394952251
 10
86.9679399727149
 20
153.0238744884038
 10
87.31593195770807
 20
152.99840126193723
 10
87.62320941336975
 20
152.9219815825375
 10
87.88977233969989
 20
152.79461545020462
 10
88.11562073669853
 20
152.6163028649386
 10
88.2954254774898
 20
152.4019653819918
 10
88.42385743519785
 20
152.16652455661665
 10
88.50091660982267
 20
151.9099803888131
 10
88.52660300136428
 20
151.63233287858117
 10
88.50496674624831
 20
151.39113659618008
 10
88.44005798090043
 20
151.14844815825376
 10
88.33187670532062
 20
150.90426756480218
 10
88.1804229195089
 20
150.65859481582538
 10
88.0831397083902
 20
150.5301895037517
 10
87.96438011596183
 20
150.39139239427013
 10
87.82414414222377
 20
150.24220348738064
 10
87.66243178717602
 20
150.08262278308322
 10
87.47924305081858
 20
149.9126502813779
 10
87.27457793315146
 20
149.73228598226467
 10
87.04843643417466
 20
149.54152988574353
 10
86.80081855388816
 20
149.34038199181447
 10
86.55248124147343
 20
149.13126705320602
 10
86.349761255116
 20
148.93707366984992
 10
86.19265859481585
 20
148.75780184174624
 10
86.08117326057301
 20
148.59345156889495
 10
88.54024556616646
 20
148.59345156889495
 10
88.54024556616646
 20
148.0
  0
LWPOLYLINE
  5
CC
330
17
100
AcDbEntity
  8
TEXT
100
AcDbPolyline
 90
9
 70
0
 10
4.113233287858117
 20
143.40654843110505
 10
2.459072305593452
 20
143.40654843110505
 10
2.459072305593452
 20
139.0
 10
1.7939972714870396
 20
139.0
 10
1.7939972714870396
 20
143.40654843110505
 10
0.15347885402455663
 20
143.40654843110505
 10
0.15347885402455663
 20
144.0
 10
4.113233287858117
 20
144.0
 10
4.113233287858117
 20
143.40654843110505
  0
LWPOLYLINE
  5
CD
330
17
100
AcDbEntity
  8
TEXT
100
AcDbPolyline
 90
13
 70
0
 10
8.751705320600273
 20
139.0
 10
8.086630286493861
 20
139.0
 10
8.086630286493861
 20
141.35334242837652
 10
5.487721691678035
 20
141.35334242837652
 10
5.487721691678035
 20
139.0
 10
4.826057298772169
 20
139.0
 10
4.826057298772169
 20
144.0
 10
5.487721691678035
 20
144.0
 10
5.487721691678035
 20
141.9467939972715
 10
8.086630286493861
 20
141.9467939972715
 10
8.086630286493861
 20
144.0
 10
8.751705320600273
 20
144.0
 10
8.751705320600273
 20
139.0
  0
LWPOLYLINE
  5
CE
330
17
100
AcDbEntity
  8
TEXT
100
AcDbPolyline
 90
5
 70
0
 10
10.617326057298772
 20
139.0
 10
9.95225102319236
 20
139.0
 10
9.95225102319236
 20
144.0
 10
10.617326057298772
 20
144.0
 10
10.617326057298772
 20
139.0
  0
LWPOLYLINE
  5
CF
330
17
100
AcDbEntity
  8
TEXT
100
AcDbPolyline
 90
91
 70
0
 10
16.023192360163712
 20
140.58594815825376
 10
15.893694577080492
 20
140.19148618690315
 10
15.723482264665757
 20
139.8505286493861
 10
15.512555422919508
 20
139.5630755457026
 10
15.260914051841747
 20
139.32912687585267
 10
14.975379433833561
 20
139.14782997953614
 10
14.662772851296044
 20
139.01833219645292
 10
14.323094304229196
 20
138.940633526603
 10
13.956343792633016
 20
138.91473396998634
 10
13.659804527626195
 20
138.9267511510914
 10
13.384102148703956
 20
138.96280269440655
 10
13.129236655866304
 20
139.02288859993178
 10
12.895208049113233
 20
139.1070088676671
 10
12.682016328444748
 20
139.21516349761254
 10
12.489661493860845
 20
139.34735248976807
 10
12.318143545361528
 20
139.5035758441337
 10
12.167462482946794
 20
139.68383356070942
 10
12.03596627728513
 20
139.88098460948157
 10
11.92200289904502
 20
140.08788796043655
 10
11.825572348226466
 20
140.30454361357434
 10
11.746674624829467
 20
140.53095156889495
 10
11.685309728854024
 20
140.76711182639835
 10
11.641477660300136
 20
141.01302438608457
 10
11.615178419167803
 20
141.2686892479536
 10
11.606412005457026
 20
141.53410641200546
 10
11.6167238659618
 20
141.82526325886766
 10
11.647659447476125
 20
142.10016626875853
 10
11.69921875
 20
142.35881544167805
 10
11.771401773533423
 20
142.6012107776262
 10
11.864208518076397
 20
142.82735227660302
 10
11.977638983628921
 20
143.03723993860848
 10
12.111693170190996
 20
143.23087376364256
 10
12.266371077762619
 20
143.40825375170533
 10
12.437249531036834
 20
143.56692850443383
 10
12.619905354706685
 20
143.70444662346523
 10
12.814338548772168
 20
143.82080810879947
 10
13.020549113233287
 20
143.91601296043657
 10
13.238537048090041
 20
143.99006117837655
 10
13.468302353342429
 20
144.0429527626194
 10
13.70984502899045
 20
144.07468771316508
 10
13.963165075034107
 20
144.08526603001366
 10
14.314887448840382
 20
144.06203103683492
 10
14.640177353342429
 20
143.99232605729878
 10
14.939034788540246
 20
143.87615109140518
 10
15.211459754433834
 20
143.71350613915416
 10
15.451270463847203
 20
143.50609652114596
 10
15.652285129604365
 20
143.2556275579809
 10
15.81450375170532
 20
142.96209924965893
 10
15.937926330150068
 20
142.62551159618008
 10
15.289904502046385
 20
142.47203274215553
 10
15.197390859481583
 20
142.71674624829467
 10
15.08356070941337
 20
142.92905866302866
 10
14.948414051841747
 20
143.10896998635744
 10
14.791950886766713
 20
143.25648021828104
 10
14.614384379263303
 20
143.37137619372442
 10
14.415927694406548
 20
143.45344474761254
 10
14.196580832196453
 20
143.50268587994543
 10
13.956343792633016
 20
143.51909959072304
 10
13.757887107776263
 20
143.51070621589358
 10
13.571793997271488
 20
143.48552609140518
 10
13.39806446111869
 20
143.44355921725784
 10
13.236698499317871
 20
143.38480559345157
 10
13.087696111869032
 20
143.30926521998634
 10
12.95105729877217
 20
143.2169380968622
 10
12.826782060027286
 20
143.1078242240791
 10
12.71487039563438
 20
142.9819236016371
 10
12.529843110504775
 20
142.69042036152797
 10
12.39768076398363
 20
142.3530866302865
 10
12.31838335607094
 20
141.9699224079127
 10
12.291950886766712
 20
141.54092769440655
 10
12.298905397339698
 20
141.2883803717599
 10
12.319768929058663
 20
141.0525665075034
 10
12.3545414819236
 20
140.8334861016371
 10
12.403223055934514
 20
140.631139154161
 10
12.465813651091405
 20
140.44552566507502
 10
12.54231326739427
 20
140.27664563437926
 10
12.63272190484311
 20
140.12449906207365
 10
12.737039563437927
 20
139.98908594815825
 10
12.976530525238745
 20
139.7667547748977
 10
13.249914733969986
 20
139.6079467939973
 10
13.55719218963165
 20
139.51266200545703
 10
13.898362892223737
 20
139.48090040927696
 10
14.177928888130968
 20
139.50072476125513
 10
14.4299965893588
 20
139.56019781718965
 10
14.65456599590723
 20
139.65931957708048
 10
14.851637107776263
 20
139.7980900409277
 10
15.021209924965895
 20
139.97672237380627
 10
15.163284447476126
 20
140.19542974079127
 10
15.277860675306957
 20
140.45421214188266
 10
15.36493860845839
 20
140.75306957708048
 10
16.023192360163712
 20
140.58594815825376
  0
LWPOLYLINE
  5
D0
330
17
100
AcDbEntity
  8
TEXT
100
AcDbPolyline
 90
13
 70
0
 10
20.941336971350616
 20
139.0
 10
20.068212824010914
 20
139.0
 10
18.294679399727148
 20
141.52728512960437
 10
17.46930422919509
 20
140.7326057298772
 10
17.46930422919509
 20
139.0
 10
16.807639836289223
 20
139.0
 10
16.807639836289223
 20
144.0
 10
17.46930422919509
 20
144.0
 10
17.46930422919509
 20
141.52046384720327
 10
19.955661664392906
 20
144.0
 10
20.84924965893588
 20
144.0
 10
18.75511596180082
 20
141.97407912687586
 10
20.941336971350616
 20
139.0
  0
LWPOLYLINE
  5
D1
330
17
100
AcDbEntity
  8
TEXT
100
AcDbPolyline
 90
13
 70
0
 10
25.439972714870397
 20
139.0
 10
24.761255115961802
 20
139.0
 10
22.148703956343795
 20
142.9256480218281
 10
22.135061391541612
 20
142.9256480218281
 10
22.135061391541612
 20
139.0
 10
21.507503410641203
 20
139.0
 10
21.507503410641203
 20
144.0
 10
22.18281036834925
 20
144.0
 10
24.79536152796726
 20
140.0743519781719
 10
24.80900409276944
 20
140.0743519781719
 10
24.80900409276944
 20
144.0
 10
25.439972714870397
 20
144.0
 10
25.439972714870397
 20
139.0
  0
LWPOLYLINE
  5
D2
330
17
100
AcDbEntity
  8
TEXT
100
AcDbPolyline
 90
13
 70
0
 10
30.28649386084584
 20
139.0
 10
26.551841746248297
 20
139.0
 10
26.551841746248297
 20
144.0
 10
30.170532060027288
 20
144.0
 10
30.170532060027288
 20
143.40654843110505
 10
27.213506139154163
 20
143.40654843110505
 10
27.213506139154163
 20
141.87858117326059
 10
29.979536152796726
 20
141.87858117326059
 10
29.979536152796726
 20
141.2851296043656
 10
27.213506139154163
 20
141.2851296043656
 10
27.213506139154163
 20
139.59345156889495
 10
30.28649386084584
 20
139.59345156889495
 10
30.28649386084584
 20
139.0
  0
LWPOLYLINE
  5
D3
330
17
100
AcDbEntity
  8
TEXT
100
AcDbPolyline
 90
107
 70
0
 10
34.16439290586631
 20
142.53342428376536
 10
34.12751534788541
 20
142.75735419508868
 10
34.05781036834925
 20
142.9516541609823
 10
33.95527796725785
 20
143.11632418144612
 10
33.819918144611194
 20
143.25136425648023
 10
33.651730900409284
 20
143.35656122100954
 10
33.45071623465212
 20
143.43170190995906
 10
33.2168741473397
 20
143.47678632332878
 10
32.95020463847204
 20
143.49181446111868
 10
32.70634379263302
 20
143.47987721691678
 10
32.48635743519782
 20
143.44406548431104
 10
32.29024556616644
 20
143.3843792633015
 10
32.11800818553888
 20
143.30081855388812
 10
31.97774556616644
 20
143.1944491814461
 10
31.877557980900413
 20
143.0663369713506
 10
31.817445429740793
 20
142.91648192360162
 10
31.79740791268759
 20
142.7448840381992
 10
31.81286238062756
 20
142.5932170873124
 10
31.85922578444748
 20
142.46222714870396
 10
31.93649812414734
 20
142.3519142223738
 10
32.04467939972715
 20
142.26227830832195
 10
32.19655951568895
 20
142.1830874829468
 10
32.40492837653479
 20
142.10410982264665
 10
32.66978598226467
 20
142.02534532742158
 10
32.991132332878585
 20
141.9467939972715
 10
33.28721862210096
 20
141.8781548431105
 10
33.55474079126876
 20
141.8086630286494
 10
33.79369884038199
 20
141.73831855388815
 10
34.00409276944066
 20
141.66712141882675
 10
34.193170190995914
 20
141.5855857776262
 10
34.36817871759891
 20
141.4842257844475
 10
34.529118349249664
 20
141.3630414392906
 10
34.67598908594816
 20
141.22203274215553
 10
34.798345839017735
 20
141.05821538199183
 10
34.88574351978172
 20
140.86860504774899
 10
34.93818212824011
 20
140.653201739427
 10
34.955661664392906
 20
140.4120054570259
 10
34.92358032060027
 20
140.10334242837652
 10
34.82733628922237
 20
139.82196452933152
 10
34.666929570259214
 20
139.56787175989086
 10
34.44236016371078
 20
139.34106412005457
 10
34.1662048090041
 20
139.15454467939972
 10
33.85104024556617
 20
139.0213165075034
 10
33.496866473397006
 20
138.9413796043656
 10
33.10368349249659
 20
138.91473396998634
 10
32.84849825204639
 20
138.92208816507502
 10
32.60988659618008
 20
138.94415075034107
 10
32.387848524897684
 20
138.98092172578444
 10
32.18238403819918
 20
139.03240109140518
 10
31.993493136084588
 20
139.09858884720327
 10
31.82117581855389
 20
139.17948499317873
 10
31.665432085607097
 20
139.27508952933152
 10
31.526261937244204
 20
139.38540245566168
 10
31.29529757844475
 20
139.63821623465213
 10
31.125937926330153
 20
139.92598908594817
 10
31.018182980900413
 20
140.2487210095498
 10
30.972032742155527
 20
140.60641200545703
 10
31.59959072305594
 20
140.66098226466576
 10
31.645208049113236
 20
140.3812031036835
 10
31.73772169167804
 20
140.14213847203274
 10
31.877131650750343
 20
139.9437883697135
 10
32.06343792633015
 20
139.7861527967258
 10
32.28406377899045
 20
139.66603427694406
 10
32.52643246930423
 20
139.58023533424284
 10
32.79054399727149
 20
139.5287559686221
 10
33.07639836289223
 20
139.51159618008185
 10
33.34104280354707
 20
139.52587824010914
 10
33.57904160982265
 20
139.568724420191
 10
33.790394781718966
 20
139.64013472032744
 10
33.97510231923602
 20
139.74010914051843
 10
34.12506394952251
 20
139.86459754433835
 10
34.23217939972715
 20
140.00954979536152
 10
34.29644866984994
 20
140.174965893588
 10
34.31787175989086
 20
140.36084583901774
 10
34.295489427012285
 20
140.55162858117328
 10
34.228342428376536
 20
140.71469986357437
 10
34.11643076398364
 20
140.85005968622102
 10
33.95975443383357
 20
140.95770804911322
 10
33.75031974761256
 20
141.05118093451568
 10
33.48013301500683
 20
141.14401432469305
 10
33.14919423601638
 20
141.23620821964528
 10
32.757503410641206
 20
141.32776261937244
 10
32.364959924965895
 20
141.42826995225101
 10
32.03146316507504
 20
141.54732264665756
 10
31.757013130968623
 20
141.68492070259208
 10
31.54160982264666
 20
141.84106412005457
 10
31.378964870395638
 20
142.01884379263302
 10
31.26278990450205
 20
142.22135061391543
 10
31.1930849249659
 20
142.44858458390178
 10
31.16984993178718
 20
142.70054570259208
 10
31.19926671214189
 20
142.98767905866302
 10
31.287517053206006
 20
143.2488062755798
 10
31.43460095497954
 20
143.48392735334244
 10
31.640518417462488
 20
143.6930422919509
 10
31.89716916780355
 20
143.86464017735335
 10
32.196452933151434
 20
143.98721009549797
 10
32.53836971350614
 20
144.06075204638472
 10
32.92291950886767
 20
144.08526603001366
 10
33.31866047066849
 20
144.06085862892226
 10
33.67368690313779
 20
143.98763642564802
 10
33.987998806275584
 20
143.86559942019102
 10
34.26159618008186
 20
143.69474761255117
 10
34.48509976125512
 20
143.47891797407914
 10
34.649130286493865
 20
143.2219474761255
 10
34.75368775579809
 20
142.9238361186903
 10
34.798772169167805
 20
142.58458390177353
 10
34.16439290586631
 20
142.53342428376536
  0
LWPOLYLINE
  5
D4
330
17
100
AcDbEntity
  8
TEXT
100
AcDbPolyline
 90
107
 70
0
 10
38.82332878581174
 20
142.53342428376536
 10
38.78645122783084
 20
142.75735419508868
 10
38.71674624829468
 20
142.9516541609823
 10
38.61421384720328
 20
143.11632418144612
 10
38.478854024556625
 20
143.25136425648023
 10
38.310666780354715
 20
143.35656122100954
 10
38.10965211459755
 20
143.43170190995906
 10
37.875810027285134
 20
143.47678632332878
 10
37.60914051841747
 20
143.49181446111868
 10
37.36527967257845
 20
143.47987721691678
 10
37.14529331514325
 20
143.44406548431104
 10
36.94918144611187
 20
143.3843792633015
 10
36.776944065484315
 20
143.30081855388812
 10
36.63668144611187
 20
143.1944491814461
 10
36.536493860845844
 20
143.0663369713506
 10
36.476381309686225
 20
142.91648192360162
 10
36.45634379263302
 20
142.7448840381992
 10
36.471798260572996
 20
142.5932170873124
 10
36.51816166439291
 20
142.46222714870396
 10
36.59543400409277
 20
142.3519142223738
 10
36.70361527967258
 20
142.26227830832195
 10
36.855495395634385
 20
142.1830874829468
 10
37.06386425648022
 20
142.10410982264665
 10
37.3287218622101
 20
142.02534532742158
 10
37.65006821282402
 20
141.9467939972715
 10
37.94615450204639
 20
141.8781548431105
 10
38.213676671214195
 20
141.8086630286494
 10
38.452634720327424
 20
141.73831855388815
 10
38.66302864938609
 20
141.66712141882675
 10
38.852106070941346
 20
141.5855857776262
 10
39.02711459754434
 20
141.4842257844475
 10
39.188054229195096
 20
141.3630414392906
 10
39.33492496589359
 20
141.22203274215553
 10
39.457281718963166
 20
141.05821538199183
 10
39.54467939972715
 20
140.86860504774899
 10
39.59711800818554
 20
140.653201739427
 10
39.61459754433834
 20
140.4120054570259
 10
39.582516200545705
 20
140.10334242837652
 10
39.486272169167805
 20
139.82196452933152
 10
39.325865450204645
 20
139.56787175989086
 10
39.10129604365621
 20
139.34106412005457
 10
38.82514068894953
 20
139.15454467939972
 10
38.5099761255116
 20
139.0213165075034
 10
38.15580235334244
 20
138.9413796043656
 10
37.762619372442025
 20
138.91473396998634
 10
37.50743413199182
 20
138.92208816507502
 10
37.268822476125514
 20
138.94415075034107
 10
37.046784404843116
 20
138.98092172578444
 10
36.84131991814462
 20
139.03240109140518
 10
36.65242901603002
 20
139.09858884720327
 10
36.48011169849932
 20
139.17948499317873
 10
36.32436796555253
 20
139.27508952933152
 10
36.18519781718964
 20
139.38540245566168
 10
35.954233458390185
 20
139.63821623465213
 10
35.784873806275584
 20
139.92598908594817
 10
35.677118860845844
 20
140.2487210095498
 10
35.63096862210096
 20
140.60641200545703
 10
36.25852660300137
 20
140.66098226466576
 10
36.30414392905867
 20
140.3812031036835
 10
36.39665757162347
 20
140.14213847203274
 10
36.536067530695775
 20
139.9437883697135
 10
36.722373806275584
 20
139.7861527967258
 10
36.94299965893588
 20
139.66603427694406
 10
37.185368349249664
 20
139.58023533424284
 10
37.44947987721692
 20
139.5287559686221
 10
37.73533424283766
 20
139.51159618008185
 10
37.9999786834925
 20
139.52587824010914
 10
38.237977489768085
 20
139.568724420191
 10
38.4493306616644
 20
139.64013472032744
 10
38.634038199181454
 20
139.74010914051843
 10
38.783999829467945
 20
139.86459754433835
 10
38.89111527967258
 20
140.00954979536152
 10
38.95538454979537
 20
140.174965893588
 10
38.976807639836295
 20
140.36084583901774
 10
38.95442530695772
 20
140.55162858117328
 10
38.88727830832197
 20
140.71469986357437
 10
38.77536664392907
 20
140.85005968622102
 10
38.618690313779
 20
140.95770804911322
 10
38.40925562755799
 20
141.05118093451568
 10
38.13906889495226
 20
141.14401432469305
 10
37.80813011596181
 20
141.23620821964528
 10
37.41643929058664
 20
141.32776261937244
 10
37.023895804911334
 20
141.42826995225101
 10
36.69039904502047
 20
141.54732264665756
 10
36.41594901091406
 20
141.68492070259208
 10
36.200545702592095
 20
141.84106412005457
 10
36.037900750341066
 20
142.01884379263302
 10
35.92172578444748
 20
142.22135061391543
 10
35.85202080491133
 20
142.44858458390178
 10
35.82878581173261
 20
142.70054570259208
 10
35.858202592087316
 20
142.98767905866302
 10
35.946452933151434
 20
143.2488062755798
 10
36.09353683492497
 20
143.48392735334244
 10
36.29945429740792
 20
143.6930422919509
 10
36.556105047748986
 20
143.86464017735335
 10
36.855388813096866
 20
143.98721009549797
 10
37.197305593451574
 20
144.06075204638472
 10
37.5818553888131
 20
144.08526603001366
 10
37.97759635061392
 20
144.06085862892226
 10
38.332622783083224
 20
143.98763642564802
 10
38.646934686221016
 20
143.86559942019102
 10
38.92053206002729
 20
143.69474761255117
 10
39.14403564120055
 20
143.47891797407914
 10
39.308066166439296
 20
143.2219474761255
 10
39.41262363574352
 20
142.9238361186903
 10
39.457708049113236
 20
142.58458390177353
 10
38.82332878581174
 20
142.53342428376536
  0
LWPOLYLINE
  5
D5
330
17
100
AcDbEntity
  8
TEXT
100
AcDbPolyline
 90
5
 70
0
 10
41.302864938608465
 20
141.91950886766713
 10
40.6036834924966
 20
141.91950886766713
 10
40.6036834924966
 20
142.61869031377898
 10
41.302864938608465
 20
142.61869031377898
 10
41.302864938608465
 20
141.91950886766713
  0
LWPOLYLINE
  5
D6
330
17
100
AcDbEntity
  8
TEXT
100
AcDbPolyline
 90
5
 70
0
 10
41.302864938608465
 20
139.0
 10
40.6036834924966
 20
139.0
 10
40.6036834924966
 20
139.69918144611188
 10
41.302864938608465
 20
139.69918144611188
 10
41.302864938608465
 20
139.0
  0
LWPOLYLINE
  5
D7
330
17
100
AcDbEntity
  8
TEXT
100
AcDbPolyline
 90
69
 70
0
 10
47.38403819918146
 20
139.0
 10
44.07230559345158
 20
139.0
 10
44.09074437244203
 20
139.21209924965893
 10
44.14606070941338
 20
139.42547748976807
 10
44.23825460436563
 20
139.64013472032744
 10
44.36732605729878
 20
139.85607094133698
 10
44.54691763301502
 20
140.0862892223738
 10
44.790671896316525
 20
140.343792633015
 10
45.09858884720329
 20
140.62858117326059
 10
45.47066848567532
 20
140.9406548431105
 10
45.71133185538883
 20
141.14092343110505
 10
45.93877899045022
 20
141.34609481582538
 10
46.153009890859494
 20
141.55616899727147
 10
46.35402455661666
 20
141.77114597544337
 10
46.52413028649387
 20
141.9888940995907
 10
46.64563437926331
 20
142.20728171896317
 10
46.718536834924976
 20
142.4263088335607
 10
46.742837653478865
 20
142.64597544338335
 10
46.72610419508869
 20
142.82705917462482
 10
46.675903819918155
 20
142.99172919508868
 10
46.59223652796727
 20
143.1399855047749
 10
46.47510231923603
 20
143.2718281036835
 10
46.33238830150069
 20
143.3800093792633
 10
46.17198158253753
 20
143.45728171896315
 10
45.99388216234654
 20
143.50364512278307
 10
45.79809004092771
 20
143.51909959072304
 10
45.60005968622102
 20
143.503218792633
 10
45.418656207367
 20
143.4555763983629
 10
45.253879604365636
 20
143.3761724079127
 10
45.10572987721693
 20
143.2650068212824
 10
44.98315995907232
 20
143.12229280354708
 10
44.89512278308324
 20
142.94824351978173
 10
44.84161834924967
 20
142.74285896998637
 10
44.82264665757164
 20
142.506139154161
 10
44.19167803547068
 20
142.57776261937244
 10
44.24464955661666
 20
142.90838165075033
 10
44.345583219645306
 20
143.19764665757162
 10
44.49447902455663
 20
143.4455576398363
 10
44.69133697135063
 20
143.65211459754434
 10
44.92699096180083
 20
143.81475954979535
 10
45.192274897680775
 20
143.93093451568893
 10
45.487188778990465
 20
144.0006394952251
 10
45.811732605729894
 20
144.0238744884038
 10
46.15972459072307
 20
143.99840126193723
 10
46.467002046384735
 20
143.9219815825375
 10
46.73356497271488
 20
143.79461545020462
 10
46.959413369713516
 20
143.6163028649386
 10
47.139218110504785
 20
143.4019653819918
 10
47.26765006821284
 20
143.16652455661665
 10
47.344709242837666
 20
142.9099803888131
 10
47.37039563437928
 20
142.63233287858117
 10
47.34875937926331
 20
142.39113659618008
 10
47.28385061391543
 20
142.14844815825376
 10
47.175669338335624
 20
141.90426756480218
 10
47.02421555252389
 20
141.65859481582538
 10
46.9269323414052
 20
141.5301895037517
 10
46.80817274897682
 20
141.39139239427013
 10
46.66793677523876
 20
141.24220348738064
 10
46.50622442019101
 20
141.08262278308322
 10
46.323035683833574
 20
140.9126502813779
 10
46.11837056616645
 20
140.73228598226467
 10
45.892229067189646
 20
140.54152988574353
 10
45.64461118690315
 20
140.34038199181447
 10
45.396273874488415
 20
140.13126705320602
 10
45.19355388813098
 20
139.93707366984992
 10
45.036451227830845
 20
139.75780184174624
 10
44.92496589358801
 20
139.59345156889495
 10
47.38403819918146
 20
139.59345156889495
 10
47.38403819918146
 20
139.0
  0
LWPOLYLINE
  5
D8
330
17
100
AcDbEntity
  8
TEXT
100
AcDbPolyline
 90
5
 70
0
 10
49.062073669849944
 20
139.0
 10
48.36289222373807
 20
139.0
 10
48.36289222373807
 20
139.69918144611188
 10
49.062073669849944
 20
139.69918144611188
 10
49.062073669849944
 20
139.0
  0
LWPOLYLINE
  5
D9
330
17
100
AcDbEntity
  8
TEXT
100
AcDbPolyline
 90
65
 70
0
 10
51.623465211459774
 20
144.0238744884038
 10
51.82088271657574
 20
144.01388237551157
 10
52.00556360845841
 20
143.98390603683492
 10
52.177507887107794
 20
143.93394547237378
 10
52.33671555252389
 20
143.86400068212822
 10
52.4831866047067
 20
143.77407166609822
 10
52.61692104365623
 20
143.66415842428376
 10
52.73791886937246
 20
143.53426095668485
 10
52.84618008185541
 20
143.3843792633015
 10
52.941704681105065
 20
143.21451334413368
 10
53.024492667121436
 20
143.02466319918145
 10
53.09454403990452
 20
142.81482882844475
 10
53.15185879945432
 20
142.5850102319236
 10
53.19643694577082
 20
142.335207409618
 10
53.228278478854044
 20
142.06542036152797
 10
53.247383398703974
 20
141.77564908765348
 10
53.25375170532062
 20
141.46589358799454
 10
53.24717023362894
 20
141.15310048601637
 10
53.227425818553904
 20
140.86103768758525
 10
53.194518460095516
 20
140.58970519270122
 10
53.14844815825377
 20
140.33910300136426
 10
53.08921491302867
 20
140.10923111357434
 10
53.01681872442021
 20
139.9000895293315
 10
52.9312595924284
 20
139.71167824863574
 10
52.832537517053225
 20
139.54399727148703
 10
52.72150515859484
 20
139.39651368519782
 10
52.59901517735336
 20
139.26869457708048
 10
52.4650675733288
 20
139.16053994713505
 10
52.31966234652116
 20
139.07204979536152
 10
52.16279949693044
 20
139.00322412175987
 10
51.99447902455663
 20
138.95406292633012
 10
51.81470092939975
 20
138.92456620907228
 10
51.623465211459774
 20
138.91473396998634
 10
51.42646071367669
 20
138.9246994372442
 10
51.242166183492515
 20
138.9545958390177
 10
51.07058162090725
 20
139.00442317530695
 10
50.91170702592089
 20
139.07418144611185
 10
50.76554239853344
 20
139.16387065143246
 10
50.6320877387449
 20
139.27349079126876
 10
50.51134304655527
 20
139.40304186562074
 10
50.403308321964545
 20
139.5525238744884
 10
50.30798356497273
 20
139.72193681787175
 10
50.225368775579824
 20
139.91128069577078
 10
50.15546395378583
 20
140.12055550818553
 10
50.09826909959074
 20
140.34976125511596
 10
50.05378421299456
 20
140.59889793656208
 10
50.022009293997286
 20
140.86796555252388
 10
50.00294434259892
 20
141.15696410300137
 10
49.99658935879947
 20
141.46589358799454
 10
50.00317083049114
 20
141.77873998124147
 10
50.02291524556618
 20
142.07096265347886
 10
50.05582260402457
 20
142.34256160470667
 10
50.10189290586632
 20
142.59353683492498
 10
50.16112615109142
 20
142.8238883441337
 10
50.23352233969988
 20
143.03361613233287
 10
50.319081471691696
 20
143.2227201995225
 10
50.41780354706687
 20
143.3912005457026
 10
50.5287826142565
 20
143.5394835010232
 10
50.651112721691696
 20
143.66799539563436
 10
50.78479386937246
 20
143.77673622953614
 10
50.92982605729879
 20
143.8657060027285
 10
51.08620928547069
 20
143.93490471521145
 10
51.25394355388815
 20
143.98433236698497
 10
51.433028862551176
 20
144.0139889580491
 10
51.623465211459774
 20
144.0238744884038
  0
LWPOLYLINE
  5
DA
330
17
100
AcDbEntity
  8
TEXT
100
AcDbPolyline
 90
49
 70
0
 10
51.623465211459774
 20
139.41950886766713
 10
51.85560197817191
 20
139.44945856070942
 10
52.057469304229215
 20
139.5393076398363
 10
52.229067189631664
 20
139.68905610504774
 10
52.37039563437928
 20
139.89870395634378
 10
52.429548942701246
 20
140.02801521998634
 10
52.48081514324694
 20
140.1763514665757
 10
52.524194236016385
 20
140.34371269611185
 10
52.559686221009564
 20
140.53009890859482
 10
52.58729109822648
 20
140.73551010402454
 10
52.60700886766713
 20
140.9599462824011
 10
52.61883952933153
 20
141.20340744372442
 10
52.62278308321966
 20
141.46589358799454
 10
52.61585521828105
 20
141.8243306616644
 10
52.59507162346522
 20
142.1424795361528
 10
52.560432298772184
 20
142.42034021145975
 10
52.511937244201924
 20
142.65791268758525
 10
52.44947987721693
 20
142.86148533424284
 10
52.372953615279684
 20
143.037346521146
 10
52.28235845839019
 20
143.1854962482947
 10
52.17769440654845
 20
143.30593451568896
 10
52.05885487721693
 20
143.39919423601637
 10
51.92573328785814
 20
143.46580832196452
 10
51.77832963847205
 20
143.50577677353343
 10
51.61664392905868
 20
143.51909959072304
 10
51.384720327421576
 20
143.48861698499317
 10
51.18349249658937
 20
143.39716916780355
 10
51.01296043656209
 20
143.24475613915416
 10
50.873124147339716
 20
143.03137789904503
 10
50.81477020804913
 20
142.90022808663028
 10
50.764196793997286
 20
142.7506394952251
 10
50.72140390518419
 20
142.58261212482947
 10
50.68639154160984
 20
142.39614597544337
 10
50.659159703274234
 20
142.19124104706685
 10
50.63970839017737
 20
141.96789733969987
 10
50.62803760231925
 20
141.72611485334244
 10
50.62414733969988
 20
141.46589358799454
 10
50.631181787176004
 20
141.1118263983629
 10
50.65228512960438
 20
140.79655525238744
 10
50.68745736698501
 20
140.5200801500682
 10
50.73669849931789
 20
140.28240109140518
 10
50.799795361527984
 20
140.07808236698497
 10
50.87653478854026
 20
139.90168826739426
 10
50.96691678035472
 20
139.753218792633
 10
51.070941336971366
 20
139.63267394270122
 10
51.18860845839019
 20
139.5394142223738
 10
51.3199181446112
 20
139.47280013642566
 10
51.4648703956344
 20
139.43283168485675
 10
51.623465211459774
 20
139.41950886766713
  0
LWPOLYLINE
  5
DB
330
17
100
AcDbEntity
  8
TEXT
100
AcDbPolyline
 90
65
 70
0
 10
55.50818553888133
 20
144.0238744884038
 10
55.70560304399729
 20
144.01388237551157
 10
55.890283935879964
 20
143.98390603683492
 10
56.06222821452935
 20
143.93394547237378
 10
56.221435879945446
 20
143.86400068212822
 10
56.36790693212826
 20
143.77407166609822
 10
56.50164137107778
 20
143.66415842428376
 10
56.62263919679401
 20
143.53426095668485
 10
56.73090040927696
 20
143.3843792633015
 10
56.82642500852662
 20
143.21451334413368
 10
56.90921299454299
 20
143.02466319918145
 10
56.979264367326074
 20
142.81482882844475
 10
57.03657912687587
 20
142.5850102319236
 10
57.081157273192375
 20
142.335207409618
 10
57.1129988062756
 20
142.06542036152797
 10
57.13210372612553
 20
141.77564908765348
 10
57.13847203274217
 20
141.46589358799454
 10
57.1318905610505
 20
141.15310048601637
 10
57.11214614597546
 20
140.86103768758525
 10
57.07923878751707
 20
140.58970519270122
 10
57.033168485675326
 20
140.33910300136426
 10
56.973935240450224
 20
140.10923111357434
 10
56.901539051841766
 20
139.9000895293315
 10
56.81597991984995
 20
139.71167824863574
 10
56.71725784447478
 20
139.54399727148703
 10
56.60622548601639
 20
139.39651368519782
 10
56.48373550477491
 20
139.26869457708048
 10
56.34978790075036
 20
139.16053994713505
 10
56.20438267394272
 20
139.07204979536152
 10
56.047519824351994
 20
139.00322412175987
 10
55.87919935197819
 20
138.95406292633012
 10
55.6994212568213
 20
138.92456620907228
 10
55.50818553888133
 20
138.91473396998634
 10
55.311181041098244
 20
138.9246994372442
 10
55.12688651091407
 20
138.9545958390177
 10
54.9553019483288
 20
139.00442317530695
 10
54.796427353342445
 20
139.07418144611185
 10
54.650262725954995
 20
139.16387065143246
 10
54.516808066166455
 20
139.27349079126876
 10
54.39606337397682
 20
139.40304186562074
 10
54.2880286493861
 20
139.5525238744884
 10
54.192703892394285
 20
139.72193681787175
 10
54.11008910300138
 20
139.91128069577078
 10
54.04018428120738
 20
140.12055550818553
 10
53.98298942701229
 20
140.34976125511596
 10
53.93850454041611
 20
140.59889793656208
 10
53.90672962141884
 20
140.86796555252388
 10
53.88766467002048
 20
141.15696410300137
 10
53.88130968622102
 20
141.46589358799454
 10
53.8878911579127
 20
141.77873998124147
 10
53.907635572987736
 20
142.07096265347886
 10
53.940542931446124
 20
142.34256160470667
 10
53.98661323328787
 20
142.59353683492498
 10
54.04584647851298
 20
142.8238883441337
 10
54.118242667121436
 20
143.03361613233287
 10
54.20380179911325
 20
143.2227201995225
 10
54.30252387448842
 20
143.3912005457026
 10
54.413502941678054
 20
143.5394835010232
 10
54.53583304911325
 20
143.66799539563436
 10
54.66951419679401
 20
143.77673622953614
 10
54.814546384720344
 20
143.8657060027285
 10
54.97092961289224
 20
143.93490471521145
 10
55.138663881309704
 20
143.98433236698497
 10
55.31774918997273
 20
144.0139889580491
 10
55.50818553888133
 20
144.0238744884038
  0
LWPOLYLINE
  5
DC
330
17
100
AcDbEntity
  8
TEXT
100
AcDbPolyline
 90
49
 70
0
 10
55.50818553888133
 20
139.41950886766713
 10
55.740322305593466
 20
139.44945856070942
 10
55.94218963165076
 20
139.5393076398363
 10
56.11378751705322
 20
139.68905610504774
 10
56.25511596180083
 20
139.89870395634378
 10
56.3142692701228
 20
140.02801521998634
 10
56.3655354706685
 20
140.1763514665757
 10
56.40891456343794
 20
140.34371269611185
 10
56.44440654843112
 20
140.53009890859482
 10
56.472011425648034
 20
140.73551010402454
 10
56.49172919508869
 20
140.9599462824011
 10
56.503559856753085
 20
141.20340744372442
 10
56.50750341064121
 20
141.46589358799454
 10
56.5005755457026
 20
141.8243306616644
 10
56.47979195088678
 20
142.1424795361528
 10
56.44515262619374
 20
142.42034021145975
 10
56.39665757162348
 20
142.65791268758525
 10
56.334200204638485
 20
142.86148533424284
 10
56.257673942701246
 20
143.037346521146
 10
56.167078785811746
 20
143.1854962482947
 10
56.06241473397
 20
143.30593451568896
 10
55.943575204638485
 20
143.39919423601637
 10
55.81045361527969
 20
143.46580832196452
 10
55.663049965893606
 20
143.50577677353343
 10
55.50136425648024
 20
143.51909959072304
 10
55.26944065484313
 20
143.48861698499317
 10
55.06821282401093
 20
143.39716916780355
 10
54.897680763983644
 20
143.24475613915416
 10
54.75784447476127
 20
143.03137789904503
 10
54.69949053547069
 20
142.90022808663028
 10
54.64891712141884
 20
142.7506394952251
 10
54.606124232605744
 20
142.58261212482947
 10
54.5711118690314
 20
142.39614597544337
 10
54.54388003069579
 20
142.19124104706685
 10
54.52442871759892
 20
141.96789733969987
 10
54.51275792974081
 20
141.72611485334244
 10
54.508867667121436
 20
141.46589358799454
 10
54.51590211459756
 20
141.1118263983629
 10
54.53700545702594
 20
140.79655525238744
 10
54.57217769440656
 20
140.5200801500682
 10
54.62141882673944
 20
140.28240109140518
 10
54.68451568894954
 20
140.07808236698497
 10
54.761255115961816
 20
139.90168826739426
 10
54.85163710777628
 20
139.753218792633
 10
54.95566166439292
 20
139.63267394270122
 10
55.073328785811746
 20
139.5394142223738
 10
55.204638472032755
 20
139.47280013642566
 10
55.349590723055954
 20
139.43283168485675
 10
55.50818553888133
 20
139.41950886766713
  0
LWPOLYLINE
  5
DD
330
17
100
AcDbEntity
  8
TEXT
100
AcDbPolyline
 90
81
 70
0
 10
64.76466575716236
 20
139.0
 10
64.15075034106414
 20
139.0
 10
64.15075034106414
 20
141.2851296043656
 10
64.1486186903138
 20
141.4067402796726
 10
64.14222373806277
 20
141.51918485675307
 10
64.13156548431107
 20
141.6224633356071
 10
64.11664392905868
 20
141.71657571623464
 10
64.09287602319237
 20
141.80354706684855
 10
64.05567871759892
 20
141.88540245566168
 10
64.00505201227833
 20
141.96214188267393
 10
63.94099590723058
 20
142.0337653478854
 10
63.86031292633017
 20
142.0941976466576
 10
63.75980559345159
 20
142.13736357435198
 10
63.63947390859484
 20
142.16326313096863
 10
63.49931787175991
 20
142.1718963165075
 10
63.324735675306975
 20
142.156122100955
 10
63.16251705320602
 20
142.1087994542974
 10
63.012662005457045
 20
142.0299283765348
 10
62.87517053206005
 20
141.91950886766713
 10
62.760274556616665
 20
141.7737039563438
 10
62.67820600272853
 20
141.5886766712142
 10
62.628964870395656
 20
141.3644270122783
 10
62.61255115961803
 20
141.10095497953614
 10
62.61255115961803
 20
139.0
 10
61.9986357435198
 20
139.0
 10
61.9986357435198
 20
141.35334242837652
 10
61.98829723738064
 20
141.57013130968622
 10
61.95728171896318
 20
141.74982946793997
 10
61.90558918826741
 20
141.8924369031378
 10
61.83321964529333
 20
141.99795361527967
 10
61.74187841064122
 20
142.07405354706685
 10
61.63327080491134
 20
142.12841064120056
 10
61.5073968281037
 20
142.16102489768076
 10
61.3642564802183
 20
142.1718963165075
 10
61.17528564120057
 20
142.15484311050477
 10
61.00400750341066
 20
142.1036834924966
 10
60.85042206684859
 20
142.01841746248294
 10
60.71452933151434
 20
141.89904502046386
 10
60.60336374488406
 20
141.73298942701228
 10
60.523959754433854
 20
141.50767394270125
 10
60.476317360163726
 20
141.2230985675307
 10
60.46043656207369
 20
140.87926330150069
 10
60.46043656207369
 20
139.0
 10
59.84652114597546
 20
139.0
 10
59.84652114597546
 20
142.61869031377898
 10
60.399045020463866
 20
142.61869031377898
 10
60.399045020463866
 20
142.11391541609822
 10
60.41268758526605
 20
142.11391541609822
 10
60.510157315825396
 20
142.25140688949523
 10
60.61839188267396
 20
142.3705661664393
 10
60.73739128581175
 20
142.4713932469304
 10
60.867155525238765
 20
142.55388813096863
 10
61.007684600954995
 20
142.61805081855388
 10
61.15897851296045
 20
142.66388130968622
 10
61.321037261255135
 20
142.6913796043656
 10
61.49386084583904
 20
142.70054570259208
 10
61.684537005457045
 20
142.690633526603
 10
61.85752046384722
 20
142.66089699863574
 10
62.012811221009564
 20
142.6113361186903
 10
62.15040927694408
 20
142.5419508867667
 10
62.27031463165076
 20
142.45274130286492
 10
62.37252728512962
 20
142.343707366985
 10
62.45704723738064
 20
142.21484907912688
 10
62.523874488403834
 20
142.06616643929058
 10
62.62933790927696
 20
142.21484907912688
 10
62.74450034106414
 20
142.343707366985
 10
62.86936178376536
 20
142.45274130286492
 10
63.00392223738064
 20
142.5419508867667
 10
63.14818170190998
 20
142.6113361186903
 10
63.30214017735336
 20
142.66089699863574
 10
63.465797663710795
 20
142.690633526603
 10
63.63915416098228
 20
142.70054570259208
 10
63.90294594133699
 20
142.68157401091403
 10
64.13156548431107
 20
142.62465893587995
 10
64.32501278990452
 20
142.52980047748977
 10
64.48328785811735
 20
142.39699863574353
 10
64.60639068894955
 20
142.2262534106412
 10
64.6943212824011
 20
142.01756480218282
 10
64.74707963847204
 20
141.77093281036835
 10
64.76466575716236
 20
141.48635743519782
 10
64.76466575716236
 20
139.0
  0
LWPOLYLINE
  5
DE
330
17
100
AcDbEntity
  8
TEXT
100
AcDbPolyline
 90
81
 70
0
 10
70.58321964529333
 20
139.0
 10
69.9693042291951
 20
139.0
 10
69.9693042291951
 20
141.2851296043656
 10
69.96717257844476
 20
141.4067402796726
 10
69.96077762619373
 20
141.51918485675307
 10
69.95011937244203
 20
141.6224633356071
 10
69.93519781718965
 20
141.71657571623464
 10
69.91142991132334
 20
141.80354706684855
 10
69.87423260572989
 20
141.88540245566168
 10
69.82360590040929
 20
141.96214188267393
 10
69.75954979536154
 20
142.0337653478854
 10
69.67886681446113
 20
142.0941976466576
 10
69.57835948158255
 20
142.13736357435198
 10
69.4580277967258
 20
142.16326313096863
 10
69.31787175989088
 20
142.1718963165075
 10
69.14328956343795
 20
142.156122100955
 10
68.98107094133698
 20
142.1087994542974
 10
68.831215893588
 20
142.0299283765348
 10
68.693724420191
 20
141.91950886766713
 10
68.57882844474761
 20
141.7737039563438
 10
68.4967598908595
 20
141.5886766712142
 10
68.44751875852661
 20
141.3644270122783
 10
68.43110504774899
 20
141.10095497953614
 10
68.43110504774899
 20
139.0
 10
67.81718963165076
 20
139.0
 10
67.81718963165076
 20
141.35334242837652
 10
67.80685112551161
 20
141.57013130968622
 10
67.77583560709414
 20
141.74982946793997
 10
67.72414307639838
 20
141.8924369031378
 10
67.65177353342429
 20
141.99795361527967
 10
67.56043229877218
 20
142.07405354706685
 10
67.45182469304231
 20
142.12841064120056
 10
67.32595071623467
 20
142.16102489768076
 10
67.18281036834927
 20
142.1718963165075
 10
66.99383952933152
 20
142.15484311050477
 10
66.82256139154163
 20
142.1036834924966
 10
66.66897595497954
 20
142.01841746248294
 10
66.5330832196453
 20
141.89904502046386
 10
66.42191763301501
 20
141.73298942701228
 10
66.34251364256481
 20
141.50767394270125
 10
66.29487124829468
 20
141.2230985675307
 10
66.27899045020465
 20
140.87926330150069
 10
66.27899045020465
 20
139.0
 10
65.66507503410642
 20
139.0
 10
65.66507503410642
 20
142.61869031377898
 10
66.21759890859482
 20
142.61869031377898
 10
66.21759890859482
 20
142.11391541609822
 10
66.231241473397
 20
142.11391541609822
 10
66.32871120395636
 20
142.25140688949523
 10
66.43694577080493
 20
142.3705661664393
 10
66.55594517394272
 20
142.4713932469304
 10
66.68570941336972
 20
142.55388813096863
 10
66.82623848908597
 20
142.61805081855388
 10
66.97753240109142
 20
142.66388130968622
 10
67.1395911493861
 20
142.6913796043656
 10
67.31241473397
 20
142.70054570259208
 10
67.50309089358801
 20
142.690633526603
 10
67.67607435197819
 20
142.66089699863574
 10
67.83136510914053
 20
142.6113361186903
 10
67.96896316507505
 20
142.5419508867667
 10
68.08886851978173
 20
142.45274130286492
 10
68.19108117326059
 20
142.343707366985
 10
68.2756011255116
 20
142.21484907912688
 10
68.3424283765348
 20
142.06616643929058
 10
68.44789179740792
 20
142.21484907912688
 10
68.5630542291951
 20
142.343707366985
 10
68.68791567189632
 20
142.45274130286492
 10
68.8224761255116
 20
142.5419508867667
 10
68.96673559004094
 20
142.6113361186903
 10
69.12069406548433
 20
142.66089699863574
 10
69.28435155184177
 20
142.690633526603
 10
69.45770804911325
 20
142.70054570259208
 10
69.72149982946796
 20
142.68157401091403
 10
69.95011937244203
 20
142.62465893587995
 10
70.14356667803548
 20
142.52980047748977
 10
70.30184174624831
 20
142.39699863574353
 10
70.42494457708051
 20
142.2262534106412
 10
70.51287517053207
 20
142.01756480218282
 10
70.56563352660301
 20
141.77093281036835
 10
70.58321964529333
 20
141.48635743519782
 10
70.58321964529333
 20
139.0
  0
LWPOLYLINE
  5
E0
330
17
100
AcDbEntity
  8
TEXT
100
AcDbPolyline
 90
11
 70
0
 10
3.9324693042291954
 20
134.40654843110505
 10
1.2210095497953615
 20
134.40654843110505
 10
1.2210095497953615
 20
132.8581173260573
 10
3.5709413369713507
 20
132.8581173260573
 10
3.5709413369713507
 20
132.26466575716233
 10
1.2210095497953615
 20
132.26466575716233
 10
1.2210095497953615
 20
130.0
 10
0.5593451568894953
 20
130.0
 10
0.5593451568894953
 20
135.0
 10
3.9324693042291954
 20
135.0
 10
3.9324693042291954
 20
134.40654843110505
  0
LWPOLYLINE
  5
E1
330
17
100
AcDbEntity
  8
TEXT
100
AcDbPolyline
 90
7
 70
0
 10
7.919508867667121
 20
130.0
 10
4.7919508867667115
 20
130.0
 10
4.7919508867667115
 20
135.0
 10
5.4536152796725785
 20
135.0
 10
5.4536152796725785
 20
130.59345156889495
 10
7.919508867667121
 20
130.59345156889495
 10
7.919508867667121
 20
130.0
  0
LWPOLYLINE
  5
E2
330
17
100
AcDbEntity
  8
TEXT
100
AcDbPolyline
 90
9
 70
0
 10
12.81718963165075
 20
130.0
 10
12.07025920873124
 20
130.0
 10
11.483628922237381
 20
131.52114597544337
 10
9.39631650750341
 20
131.52114597544337
 10
8.843792633015006
 20
130.0
 10
8.144611186903138
 20
130.0
 10
10.064802182810368
 20
135.0
 10
10.77762619372442
 20
135.0
 10
12.81718963165075
 20
130.0
  0
LWPOLYLINE
  5
E3
330
17
100
AcDbEntity
  8
TEXT
100
AcDbPolyline
 90
20
 70
0
 10
11.282401091405184
 20
132.0463847203274
 10
11.137288966575715
 20
132.43032166609822
 10
11.008910300136426
 20
132.77039989768076
 10
10.897265092087313
 20
133.06661941507502
 10
10.802353342428376
 20
133.31898021828104
 10
10.724175051159618
 20
133.52748230729878
 10
10.662730218281038
 20
133.69212568212825
 10
10.618018843792633
 20
133.81291034276944
 10
10.590040927694407
 20
133.8898362892224
 10
10.54975272851296
 20
134.00910214870396
 10
10.507332878581174
 20
134.1469133697135
 10
10.462781377899045
 20
134.30326995225101
 10
10.416098226466575
 20
134.4781718963165
 10
10.399045020463847
 20
134.4781718963165
 10
10.347245907230558
 20
134.23047407912688
 10
10.287346521145976
 20
133.99215552523873
 10
10.219346862210095
 20
133.7632162346521
 10
10.143246930422919
 20
133.54365620736698
 10
9.583901773533425
 20
132.0463847203274
 10
11.282401091405184
 20
132.0463847203274
  0
LWPOLYLINE
  5
E4
330
17
100
AcDbEntity
  8
TEXT
100
AcDbPolyline
 90
9
 70
0
 10
16.923601637107776
 20
134.40654843110505
 10
15.26944065484311
 20
134.40654843110505
 10
15.26944065484311
 20
130.0
 10
14.604365620736699
 20
130.0
 10
14.604365620736699
 20
134.40654843110505
 10
12.963847203274216
 20
134.40654843110505
 10
12.963847203274216
 20
135.0
 10
16.923601637107776
 20
135.0
 10
16.923601637107776
 20
134.40654843110505
  0
LWPOLYLINE
  5
E5
330
17
100
AcDbEntity
  8
TEXT
100
AcDbPolyline
 90
107
 70
0
 10
22.52387448840382
 20
133.53342428376536
 10
22.48699693042292
 20
133.75735419508868
 10
22.417291950886767
 20
133.9516541609823
 10
22.31475954979536
 20
134.11632418144612
 10
22.179399727148702
 20
134.25136425648023
 10
22.011212482946792
 20
134.35656122100954
 10
21.810197817189632
 20
134.43170190995906
 10
21.576355729877218
 20
134.47678632332878
 10
21.30968622100955
 20
134.49181446111868
 10
21.065825375170533
 20
134.47987721691678
 10
20.845839017735333
 20
134.44406548431104
 10
20.649727148703953
 20
134.3843792633015
 10
20.477489768076396
 20
134.30081855388812
 10
20.337227148703953
 20
134.1944491814461
 10
20.237039563437925
 20
134.0663369713506
 10
20.176927012278306
 20
133.91648192360162
 10
20.1568894952251
 20
133.7448840381992
 10
20.172343963165073
 20
133.5932170873124
 10
20.218707366984994
 20
133.46222714870396
 10
20.295979706684854
 20
133.3519142223738
 10
20.404160982264663
 20
133.26227830832195
 10
20.556041098226466
 20
133.1830874829468
 10
20.764409959072303
 20
133.10410982264665
 10
21.029267564802183
 20
133.02534532742158
 10
21.350613915416098
 20
132.9467939972715
 10
21.64670020463847
 20
132.8781548431105
 10
21.914222373806275
 20
132.8086630286494
 10
22.153180422919508
 20
132.73831855388815
 10
22.36357435197817
 20
132.66712141882675
 10
22.552651773533423
 20
132.5855857776262
 10
22.727660300136424
 20
132.4842257844475
 10
22.888599931787173
 20
132.3630414392906
 10
23.035470668485672
 20
132.22203274215553
 10
23.15782742155525
 20
132.05821538199183
 10
23.245225102319235
 20
131.86860504774899
 10
23.297663710777623
 20
131.653201739427
 10
23.315143246930422
 20
131.4120054570259
 10
23.28306190313779
 20
131.10334242837652
 10
23.18681787175989
 20
130.82196452933152
 10
23.026411152796726
 20
130.56787175989086
 10
22.801841746248293
 20
130.34106412005457
 10
22.52568639154161
 20
130.15454467939972
 10
22.21052182810368
 20
130.0213165075034
 10
21.856348055934514
 20
129.9413796043656
 10
21.463165075034105
 20
129.91473396998634
 10
21.2079798345839
 20
129.92208816507502
 10
20.9693681787176
 20
129.94415075034107
 10
20.747330107435197
 20
129.98092172578444
 10
20.541865620736697
 20
130.03240109140518
 10
20.3529747186221
 20
130.09858884720327
 10
20.180657401091402
 20
130.17948499317873
 10
20.02491366814461
 20
130.27508952933152
 10
19.885743519781716
 20
130.38540245566168
 10
19.65477916098226
 20
130.63821623465213
 10
19.485419508867665
 20
130.92598908594817
 10
19.377664563437925
 20
131.2487210095498
 10
19.33151432469304
 20
131.60641200545703
 10
19.959072305593452
 20
131.66098226466576
 10
20.00468963165075
 20
131.3812031036835
 10
20.097203274215552
 20
131.14213847203274
 10
20.236613233287855
 20
130.9437883697135
 10
20.422919508867665
 20
130.7861527967258
 10
20.643545361527966
 20
130.66603427694406
 10
20.885914051841745
 20
130.58023533424284
 10
21.150025579809004
 20
130.5287559686221
 10
21.43587994542974
 20
130.51159618008185
 10
21.700524386084584
 20
130.52587824010914
 10
21.93852319236016
 20
130.568724420191
 10
22.149876364256478
 20
130.64013472032744
 10
22.33458390177353
 20
130.74010914051843
 10
22.484545532060025
 20
130.86459754433835
 10
22.591660982264663
 20
131.00954979536152
 10
22.65593025238745
 20
131.174965893588
 10
22.677353342428376
 20
131.36084583901774
 10
22.654971009549794
 20
131.55162858117328
 10
22.58782401091405
 20
131.71469986357437
 10
22.475912346521145
 20
131.85005968622102
 10
22.319236016371075
 20
131.95770804911322
 10
22.109801330150066
 20
132.05118093451568
 10
21.839614597544337
 20
132.14401432469305
 10
21.508675818553886
 20
132.23620821964528
 10
21.116984993178715
 20
132.32776261937244
 10
20.724441507503407
 20
132.42826995225101
 10
20.39094474761255
 20
132.54732264665756
 10
20.116494713506135
 20
132.68492070259208
 10
19.90109140518417
 20
132.84106412005457
 10
19.73844645293315
 20
133.01884379263302
 10
19.622271487039562
 20
133.22135061391543
 10
19.55256650750341
 20
133.44858458390178
 10
19.529331514324692
 20
133.70054570259208
 10
19.5587482946794
 20
133.98767905866302
 10
19.64699863574352
 20
134.2488062755798
 10
19.794082537517053
 20
134.48392735334244
 10
20.0
 20
134.6930422919509
 10
20.256650750341063
 20
134.86464017735335
 10
20.555934515688946
 20
134.98721009549797
 10
20.897851296043655
 20
135.06075204638472
 10
21.282401091405184
 20
135.08526603001366
 10
21.678142053206003
 20
135.06085862892226
 10
22.033168485675304
 20
134.98763642564802
 10
22.347480388813096
 20
134.86559942019102
 10
22.62107776261937
 20
134.69474761255117
 10
22.84458134379263
 20
134.47891797407914
 10
23.008611869031377
 20
134.2219474761255
 10
23.113169338335606
 20
133.9238361186903
 10
23.15825375170532
 20
133.58458390177353
 10
22.52387448840382
 20
133.53342428376536
  0
LWPOLYLINE
  5
E6
330
17
100
AcDbEntity
  8
TEXT
100
AcDbPolyline
 90
5
 70
0
 10
24.98294679399727
 20
130.0
 10
24.31787175989086
 20
130.0
 10
24.31787175989086
 20
135.0
 10
24.98294679399727
 20
135.0
 10
24.98294679399727
 20
130.0
  0
LWPOLYLINE
  5
E7
330
17
100
AcDbEntity
  8
TEXT
100
AcDbPolyline
 90
20
 70
0
 10
29.696452933151434
 20
130.0
 10
25.743519781718962
 20
130.0
 10
25.743519781718962
 20
130.62073669849931
 10
28.304911323328785
 20
133.8130968622101
 10
28.316209072305593
 20
133.83089614597543
 10
28.350102319236015
 20
133.87406207366985
 10
28.406591064120054
 20
133.9425946452933
 10
28.48567530695771
 20
134.03649386084584
 10
28.574565143246932
 20
134.13955917462482
 10
28.660470668485676
 20
134.2355900409277
 10
28.743391882673944
 20
134.32458645975444
 10
28.823328785811732
 20
134.40654843110505
 10
26.030013642564803
 20
134.40654843110505
 10
26.030013642564803
 20
135.0
 10
29.61118690313779
 20
135.0
 10
29.61118690313779
 20
134.40654843110505
 10
26.804229195088677
 20
130.95156889495226
 10
26.504092769440653
 20
130.59345156889495
 10
29.696452933151434
 20
130.59345156889495
 10
29.696452933151434
 20
130.0
  0
LWPOLYLINE
  5
E8
330
17
100
AcDbEntity
  8
TEXT
100
AcDbPolyline
 90
13
 70
0
 10
34.1712141882674
 20
130.0
 10
30.43656207366985
 20
130.0
 10
30.43656207366985
 20
135.0
 10
34.05525238744884
 20
135.0
 10
34.05525238744884
 20
134.40654843110505
 10
31.098226466575717
 20
134.40654843110505
 10
31.098226466575717
 20
132.87858117326059
 10
33.86425648021828
 20
132.87858117326059
 10
33.86425648021828
 20
132.2851296043656
 10
31.098226466575717
 20
132.2851296043656
 10
31.098226466575717
 20
130.59345156889495
 10
34.1712141882674
 20
130.59345156889495
 10
34.1712141882674
 20
130.0
  0
LWPOLYLINE
  5
E9
330
17
100
AcDbEntity
  8
TEXT
100
AcDbPolyline
 90
5
 70
0
 10
35.869713506139156
 20
132.91950886766713
 10
35.170532060027284
 20
132.91950886766713
 10
35.170532060027284
 20
133.61869031377898
 10
35.869713506139156
 20
133.61869031377898
 10
35.869713506139156
 20
132.91950886766713
  0
LWPOLYLINE
  5
EA
330
17
100
AcDbEntity
  8
TEXT
100
AcDbPolyline
 90
5
 70
0
 10
35.869713506139156
 20
130.0
 10
35.170532060027284
 20
130.0
 10
35.170532060027284
 20
130.69918144611188
 10
35.869713506139156
 20
130.69918144611188
 10
35.869713506139156
 20
130.0
  0
LWPOLYLINE
  5
EB
330
17
100
AcDbEntity
  8
TEXT
100
AcDbPolyline
 90
18
 70
0
 10
41.04365620736699
 20
130.0
 10
40.42974079126877
 20
130.0
 10
40.42974079126877
 20
133.9120054570259
 10
40.18012448840383
 20
133.7020378581173
 10
39.891712141882685
 20
133.5086971350614
 10
39.56450375170533
 20
133.33198328785812
 10
39.19849931787177
 20
133.1718963165075
 10
39.19849931787177
 20
133.76534788540246
 10
39.45312500000001
 20
133.89617795020465
 10
39.686647339699874
 20
134.03457537517053
 10
39.89906633697136
 20
134.18054016030013
 10
40.09038199181447
 20
134.33407230559345
 10
40.2605943042292
 20
134.49517181105045
 10
40.40970327421556
 20
134.6638386766712
 10
40.53770890177354
 20
134.84007290245566
 10
40.64461118690315
 20
135.0238744884038
 10
41.04365620736699
 20
135.0238744884038
 10
41.04365620736699
 20
130.0
  0
LWPOLYLINE
  5
EC
330
17
100
AcDbEntity
  8
TEXT
100
AcDbPolyline
 90
79
 70
0
 10
43.2230559345157
 20
132.57844474761256
 10
43.33438139495226
 20
132.73352233969987
 10
43.45689802182811
 20
132.86792291950889
 10
43.590605815143256
 20
132.98164648703957
 10
43.73550477489769
 20
133.07469304229195
 10
43.891594901091416
 20
133.14706258526604
 10
44.05887619372443
 20
133.1987551159618
 10
44.23734865279673
 20
133.22977063437926
 10
44.42701227830833
 20
133.24010914051843
 10
44.722459072305604
 20
133.21175818553888
 10
44.99488403819919
 20
133.12670532060028
 10
45.24428717598909
 20
132.9849505457026
 10
45.47066848567532
 20
132.78649386084584
 10
45.6586800818554
 20
132.54391200545703
 10
45.792974079126886
 20
132.26978171896315
 10
45.87355047748978
 20
131.96410300136426
 10
45.900409276944075
 20
131.6268758526603
 10
45.87365706002729
 20
131.2837866643929
 10
45.793400409276956
 20
130.96734311050477
 10
45.65963932469305
 20
130.6775451909959
 10
45.47237380627559
 20
130.4143929058663
 10
45.240769952251036
 20
130.1957921214188
 10
44.97399386084585
 20
130.03964870395635
 10
44.67204553206004
 20
129.94596265347883
 10
44.3349249658936
 20
129.91473396998634
 10
43.98842513642566
 20
129.94798772169167
 10
43.66857094133698
 20
130.04774897680764
 10
43.375362380627564
 20
130.21401773533424
 10
43.10879945429742
 20
130.4467939972715
 10
42.9900931531378
 20
130.5927587824011
 10
42.88721435879946
 20
130.76462312414736
 10
42.80016307128241
 20
130.96238702251023
 10
42.72893929058664
 20
131.18605047748977
 10
42.67354301671215
 20
131.43561348908594
 10
42.63397424965894
 20
131.71107605729878
 10
42.61023298942702
 20
132.01243818212822
 10
42.60231923601638
 20
132.33969986357434
 10
42.6094869116644
 20
132.6635775494543
 10
42.630989938608465
 20
132.96672493178718
 10
42.66682831684857
 20
133.249142010573
 10
42.71700204638473
 20
133.51082878581173
 10
42.78151112721692
 20
133.7517852575034
 10
42.860355559345166
 20
133.97201142564802
 10
42.95353534276945
 20
134.17150729024556
 10
43.06105047748978
 20
134.35027285129604
 10
43.18215488574353
 20
134.50814823499317
 10
43.316102489768085
 20
134.64497356753068
 10
43.462893289563446
 20
134.76074884890858
 10
43.622527285129614
 20
134.85547407912685
 10
43.79500447646659
 20
134.92914925818553
 10
43.98032486357436
 20
134.98177438608457
 10
44.178488446452945
 20
135.013349462824
 10
44.38949522510233
 20
135.0238744884038
 10
44.66000170532061
 20
135.00426330150066
 10
44.90876534788541
 20
134.94542974079127
 10
45.13578615279673
 20
134.84737380627556
 10
45.341064120054575
 20
134.7100954979536
 10
45.51649897680765
 20
134.53423431105045
 10
45.653990450204645
 20
134.32042974079127
 10
45.75353854024558
 20
134.068681787176
 10
45.81514324693043
 20
133.77899045020465
 10
45.2012278308322
 20
133.72442019099591
 10
45.15145378581174
 20
133.91067317530695
 10
45.08569236016372
 20
134.07209242837652
 10
45.003943553888135
 20
134.20867795020465
 10
44.906207366985
 20
134.32042974079127
 10
44.7924837994543
 20
134.40734780013642
 10
44.662772851296054
 20
134.4694321282401
 10
44.51707452251024
 20
134.5066827251023
 10
44.35538881309687
 20
134.51909959072304
 10
44.12836800818555
 20
134.48989597544337
 10
43.917974079126886
 20
134.40228512960437
 10
43.72420702592088
 20
134.256267053206
 10
43.54706684856754
 20
134.0518417462483
 10
43.3993434515689
 20
133.78453274215553
 10
43.29382673942702
 20
133.44986357435198
 10
43.23051671214189
 20
133.04783424283767
 10
43.209413369713516
 20
132.57844474761256
 10
43.2230559345157
 20
132.57844474761256
  0
LWPOLYLINE
  5
ED
330
17
100
AcDbEntity
  8
TEXT
100
AcDbPolyline
 90
33
 70
0
 10
44.321282401091416
 20
130.41950886766713
 10
44.52272339699864
 20
130.44082537517053
 10
44.704126875852666
 20
130.50477489768076
 10
44.865492837653484
 20
130.61135743519782
 10
45.0068212824011
 20
130.7605729877217
 10
45.12171725784448
 20
130.9400579809004
 10
45.203785811732615
 20
131.137448840382
 10
45.25302694406549
 20
131.35274556616645
 10
45.269440654843116
 20
131.58594815825376
 10
45.25302694406549
 20
131.81765859481584
 10
45.203785811732615
 20
132.02847885402457
 10
45.12171725784448
 20
132.21840893587995
 10
45.0068212824011
 20
132.38744884038198
 10
44.86421384720328
 20
132.5262193042292
 10
44.699010914051854
 20
132.62534106412005
 10
44.5112124829468
 20
132.68481412005457
 10
44.30081855388814
 20
132.70463847203274
 10
44.1049198499318
 20
132.68598652796726
 10
43.923090040927704
 20
132.6300306957708
 10
43.75532912687586
 20
132.53677097544337
 10
43.60163710777627
 20
132.406207366985
 10
43.47331173260574
 20
132.24516115279673
 10
43.38165075034107
 20
132.06045361527967
 10
43.32665416098227
 20
131.85208475443383
 10
43.30832196452934
 20
131.6200545702592
 10
43.32633441336972
 20
131.38024386084584
 10
43.38037175989087
 20
131.1587653478854
 10
43.47043400409278
 20
130.9556190313779
 10
43.59652114597545
 20
130.77080491132332
 10
43.74989341746249
 20
130.61711289222373
 10
43.9218110504775
 20
130.50733287858117
 10
44.11227404502047
 20
130.44146487039563
 10
44.321282401091416
 20
130.41950886766713
  0
LWPOLYLINE
  5
EE
330
17
100
AcDbEntity
  8
TEXT
100
AcDbPolyline
 90
65
 70
0
 10
48.13437926330151
 20
135.0238744884038
 10
48.331796768417476
 20
135.01388237551157
 10
48.51647766030015
 20
134.98390603683492
 10
48.68842193894953
 20
134.93394547237378
 10
48.84762960436563
 20
134.86400068212822
 10
48.99410065654844
 20
134.77407166609822
 10
49.127835095497964
 20
134.66415842428376
 10
49.248832921214195
 20
134.53426095668485
 10
49.357094133697146
 20
134.3843792633015
 10
49.4526187329468
 20
134.21451334413368
 10
49.53540671896317
 20
134.02466319918145
 10
49.60545809174626
 20
133.81482882844475
 10
49.662772851296054
 20
133.5850102319236
 10
49.70735099761256
 20
133.335207409618
 10
49.73919253069578
 20
133.06542036152797
 10
49.75829745054571
 20
132.77564908765348
 10
49.764665757162355
 20
132.46589358799454
 10
49.75808428547068
 20
132.15310048601637
 10
49.73833987039564
 20
131.86103768758525
 10
49.70543251193725
 20
131.58970519270122
 10
49.65936221009551
 20
131.33910300136426
 10
49.60012896487041
 20
131.10923111357434
 10
49.52773277626195
 20
130.9000895293315
 10
49.442173644270135
 20
130.71167824863574
 10
49.34345156889496
 20
130.54399727148703
 10
49.232419210436575
 20
130.39651368519782
 10
49.109929229195096
 20
130.26869457708048
 10
48.97598162517054
 20
130.16053994713505
 10
48.8305763983629
 20
130.07204979536152
 10
48.67371354877218
 20
130.00322412175987
 10
48.50539307639837
 20
129.95406292633012
 10
48.325614981241486
 20
129.92456620907228
 10
48.13437926330151
 20
129.91473396998634
 10
47.93737476551843
 20
129.9246994372442
 10
47.75308023533425
 20
129.9545958390177
 10
47.581495672748986
 20
130.00442317530695
 10
47.42262107776263
 20
130.07418144611185
 10
47.27645645037518
 20
130.16387065143246
 10
47.14300179058664
 20
130.27349079126876
 10
47.022257098397006
 20
130.40304186562074
 10
46.91422237380628
 20
130.5525238744884
 10
46.81889761681447
 20
130.72193681787175
 10
46.73628282742156
 20
130.91128069577078
 10
46.666378005627564
 20
131.12055550818553
 10
46.609183151432475
 20
131.34976125511596
 10
46.564698264836295
 20
131.59889793656208
 10
46.53292334583902
 20
131.86796555252388
 10
46.51385839444066
 20
132.15696410300137
 10
46.507503410641206
 20
132.46589358799454
 10
46.51408488233288
 20
132.77873998124147
 10
46.53382929740792
 20
133.07096265347886
 10
46.56673665586631
 20
133.34256160470667
 10
46.61280695770806
 20
133.59353683492498
 10
46.67204020293316
 20
133.8238883441337
 10
46.74443639154162
 20
134.03361613233287
 10
46.829995523533434
 20
134.2227201995225
 10
46.928717598908605
 20
134.3912005457026
 10
47.03969666609824
 20
134.5394835010232
 10
47.162026773533434
 20
134.66799539563436
 10
47.295707921214195
 20
134.77673622953614
 10
47.44074010914053
 20
134.8657060027285
 10
47.597123337312425
 20
134.93490471521145
 10
47.76485760572989
 20
134.98433236698497
 10
47.94394291439291
 20
135.0139889580491
 10
48.13437926330151
 20
135.0238744884038
  0
LWPOLYLINE
  5
EF
330
17
100
AcDbEntity
  8
TEXT
100
AcDbPolyline
 90
49
 70
0
 10
48.13437926330151
 20
130.41950886766713
 10
48.36651603001365
 20
130.44945856070942
 10
48.56838335607095
 20
130.5393076398363
 10
48.7399812414734
 20
130.68905610504774
 10
48.881309686221016
 20
130.89870395634378
 10
48.94046299454298
 20
131.02801521998634
 10
48.99172919508868
 20
131.1763514665757
 10
49.03510828785812
 20
131.34371269611185
 10
49.0706002728513
 20
131.53009890859482
 10
49.09820515006822
 20
131.73551010402454
 10
49.11792291950887
 20
131.9599462824011
 10
49.12975358117327
 20
132.20340744372442
 10
49.1336971350614
 20
132.46589358799454
 10
49.126769270122786
 20
132.8243306616644
 10
49.10598567530696
 20
133.1424795361528
 10
49.07134635061392
 20
133.42034021145975
 10
49.02285129604366
 20
133.65791268758525
 10
48.96039392905867
 20
133.86148533424284
 10
48.88386766712142
 20
134.037346521146
 10
48.79327251023193
 20
134.1854962482947
 10
48.688608458390185
 20
134.30593451568896
 10
48.56976892905867
 20
134.39919423601637
 10
48.436647339699874
 20
134.46580832196452
 10
48.28924369031379
 20
134.50577677353343
 10
48.12755798090042
 20
134.51909959072304
 10
47.89563437926331
 20
134.48861698499317
 10
47.69440654843111
 20
134.39716916780355
 10
47.52387448840383
 20
134.24475613915416
 10
47.384038199181454
 20
134.03137789904503
 10
47.32568425989087
 20
133.90022808663028
 10
47.27511084583902
 20
133.7506394952251
 10
47.23231795702593
 20
133.58261212482947
 10
47.197305593451574
 20
133.39614597544337
 10
47.17007375511597
 20
133.19124104706685
 10
47.150622442019106
 20
132.96789733969987
 10
47.13895165416099
 20
132.72611485334244
 10
47.13506139154162
 20
132.46589358799454
 10
47.14209583901774
 20
132.1118263983629
 10
47.16319918144612
 20
131.79655525238744
 10
47.198371418826746
 20
131.5200801500682
 10
47.24761255115963
 20
131.28240109140518
 10
47.31070941336972
 20
131.07808236698497
 10
47.387448840382
 20
130.90168826739426
 10
47.47783083219646
 20
130.753218792633
 10
47.5818553888131
 20
130.63267394270122
 10
47.69952251023193
 20
130.5394142223738
 10
47.83083219645294
 20
130.47280013642566
 10
47.97578444747614
 20
130.43283168485675
 10
48.13437926330151
 20
130.41950886766713
  0
LWPOLYLINE
  5
F0
330
17
100
AcDbEntity
  8
TEXT
100
AcDbPolyline
 90
5
 70
0
 10
51.398362892223744
 20
130.0
 10
50.69918144611188
 20
130.0
 10
50.69918144611188
 20
130.69918144611188
 10
51.398362892223744
 20
130.69918144611188
 10
51.398362892223744
 20
130.0
  0
LWPOLYLINE
  5
F1
330
17
100
AcDbEntity
  8
TEXT
100
AcDbPolyline
 90
65
 70
0
 10
53.959754433833574
 20
135.0238744884038
 10
54.15717193894954
 20
135.01388237551157
 10
54.34185283083221
 20
134.98390603683492
 10
54.513797109481594
 20
134.93394547237378
 10
54.67300477489769
 20
134.86400068212822
 10
54.8194758270805
 20
134.77407166609822
 10
54.95321026603003
 20
134.66415842428376
 10
55.07420809174626
 20
134.53426095668485
 10
55.18246930422921
 20
134.3843792633015
 10
55.277993903478865
 20
134.21451334413368
 10
55.360781889495236
 20
134.02466319918145
 10
55.43083326227832
 20
133.81482882844475
 10
55.48814802182812
 20
133.5850102319236
 10
55.53272616814462
 20
133.335207409618
 10
55.564567701227844
 20
133.06542036152797
 10
55.583672621077774
 20
132.77564908765348
 10
55.59004092769442
 20
132.46589358799454
 10
55.58345945600274
 20
132.15310048601637
 10
55.563715040927704
 20
131.86103768758525
 10
55.530807682469316
 20
131.58970519270122
 10
55.48473738062757
 20
131.33910300136426
 10
55.42550413540247
 20
131.10923111357434
 10
55.35310794679401
 20
130.9000895293315
 10
55.2675488148022
 20
130.71167824863574
 10
55.168826739427026
 20
130.54399727148703
 10
55.05779438096864
 20
130.39651368519782
 10
54.93530439972716
 20
130.26869457708048
 10
54.8013567957026
 20
130.16053994713505
 10
54.65595156889496
 20
130.07204979536152
 10
54.49908871930424
 20
130.00322412175987
 10
54.33076824693043
 20
129.95406292633012
 10
54.15099015177355
 20
129.92456620907228
 10
53.959754433833574
 20
129.91473396998634
 10
53.76274993605049
 20
129.9246994372442
 10
53.578455405866315
 20
129.9545958390177
 10
53.40687084328105
 20
130.00442317530695
 10
53.24799624829469
 20
130.07418144611185
 10
53.10183162090724
 20
130.16387065143246
 10
52.9683769611187
 20
130.27349079126876
 10
52.84763226892907
 20
130.40304186562074
 10
52.739597544338345
 20
130.5525238744884
 10
52.64427278734653
 20
130.72193681787175
 10
52.561657997953624
 20
130.91128069577078
 10
52.49175317615963
 20
131.12055550818553
 10
52.43455832196454
 20
131.34976125511596
 10
52.39007343536836
 20
131.59889793656208
 10
52.358298516371086
 20
131.86796555252388
 10
52.33923356497272
 20
132.15696410300137
 10
52.33287858117327
 20
132.46589358799454
 10
52.33946005286494
 20
132.77873998124147
 10
52.35920446793998
 20
133.07096265347886
 10
52.39211182639837
 20
133.34256160470667
 10
52.438182128240115
 20
133.59353683492498
 10
52.49741537346522
 20
133.8238883441337
 10
52.56981156207368
 20
134.03361613233287
 10
52.655370694065496
 20
134.2227201995225
 10
52.75409276944067
 20
134.3912005457026
 10
52.8650718366303
 20
134.5394835010232
 10
52.987401944065496
 20
134.66799539563436
 10
53.12108309174626
 20
134.77673622953614
 10
53.26611527967259
 20
134.8657060027285
 10
53.42249850784449
 20
134.93490471521145
 10
53.59023277626195
 20
134.98433236698497
 10
53.769318084924976
 20
135.0139889580491
 10
53.959754433833574
 20
135.0238744884038
  0
LWPOLYLINE
  5
F2
330
17
100
AcDbEntity
  8
TEXT
100
AcDbPolyline
 90
49
 70
0
 10
53.959754433833574
 20
130.41950886766713
 10
54.19189120054571
 20
130.44945856070942
 10
54.39375852660301
 20
130.5393076398363
 10
54.565356412005464
 20
130.68905610504774
 10
54.70668485675308
 20
130.89870395634378
 10
54.765838165075046
 20
131.02801521998634
 10
54.81710436562074
 20
131.1763514665757
 10
54.860483458390185
 20
131.34371269611185
 10
54.895975443383364
 20
131.53009890859482
 10
54.92358032060028
 20
131.73551010402454
 10
54.94329809004093
 20
131.9599462824011
 10
54.95512875170533
 20
132.20340744372442
 10
54.95907230559346
 20
132.46589358799454
 10
54.95214444065485
 20
132.8243306616644
 10
54.93136084583902
 20
133.1424795361528
 10
54.896721521145984
 20
133.42034021145975
 10
54.848226466575724
 20
133.65791268758525
 10
54.78576909959073
 20
133.86148533424284
 10
54.70924283765349
 20
134.037346521146
 10
54.61864768076399
 20
134.1854962482947
 10
54.51398362892225
 20
134.30593451568896
 10
54.39514409959073
 20
134.39919423601637
 10
54.26202251023194
 20
134.46580832196452
 10
54.11461886084585
 20
134.50577677353343
 10
53.95293315143248
 20
134.51909959072304
 10
53.721009549795376
 20
134.48861698499317
 10
53.51978171896317
 20
134.39716916780355
 10
53.34924965893589
 20
134.24475613915416
 10
53.209413369713516
 20
134.03137789904503
 10
53.15105943042293
 20
133.90022808663028
 10
53.100486016371086
 20
133.7506394952251
 10
53.05769312755799
 20
133.58261212482947
 10
53.022680763983644
 20
133.39614597544337
 10
52.995448925648034
 20
133.19124104706685
 10
52.97599761255117
 20
132.96789733969987
 10
52.96432682469305
 20
132.72611485334244
 10
52.96043656207368
 20
132.46589358799454
 10
52.967471009549804
 20
132.1118263983629
 10
52.98857435197819
 20
131.79655525238744
 10
53.02374658935881
 20
131.5200801500682
 10
53.07298772169169
 20
131.28240109140518
 10
53.136084583901784
 20
131.07808236698497
 10
53.21282401091406
 20
130.90168826739426
 10
53.30320600272852
 20
130.753218792633
 10
53.407230559345166
 20
130.63267394270122
 10
53.52489768076399
 20
130.5394142223738
 10
53.656207366985
 20
130.47280013642566
 10
53.8011596180082
 20
130.43283168485675
 10
53.959754433833574
 20
130.41950886766713
  0
LWPOLYLINE
  5
F3
330
17
100
AcDbEntity
  8
TEXT
100
AcDbPolyline
 90
65
 70
0
 10
57.84447476125513
 20
135.0238744884038
 10
58.04189226637109
 20
135.01388237551157
 10
58.226573158253764
 20
134.98390603683492
 10
58.39851743690315
 20
134.93394547237378
 10
58.557725102319246
 20
134.86400068212822
 10
58.70419615450206
 20
134.77407166609822
 10
58.83793059345158
 20
134.66415842428376
 10
58.95892841916781
 20
134.53426095668485
 10
59.06718963165076
 20
134.3843792633015
 10
59.16271423090042
 20
134.21451334413368
 10
59.24550221691679
 20
134.02466319918145
 10
59.315553589699874
 20
133.81482882844475
 10
59.37286834924967
 20
133.5850102319236
 10
59.417446495566175
 20
133.335207409618
 10
59.4492880286494
 20
133.06542036152797
 10
59.46839294849933
 20
132.77564908765348
 10
59.47476125511597
 20
132.46589358799454
 10
59.4681797834243
 20
132.15310048601637
 10
59.44843536834926
 20
131.86103768758525
 10
59.41552800989087
 20
131.58970519270122
 10
59.369457708049126
 20
131.33910300136426
 10
59.310224462824024
 20
131.10923111357434
 10
59.237828274215566
 20
130.9000895293315
 10
59.15226914222375
 20
130.71167824863574
 10
59.05354706684858
 20
130.54399727148703
 10
58.94251470839019
 20
130.39651368519782
 10
58.82002472714871
 20
130.26869457708048
 10
58.68607712312416
 20
130.16053994713505
 10
58.54067189631652
 20
130.07204979536152
 10
58.383809046725794
 20
130.00322412175987
 10
58.21548857435199
 20
129.95406292633012
 10
58.0357104791951
 20
129.92456620907228
 10
57.84447476125513
 20
129.91473396998634
 10
57.647470263472044
 20
129.9246994372442
 10
57.46317573328787
 20
129.9545958390177
 10
57.2915911707026
 20
130.00442317530695
 10
57.132716575716245
 20
130.07418144611185
 10
56.986551948328795
 20
130.16387065143246
 10
56.853097288540255
 20
130.27349079126876
 10
56.73235259635062
 20
130.40304186562074
 10
56.6243178717599
 20
130.5525238744884
 10
56.528993114768085
 20
130.72193681787175
 10
56.44637832537518
 20
130.91128069577078
 10
56.37647350358118
 20
131.12055550818553
 10
56.31927864938609
 20
131.34976125511596
 10
56.27479376278991
 20
131.59889793656208
 10
56.24301884379264
 20
131.86796555252388
 10
56.22395389239428
 20
132.15696410300137
 10
56.21759890859482
 20
132.46589358799454
 10
56.2241803802865
 20
132.77873998124147
 10
56.243924795361536
 20
133.07096265347886
 10
56.276832153819925
 20
133.34256160470667
 10
56.322902455661676
 20
133.59353683492498
 10
56.38213570088678
 20
133.8238883441337
 10
56.454531889495236
 20
134.03361613233287
 10
56.54009102148705
 20
134.2227201995225
 10
56.63881309686222
 20
134.3912005457026
 10
56.749792164051854
 20
134.5394835010232
 10
56.87212227148705
 20
134.66799539563436
 10
57.00580341916781
 20
134.77673622953614
 10
57.150835607094145
 20
134.8657060027285
 10
57.30721883526604
 20
134.93490471521145
 10
57.474953103683504
 20
134.98433236698497
 10
57.65403841234653
 20
135.0139889580491
 10
57.84447476125513
 20
135.0238744884038
  0
LWPOLYLINE
  5
F4
330
17
100
AcDbEntity
  8
TEXT
100
AcDbPolyline
 90
49
 70
0
 10
57.84447476125513
 20
130.41950886766713
 10
58.076611527967266
 20
130.44945856070942
 10
58.27847885402457
 20
130.5393076398363
 10
58.45007673942702
 20
130.68905610504774
 10
58.59140518417463
 20
130.89870395634378
 10
58.6505584924966
 20
131.02801521998634
 10
58.7018246930423
 20
131.1763514665757
 10
58.74520378581174
 20
131.34371269611185
 10
58.78069577080492
 20
131.53009890859482
 10
58.808300648021834
 20
131.73551010402454
 10
58.82801841746249
 20
131.9599462824011
 10
58.839849079126886
 20
132.20340744372442
 10
58.84379263301501
 20
132.46589358799454
 10
58.8368647680764
 20
132.8243306616644
 10
58.81608117326058
 20
133.1424795361528
 10
58.78144184856754
 20
133.42034021145975
 10
58.73294679399728
 20
133.65791268758525
 10
58.670489427012285
 20
133.86148533424284
 10
58.59396316507504
 20
134.037346521146
 10
58.50336800818555
 20
134.1854962482947
 10
58.3987039563438
 20
134.30593451568896
 10
58.279864427012285
 20
134.39919423601637
 10
58.14674283765349
 20
134.46580832196452
 10
57.999339188267406
 20
134.50577677353343
 10
57.83765347885404
 20
134.51909959072304
 10
57.60572987721693
 20
134.48861698499317
 10
57.40450204638473
 20
134.39716916780355
 10
57.233969986357444
 20
134.24475613915416
 10
57.09413369713507
 20
134.03137789904503
 10
57.03577975784449
 20
133.90022808663028
 10
56.98520634379264
 20
133.7506394952251
 10
56.942413454979544
 20
133.58261212482947
 10
56.90740109140519
 20
133.39614597544337
 10
56.88016925306959
 20
133.19124104706685
 10
56.86071793997272
 20
132.96789733969987
 10
56.84904715211461
 20
132.72611485334244
 10
56.845156889495236
 20
132.46589358799454
 10
56.85219133697136
 20
132.1118263983629
 10
56.873294679399734
 20
131.79655525238744
 10
56.90846691678036
 20
131.5200801500682
 10
56.95770804911324
 20
131.28240109140518
 10
57.02080491132334
 20
131.07808236698497
 10
57.09754433833562
 20
130.90168826739426
 10
57.18792633015008
 20
130.753218792633
 10
57.29195088676672
 20
130.63267394270122
 10
57.40961800818555
 20
130.5394142223738
 10
57.540927694406555
 20
130.47280013642566
 10
57.685879945429754
 20
130.43283168485675
 10
57.84447476125513
 20
130.41950886766713
  0
LWPOLYLINE
  5
F5
330
17
100
AcDbEntity
  8
TEXT
100
AcDbPolyline
 90
20
 70
0
 10
65.17394270122784
 20
130.0
 10
64.4167803547067
 20
130.0
 10
63.47544338335608
 20
131.4324693042292
 10
62.523874488403834
 20
130.0
 10
61.77694406548432
 20
130.0
 10
63.1036834924966
 20
131.88608458390178
 10
61.88267394270124
 20
133.61869031377898
 10
62.64324693042293
 20
133.61869031377898
 10
62.818575204638485
 20
133.35367283424284
 10
62.97280013642566
 20
133.11967087312414
 10
63.105921725784455
 20
132.91668443042292
 10
63.21793997271488
 20
132.74471350613914
 10
63.30885487721692
 20
132.60375810027284
 10
63.3786664392906
 20
132.493818212824
 10
63.42737465893589
 20
132.4148938437926
 10
63.454979536152806
 20
132.3669849931787
 10
64.3417462482947
 20
133.61869031377898
 10
65.07503410641202
 20
133.61869031377898
 10
63.823328785811746
 20
131.92019099590723
 10
65.17394270122784
 20
130.0
  0
LWPOLYLINE
  5
F6
330
17
100
AcDbEntity
  8
TEXT
100
AcDbPolyline
 90
18
 70
0
 10
69.78171896316509
 20
130.0
 10
69.16780354706687
 20
130.0
 10
69.16780354706687
 20
133.9120054570259
 10
68.91818724420193
 20
133.7020378581173
 10
68.62977489768079
 20
133.5086971350614
 10
68.30256650750343
 20
133.33198328785812
 10
67.93656207366986
 20
133.1718963165075
 10
67.93656207366986
 20
133.76534788540246
 10
68.1911877557981
 20
133.89617795020465
 10
68.42471009549797
 20
134.03457537517053
 10
68.63712909276946
 20
134.18054016030013
 10
68.82844474761256
 20
134.33407230559345
 10
68.9986570600273
 20
134.49517181105045
 10
69.14776603001366
 20
134.6638386766712
 10
69.27577165757164
 20
134.84007290245566
 10
69.38267394270125
 20
135.0238744884038
 10
69.78171896316509
 20
135.0238744884038
 10
69.78171896316509
 20
130.0
  0
LWPOLYLINE
  5
F7
330
17
100
AcDbEntity
  8
TEXT
100
AcDbPolyline
 90
65
 70
0
 10
72.98772169167806
 20
135.0238744884038
 10
73.18513919679403
 20
135.01388237551157
 10
73.36982008867669
 20
134.98390603683492
 10
73.54176436732608
 20
134.93394547237378
 10
73.70097203274217
 20
134.86400068212822
 10
73.84744308492499
 20
134.77407166609822
 10
73.9811775238745
 20
134.66415842428376
 10
74.10217534959074
 20
134.53426095668485
 10
74.21043656207368
 20
134.3843792633015
 10
74.30596116132335
 20
134.21451334413368
 10
74.38874914733972
 20
134.02466319918145
 10
74.45880052012281
 20
133.81482882844475
 10
74.51611527967259
 20
133.5850102319236
 10
74.5606934259891
 20
133.335207409618
 10
74.59253495907232
 20
133.06542036152797
 10
74.61163987892225
 20
132.77564908765348
 10
74.6180081855389
 20
132.46589358799454
 10
74.61142671384722
 20
132.15310048601637
 10
74.59168229877218
 20
131.86103768758525
 10
74.5587749403138
 20
131.58970519270122
 10
74.51270463847206
 20
131.33910300136426
 10
74.45347139324696
 20
131.10923111357434
 10
74.38107520463849
 20
130.9000895293315
 10
74.29551607264668
 20
130.71167824863574
 10
74.19679399727151
 20
130.54399727148703
 10
74.08576163881312
 20
130.39651368519782
 10
73.96327165757165
 20
130.26869457708048
 10
73.8293240535471
 20
130.16053994713505
 10
73.68391882673944
 20
130.07204979536152
 10
73.52705597714873
 20
130.00322412175987
 10
73.35873550477493
 20
129.95406292633012
 10
73.17895740961804
 20
129.92456620907228
 10
72.98772169167806
 20
129.91473396998634
 10
72.79071719389498
 20
129.9246994372442
 10
72.6064226637108
 20
129.9545958390177
 10
72.43483810112554
 20
130.00442317530695
 10
72.27596350613918
 20
130.07418144611185
 10
72.12979887875173
 20
130.16387065143246
 10
71.99634421896319
 20
130.27349079126876
 10
71.87559952677356
 20
130.40304186562074
 10
71.76756480218283
 20
130.5525238744884
 10
71.67224004519102
 20
130.72193681787175
 10
71.58962525579811
 20
130.91128069577078
 10
71.51972043400411
 20
131.12055550818553
 10
71.46252557980903
 20
131.34976125511596
 10
71.41804069321284
 20
131.59889793656208
 10
71.38626577421557
 20
131.86796555252388
 10
71.36720082281721
 20
132.15696410300137
 10
71.36084583901776
 20
132.46589358799454
 10
71.36742731070943
 20
132.77873998124147
 10
71.38717172578447
 20
133.07096265347886
 10
71.42007908424286
 20
133.34256160470667
 10
71.46614938608461
 20
133.59353683492498
 10
71.52538263130971
 20
133.8238883441337
 10
71.59777881991816
 20
134.03361613233287
 10
71.68333795190998
 20
134.2227201995225
 10
71.78206002728516
 20
134.3912005457026
 10
71.89303909447479
 20
134.5394835010232
 10
72.01536920190998
 20
134.66799539563436
 10
72.14905034959074
 20
134.77673622953614
 10
72.29408253751707
 20
134.8657060027285
 10
72.45046576568897
 20
134.93490471521145
 10
72.61820003410644
 20
134.98433236698497
 10
72.79728534276947
 20
135.0139889580491
 10
72.98772169167806
 20
135.0238744884038
  0
LWPOLYLINE
  5
F8
330
17
100
AcDbEntity
  8
TEXT
100
AcDbPolyline
 90
49
 70
0
 10
72.98772169167806
 20
130.41950886766713
 10
73.2198584583902
 20
130.44945856070942
 10
73.4217257844475
 20
130.5393076398363
 10
73.59332366984995
 20
130.68905610504774
 10
73.73465211459757
 20
130.89870395634378
 10
73.79380542291953
 20
131.02801521998634
 10
73.84507162346523
 20
131.1763514665757
 10
73.88845071623467
 20
131.34371269611185
 10
73.92394270122784
 20
131.53009890859482
 10
73.95154757844477
 20
131.73551010402454
 10
73.97126534788542
 20
131.9599462824011
 10
73.98309600954981
 20
132.20340744372442
 10
73.98703956343795
 20
132.46589358799454
 10
73.98011169849934
 20
132.8243306616644
 10
73.95932810368352
 20
133.1424795361528
 10
73.92468877899047
 20
133.42034021145975
 10
73.87619372442022
 20
133.65791268758525
 10
73.81373635743522
 20
133.86148533424284
 10
73.73721009549797
 20
134.037346521146
 10
73.64661493860848
 20
134.1854962482947
 10
73.54195088676673
 20
134.30593451568896
 10
73.42311135743522
 20
134.39919423601637
 10
73.28998976807642
 20
134.46580832196452
 10
73.14258611869033
 20
134.50577677353343
 10
72.98090040927697
 20
134.51909959072304
 10
72.74897680763986
 20
134.48861698499317
 10
72.54774897680767
 20
134.39716916780355
 10
72.37721691678037
 20
134.24475613915416
 10
72.237380627558
 20
134.03137789904503
 10
72.17902668826741
 20
133.90022808663028
 10
72.12845327421557
 20
133.7506394952251
 10
72.08566038540248
 20
133.58261212482947
 10
72.05064802182812
 20
133.39614597544337
 10
72.02341618349251
 20
133.19124104706685
 10
72.00396487039565
 20
132.96789733969987
 10
71.99229408253754
 20
132.72611485334244
 10
71.98840381991816
 20
132.46589358799454
 10
71.99543826739429
 20
132.1118263983629
 10
72.01654160982267
 20
131.79655525238744
 10
72.05171384720329
 20
131.5200801500682
 10
72.10095497953617
 20
131.28240109140518
 10
72.16405184174627
 20
131.07808236698497
 10
72.24079126875854
 20
130.90168826739426
 10
72.33117326057301
 20
130.753218792633
 10
72.43519781718966
 20
130.63267394270122
 10
72.55286493860848
 20
130.5394142223738
 10
72.6841746248295
 20
130.47280013642566
 10
72.8291268758527
 20
130.43283168485675
 10
72.98772169167806
 20
130.41950886766713
  0
LWPOLYLINE
  5
F9
330
17
100
AcDbEntity
  8
TEXT
100
AcDbPolyline
 90
65
 70
0
 10
76.87244201909962
 20
135.0238744884038
 10
77.06985952421559
 20
135.01388237551157
 10
77.25454041609825
 20
134.98390603683492
 10
77.42648469474764
 20
134.93394547237378
 10
77.58569236016373
 20
134.86400068212822
 10
77.73216341234655
 20
134.77407166609822
 10
77.86589785129607
 20
134.66415842428376
 10
77.9868956770123
 20
134.53426095668485
 10
78.09515688949526
 20
134.3843792633015
 10
78.19068148874491
 20
134.21451334413368
 10
78.27346947476128
 20
134.02466319918145
 10
78.34352084754437
 20
133.81482882844475
 10
78.40083560709415
 20
133.5850102319236
 10
78.44541375341066
 20
133.335207409618
 10
78.47725528649389
 20
133.06542036152797
 10
78.49636020634381
 20
132.77564908765348
 10
78.50272851296046
 20
132.46589358799454
 10
78.49614704126878
 20
132.15310048601637
 10
78.47640262619375
 20
131.86103768758525
 10
78.44349526773536
 20
131.58970519270122
 10
78.3974249658936
 20
131.33910300136426
 10
78.33819172066852
 20
131.10923111357434
 10
78.26579553206005
 20
130.9000895293315
 10
78.18023640006824
 20
130.71167824863574
 10
78.08151432469307
 20
130.54399727148703
 10
77.97048196623469
 20
130.39651368519782
 10
77.84799198499321
 20
130.26869457708048
 10
77.71404438096866
 20
130.16053994713505
 10
77.56863915416102
 20
130.07204979536152
 10
77.4117763045703
 20
130.00322412175987
 10
77.24345583219649
 20
129.95406292633012
 10
77.0636777370396
 20
129.92456620907228
 10
76.87244201909962
 20
129.91473396998634
 10
76.67543752131654
 20
129.9246994372442
 10
76.49114299113236
 20
129.9545958390177
 10
76.3195584285471
 20
130.00442317530695
 10
76.16068383356074
 20
130.07418144611185
 10
76.01451920617329
 20
130.16387065143246
 10
75.88106454638475
 20
130.27349079126876
 10
75.76031985419512
 20
130.40304186562074
 10
75.6522851296044
 20
130.5525238744884
 10
75.55696037261258
 20
130.72193681787175
 10
75.47434558321967
 20
130.91128069577078
 10
75.40444076142568
 20
131.12055550818553
 10
75.34724590723059
 20
131.34976125511596
 10
75.3027610206344
 20
131.59889793656208
 10
75.27098610163713
 20
131.86796555252388
 10
75.25192115023877
 20
132.15696410300137
 10
75.24556616643932
 20
132.46589358799454
 10
75.25214763813099
 20
132.77873998124147
 10
75.27189205320603
 20
133.07096265347886
 10
75.30479941166442
 20
133.34256160470667
 10
75.35086971350617
 20
133.59353683492498
 10
75.41010295873127
 20
133.8238883441337
 10
75.48249914733972
 20
134.03361613233287
 10
75.56805827933154
 20
134.2227201995225
 10
75.66678035470672
 20
134.3912005457026
 10
75.77775942189635
 20
134.5394835010232
 10
75.90008952933154
 20
134.66799539563436
 10
76.0337706770123
 20
134.77673622953614
 10
76.17880286493863
 20
134.8657060027285
 10
76.33518609311054
 20
134.93490471521145
 10
76.502920361528
 20
134.98433236698497
 10
76.68200567019103
 20
135.0139889580491
 10
76.87244201909962
 20
135.0238744884038
  0
LWPOLYLINE
  5
FA
330
17
100
AcDbEntity
  8
TEXT
100
AcDbPolyline
 90
49
 70
0
 10
76.87244201909962
 20
130.41950886766713
 10
77.10457878581177
 20
130.44945856070942
 10
77.30644611186906
 20
130.5393076398363
 10
77.47804399727151
 20
130.68905610504774
 10
77.61937244201913
 20
130.89870395634378
 10
77.6785257503411
 20
131.02801521998634
 10
77.72979195088679
 20
131.1763514665757
 10
77.77317104365623
 20
131.34371269611185
 10
77.80866302864942
 20
131.53009890859482
 10
77.83626790586634
 20
131.73551010402454
 10
77.85598567530698
 20
131.9599462824011
 10
77.86781633697137
 20
132.20340744372442
 10
77.87175989085951
 20
132.46589358799454
 10
77.8648320259209
 20
132.8243306616644
 10
77.84404843110508
 20
133.1424795361528
 10
77.80940910641203
 20
133.42034021145975
 10
77.76091405184178
 20
133.65791268758525
 10
77.69845668485678
 20
133.86148533424284
 10
77.62193042291955
 20
134.037346521146
 10
77.53133526603004
 20
134.1854962482947
 10
77.4266712141883
 20
134.30593451568896
 10
77.30783168485678
 20
134.39919423601637
 10
77.17471009549799
 20
134.46580832196452
 10
77.02730644611191
 20
134.50577677353343
 10
76.86562073669853
 20
134.51909959072304
 10
76.63369713506142
 20
134.48861698499317
 10
76.43246930422923
 20
134.39716916780355
 10
76.26193724420193
 20
134.24475613915416
 10
76.12210095497956
 20
134.03137789904503
 10
76.06374701568897
 20
133.90022808663028
 10
76.01317360163713
 20
133.7506394952251
 10
75.97038071282404
 20
133.58261212482947
 10
75.93536834924969
 20
133.39614597544337
 10
75.90813651091408
 20
133.19124104706685
 10
75.88868519781721
 20
132.96789733969987
 10
75.8770144099591
 20
132.72611485334244
 10
75.87312414733972
 20
132.46589358799454
 10
75.88015859481585
 20
132.1118263983629
 10
75.90126193724423
 20
131.79655525238744
 10
75.93643417462485
 20
131.5200801500682
 10
75.98567530695773
 20
131.28240109140518
 10
76.04877216916783
 20
131.07808236698497
 10
76.1255115961801
 20
130.90168826739426
 10
76.21589358799457
 20
130.753218792633
 10
76.31991814461122
 20
130.63267394270122
 10
76.43758526603006
 20
130.5394142223738
 10
76.56889495225106
 20
130.47280013642566
 10
76.71384720327424
 20
130.43283168485675
 10
76.87244201909962
 20
130.41950886766713
  0
LWPOLYLINE
  5
FB
330
17
100
AcDbEntity
  8
TEXT
100
AcDbPolyline
 90
5
 70
0
 10
80.13642564802187
 20
130.0
 10
79.43724420190999
 20
130.0
 10
79.43724420190999
 20
130.69918144611188
 10
80.13642564802187
 20
130.69918144611188
 10
80.13642564802187
 20
130.0
  0
LWPOLYLINE
  5
FC
330
17
100
AcDbEntity
  8
TEXT
100
AcDbPolyline
 90
65
 70
0
 10
82.69781718963169
 20
135.0238744884038
 10
82.89523469474766
 20
135.01388237551157
 10
83.07991558663032
 20
134.98390603683492
 10
83.25185986527971
 20
134.93394547237378
 10
83.4110675306958
 20
134.86400068212822
 10
83.55753858287862
 20
134.77407166609822
 10
83.69127302182814
 20
134.66415842428376
 10
83.81227084754437
 20
134.53426095668485
 10
83.92053206002731
 20
134.3843792633015
 10
84.01605665927698
 20
134.21451334413368
 10
84.09884464529335
 20
134.02466319918145
 10
84.16889601807644
 20
133.81482882844475
 10
84.22621077762622
 20
133.5850102319236
 10
84.27078892394273
 20
133.335207409618
 10
84.30263045702596
 20
133.06542036152797
 10
84.32173537687588
 20
132.77564908765348
 10
84.32810368349253
 20
132.46589358799454
 10
84.32152221180085
 20
132.15310048601637
 10
84.30177779672582
 20
131.86103768758525
 10
84.26887043826743
 20
131.58970519270122
 10
84.22280013642569
 20
131.33910300136426
 10
84.16356689120059
 20
131.10923111357434
 10
84.09117070259212
 20
130.9000895293315
 10
84.00561157060031
 20
130.71167824863574
 10
83.90688949522514
 20
130.54399727148703
 10
83.79585713676676
 20
130.39651368519782
 10
83.67336715552528
 20
130.26869457708048
 10
83.53941955150073
 20
130.16053994713505
 10
83.39401432469307
 20
130.07204979536152
 10
83.23715147510237
 20
130.00322412175987
 10
83.06883100272856
 20
129.95406292633012
 10
82.88905290757167
 20
129.92456620907228
 10
82.69781718963169
 20
129.91473396998634
 10
82.50081269184861
 20
129.9246994372442
 10
82.31651816166443
 20
129.9545958390177
 10
82.14493359907917
 20
130.00442317530695
 10
81.98605900409281
 20
130.07418144611185
 10
81.83989437670536
 20
130.16387065143246
 10
81.70643971691682
 20
130.27349079126876
 10
81.58569502472719
 20
130.40304186562074
 10
81.47766030013646
 20
130.5525238744884
 10
81.38233554314465
 20
130.72193681787175
 10
81.29972075375174
 20
130.91128069577078
 10
81.22981593195775
 20
131.12055550818553
 10
81.17262107776266
 20
131.34976125511596
 10
81.12813619116648
 20
131.59889793656208
 10
81.0963612721692
 20
131.86796555252388
 10
81.07729632077084
 20
132.15696410300137
 10
81.07094133697139
 20
132.46589358799454
 10
81.07752280866306
 20
132.77873998124147
 10
81.0972672237381
 20
133.07096265347886
 10
81.13017458219649
 20
133.34256160470667
 10
81.17624488403824
 20
133.59353683492498
 10
81.23547812926334
 20
133.8238883441337
 10
81.30787431787179
 20
134.03361613233287
 10
81.39343344986361
 20
134.2227201995225
 10
81.49215552523879
 20
134.3912005457026
 10
81.60313459242842
 20
134.5394835010232
 10
81.72546469986361
 20
134.66799539563436
 10
81.85914584754437
 20
134.77673622953614
 10
82.0041780354707
 20
134.8657060027285
 10
82.1605612636426
 20
134.93490471521145
 10
82.32829553206007
 20
134.98433236698497
 10
82.5073808407231
 20
135.0139889580491
 10
82.69781718963169
 20
135.0238744884038
  0
LWPOLYLINE
  5
FD
330
17
100
AcDbEntity
  8
TEXT
100
AcDbPolyline
 90
49
 70
0
 10
82.69781718963169
 20
130.41950886766713
 10
82.92995395634384
 20
130.44945856070942
 10
83.13182128240113
 20
130.5393076398363
 10
83.30341916780358
 20
130.68905610504774
 10
83.4447476125512
 20
130.89870395634378
 10
83.50390092087316
 20
131.02801521998634
 10
83.55516712141886
 20
131.1763514665757
 10
83.5985462141883
 20
131.34371269611185
 10
83.63403819918148
 20
131.53009890859482
 10
83.6616430763984
 20
131.73551010402454
 10
83.68136084583905
 20
131.9599462824011
 10
83.69319150750344
 20
132.20340744372442
 10
83.69713506139158
 20
132.46589358799454
 10
83.69020719645297
 20
132.8243306616644
 10
83.66942360163715
 20
133.1424795361528
 10
83.6347842769441
 20
133.42034021145975
 10
83.58628922237385
 20
133.65791268758525
 10
83.52383185538885
 20
133.86148533424284
 10
83.4473055934516
 20
134.037346521146
 10
83.35671043656211
 20
134.1854962482947
 10
83.25204638472036
 20
134.30593451568896
 10
83.13320685538885
 20
134.39919423601637
 10
83.00008526603006
 20
134.46580832196452
 10
82.85268161664396
 20
134.50577677353343
 10
82.6909959072306
 20
134.51909959072304
 10
82.4590723055935
 20
134.48861698499317
 10
82.2578444747613
 20
134.39716916780355
 10
82.087312414734
 20
134.24475613915416
 10
81.94747612551163
 20
134.03137789904503
 10
81.88912218622104
 20
133.90022808663028
 10
81.8385487721692
 20
133.7506394952251
 10
81.79575588335611
 20
133.58261212482947
 10
81.76074351978176
 20
133.39614597544337
 10
81.73351168144615
 20
133.19124104706685
 10
81.71406036834928
 20
132.96789733969987
 10
81.70238958049117
 20
132.72611485334244
 10
81.69849931787179
 20
132.46589358799454
 10
81.70553376534792
 20
132.1118263983629
 10
81.7266371077763
 20
131.79655525238744
 10
81.76180934515692
 20
131.5200801500682
 10
81.8110504774898
 20
131.28240109140518
 10
81.8741473396999
 20
131.07808236698497
 10
81.95088676671217
 20
130.90168826739426
 10
82.04126875852664
 20
130.753218792633
 10
82.14529331514329
 20
130.63267394270122
 10
82.26296043656211
 20
130.5394142223738
 10
82.39427012278313
 20
130.47280013642566
 10
82.53922237380633
 20
130.43283168485675
 10
82.69781718963169
 20
130.41950886766713
  0
LWPOLYLINE
  5
FE
330
17
100
AcDbEntity
  8
TEXT
100
AcDbPolyline
 90
65
 70
0
 10
86.58253751705325
 20
135.0238744884038
 10
86.77995502216922
 20
135.01388237551157
 10
86.96463591405188
 20
134.98390603683492
 10
87.13658019270127
 20
134.93394547237378
 10
87.29578785811736
 20
134.86400068212822
 10
87.44225891030018
 20
134.77407166609822
 10
87.5759933492497
 20
134.66415842428376
 10
87.69699117496593
 20
134.53426095668485
 10
87.80525238744889
 20
134.3843792633015
 10
87.90077698669855
 20
134.21451334413368
 10
87.98356497271492
 20
134.02466319918145
 10
88.053616345498
 20
133.81482882844475
 10
88.11093110504778
 20
133.5850102319236
 10
88.1555092513643
 20
133.335207409618
 10
88.18735078444752
 20
133.06542036152797
 10
88.20645570429744
 20
132.77564908765348
 10
88.21282401091409
 20
132.46589358799454
 10
88.20624253922242
 20
132.15310048601637
 10
88.18649812414738
 20
131.86103768758525
 10
88.15359076568899
 20
131.58970519270122
 10
88.10752046384724
 20
131.33910300136426
 10
88.04828721862215
 20
131.10923111357434
 10
87.97589103001368
 20
130.9000895293315
 10
87.89033189802187
 20
130.71167824863574
 10
87.7916098226467
 20
130.54399727148703
 10
87.68057746418832
 20
130.39651368519782
 10
87.55808748294685
 20
130.26869457708048
 10
87.42413987892229
 20
130.16053994713505
 10
87.27873465211465
 20
130.07204979536152
 10
87.12187180252393
 20
130.00322412175987
 10
86.95355133015012
 20
129.95406292633012
 10
86.77377323499323
 20
129.92456620907228
 10
86.58253751705325
 20
129.91473396998634
 10
86.38553301927017
 20
129.9246994372442
 10
86.201238489086
 20
129.9545958390177
 10
86.02965392650073
 20
130.00442317530695
 10
85.87077933151437
 20
130.07418144611185
 10
85.72461470412692
 20
130.16387065143246
 10
85.59116004433838
 20
130.27349079126876
 10
85.47041535214875
 20
130.40304186562074
 10
85.36238062755803
 20
130.5525238744884
 10
85.26705587056621
 20
130.72193681787175
 10
85.1844410811733
 20
130.91128069577078
 10
85.1145362593793
 20
131.12055550818553
 10
85.05734140518422
 20
131.34976125511596
 10
85.01285651858804
 20
131.59889793656208
 10
84.98108159959077
 20
131.86796555252388
 10
84.9620166481924
 20
132.15696410300137
 10
84.95566166439295
 20
132.46589358799454
 10
84.96224313608462
 20
132.77873998124147
 10
84.98198755115966
 20
133.07096265347886
 10
85.01489490961805
 20
133.34256160470667
 10
85.0609652114598
 20
133.59353683492498
 10
85.1201984566849
 20
133.8238883441337
 10
85.19259464529335
 20
134.03361613233287
 10
85.27815377728517
 20
134.2227201995225
 10
85.37687585266035
 20
134.3912005457026
 10
85.48785491984998
 20
134.5394835010232
 10
85.61018502728517
 20
134.66799539563436
 10
85.74386617496593
 20
134.77673622953614
 10
85.88889836289226
 20
134.8657060027285
 10
86.04528159106417
 20
134.93490471521145
 10
86.21301585948163
 20
134.98433236698497
 10
86.39210116814466
 20
135.0139889580491
 10
86.58253751705325
 20
135.0238744884038
  0
LWPOLYLINE
  5
FF
330
17
100
AcDbEntity
  8
TEXT
100
AcDbPolyline
 90
49
 70
0
 10
86.58253751705325
 20
130.41950886766713
 10
86.8146742837654
 20
130.44945856070942
 10
87.0165416098227
 20
130.5393076398363
 10
87.18813949522514
 20
130.68905610504774
 10
87.32946793997276
 20
130.89870395634378
 10
87.38862124829473
 20
131.02801521998634
 10
87.43988744884042
 20
131.1763514665757
 10
87.48326654160986
 20
131.34371269611185
 10
87.51875852660305
 20
131.53009890859482
 10
87.54636340381997
 20
131.73551010402454
 10
87.56608117326061
 20
131.9599462824011
 10
87.577911834925
 20
132.20340744372442
 10
87.58185538881314
 20
132.46589358799454
 10
87.57492752387454
 20
132.8243306616644
 10
87.55414392905871
 20
133.1424795361528
 10
87.51950460436566
 20
133.42034021145975
 10
87.47100954979541
 20
133.65791268758525
 10
87.40855218281041
 20
133.86148533424284
 10
87.33202592087318
 20
134.037346521146
 10
87.24143076398367
 20
134.1854962482947
 10
87.13676671214193
 20
134.30593451568896
 10
87.01792718281041
 20
134.39919423601637
 10
86.88480559345162
 20
134.46580832196452
 10
86.73740194406554
 20
134.50577677353343
 10
86.57571623465216
 20
134.51909959072304
 10
86.34379263301506
 20
134.48861698499317
 10
86.14256480218286
 20
134.39716916780355
 10
85.97203274215556
 20
134.24475613915416
 10
85.83219645293319
 20
134.03137789904503
 10
85.7738425136426
 20
133.90022808663028
 10
85.72326909959077
 20
133.7506394952251
 10
85.68047621077767
 20
133.58261212482947
 10
85.64546384720332
 20
133.39614597544337
 10
85.61823200886771
 20
133.19124104706685
 10
85.59878069577084
 20
132.96789733969987
 10
85.58710990791273
 20
132.72611485334244
 10
85.58321964529335
 20
132.46589358799454
 10
85.59025409276948
 20
132.1118263983629
 10
85.61135743519786
 20
131.79655525238744
 10
85.64652967257848
 20
131.5200801500682
 10
85.69577080491136
 20
131.28240109140518
 10
85.75886766712146
 20
131.07808236698497
 10
85.83560709413374
 20
130.90168826739426
 10
85.9259890859482
 20
130.753218792633
 10
86.03001364256485
 20
130.63267394270122
 10
86.14768076398369
 20
130.5394142223738
 10
86.27899045020469
 20
130.47280013642566
 10
86.42394270122787
 20
130.43283168485675
 10
86.58253751705325
 20
130.41950886766713
  0
LWPOLYLINE
  5
100
330
17
100
AcDbEntity
  8
TEXT
100
AcDbPolyline
 90
81
 70
0
 10
95.8390177353343
 20
130.0
 10
95.22510231923607
 20
130.0
 10
95.22510231923607
 20
132.2851296043656
 10
95.22297066848573
 20
132.4067402796726
 10
95.2165757162347
 20
132.51918485675307
 10
95.205917462483
 20
132.6224633356071
 10
95.19099590723062
 20
132.71657571623464
 10
95.16722800136431
 20
132.80354706684855
 10
95.13003069577086
 20
132.88540245566168
 10
95.07940399045026
 20
132.96214188267393
 10
95.0153478854025
 20
133.0337653478854
 10
94.9346649045021
 20
133.0941976466576
 10
94.83415757162352
 20
133.13736357435198
 10
94.71382588676677
 20
133.16326313096863
 10
94.57366984993185
 20
133.1718963165075
 10
94.39908765347892
 20
133.156122100955
 10
94.23686903137795
 20
133.1087994542974
 10
94.08701398362896
 20
133.0299283765348
 10
93.94952251023197
 20
132.91950886766713
 10
93.83462653478858
 20
132.7737039563438
 10
93.75255798090046
 20
132.5886766712142
 10
93.70331684856758
 20
132.3644270122783
 10
93.68690313778995
 20
132.10095497953614
 10
93.68690313778995
 20
130.0
 10
93.07298772169173
 20
130.0
 10
93.07298772169173
 20
132.35334242837652
 10
93.06264921555258
 20
132.57013130968622
 10
93.0316336971351
 20
132.74982946793997
 10
92.97994116643935
 20
132.8924369031378
 10
92.90757162346526
 20
132.99795361527967
 10
92.81623038881315
 20
133.07405354706685
 10
92.70762278308328
 20
133.12841064120056
 10
92.58174880627564
 20
133.16102489768076
 10
92.43860845839023
 20
133.1718963165075
 10
92.24963761937249
 20
133.15484311050477
 10
92.0783594815826
 20
133.1036834924966
 10
91.92477404502051
 20
133.01841746248294
 10
91.78888130968627
 20
132.89904502046386
 10
91.67771572305598
 20
132.73298942701228
 10
91.59831173260578
 20
132.50767394270125
 10
91.55066933833565
 20
132.2230985675307
 10
91.53478854024561
 20
131.87926330150069
 10
91.53478854024561
 20
130.0
 10
90.92087312414739
 20
130.0
 10
90.92087312414739
 20
133.61869031377898
 10
91.47339699863579
 20
133.61869031377898
 10
91.47339699863579
 20
133.11391541609822
 10
91.48703956343797
 20
133.11391541609822
 10
91.58450929399733
 20
133.25140688949523
 10
91.6927438608459
 20
133.3705661664393
 10
91.81174326398369
 20
133.4713932469304
 10
91.94150750341069
 20
133.55388813096863
 10
92.08203657912694
 20
133.61805081855388
 10
92.23333049113239
 20
133.66388130968622
 10
92.39538923942708
 20
133.6913796043656
 10
92.56821282401097
 20
133.70054570259208
 10
92.75888898362898
 20
133.690633526603
 10
92.93187244201916
 20
133.66089699863574
 10
93.0871631991815
 20
133.6113361186903
 10
93.22476125511602
 20
133.5419508867667
 10
93.3446666098227
 20
133.45274130286492
 10
93.44687926330155
 20
133.343707366985
 10
93.53139921555257
 20
133.21484907912688
 10
93.59822646657577
 20
133.06616643929058
 10
93.70368988744889
 20
133.21484907912688
 10
93.81885231923607
 20
133.343707366985
 10
93.94371376193729
 20
133.45274130286492
 10
94.07827421555257
 20
133.5419508867667
 10
94.22253368008191
 20
133.6113361186903
 10
94.3764921555253
 20
133.66089699863574
 10
94.54014964188273
 20
133.690633526603
 10
94.71350613915422
 20
133.70054570259208
 10
94.97729791950893
 20
133.68157401091403
 10
95.205917462483
 20
133.62465893587995
 10
95.39936476807645
 20
133.52980047748977
 10
95.55763983628928
 20
133.39699863574353
 10
95.68074266712148
 20
133.2262534106412
 10
95.76867326057304
 20
133.01756480218282
 10
95.82143161664398
 20
132.77093281036835
 10
95.8390177353343
 20
132.48635743519782
 10
95.8390177353343
 20
130.0
  0
LWPOLYLINE
  5
101
330
17
100
AcDbEntity
  8
TEXT
100
AcDbPolyline
 90
81
 70
0
 10
101.65757162346526
 20
130.0
 10
101.04365620736704
 20
130.0
 10
101.04365620736704
 20
132.2851296043656
 10
101.0415245566167
 20
132.4067402796726
 10
101.03512960436566
 20
132.51918485675307
 10
101.02447135061396
 20
132.6224633356071
 10
101.00954979536158
 20
132.71657571623464
 10
100.98578188949527
 20
132.80354706684855
 10
100.94858458390182
 20
132.88540245566168
 10
100.89795787858122
 20
132.96214188267393
 10
100.83390177353347
 20
133.0337653478854
 10
100.75321879263306
 20
133.0941976466576
 10
100.65271145975449
 20
133.13736357435198
 10
100.53237977489773
 20
133.16326313096863
 10
100.39222373806281
 20
133.1718963165075
 10
100.21764154160988
 20
133.156122100955
 10
100.05542291950891
 20
133.1087994542974
 10
99.90556787175993
 20
133.0299283765348
 10
99.76807639836294
 20
132.91950886766713
 10
99.65318042291955
 20
132.7737039563438
 10
99.57111186903143
 20
132.5886766712142
 10
99.52187073669855
 20
132.3644270122783
 10
99.50545702592092
 20
132.10095497953614
 10
99.50545702592092
 20
130.0
 10
98.8915416098227
 20
130.0
 10
98.8915416098227
 20
132.35334242837652
 10
98.88120310368355
 20
132.57013130968622
 10
98.85018758526607
 20
132.74982946793997
 10
98.79849505457031
 20
132.8924369031378
 10
98.72612551159622
 20
132.99795361527967
 10
98.63478427694412
 20
133.07405354706685
 10
98.52617667121424
 20
133.12841064120056
 10
98.4003026944066
 20
133.16102489768076
 10
98.2571623465212
 20
133.1718963165075
 10
98.06819150750346
 20
133.15484311050477
 10
97.89691336971356
 20
133.1036834924966
 10
97.74332793315148
 20
133.01841746248294
 10
97.60743519781724
 20
132.89904502046386
 10
97.49626961118695
 20
132.73298942701228
 10
97.41686562073674
 20
132.50767394270125
 10
97.36922322646662
 20
132.2230985675307
 10
97.35334242837658
 20
131.87926330150069
 10
97.35334242837658
 20
130.0
 10
96.73942701227836
 20
130.0
 10
96.73942701227836
 20
133.61869031377898
 10
97.29195088676676
 20
133.61869031377898
 10
97.29195088676676
 20
133.11391541609822
 10
97.30559345156894
 20
133.11391541609822
 10
97.40306318212829
 20
133.25140688949523
 10
97.51129774897686
 20
133.3705661664393
 10
97.63029715211465
 20
133.4713932469304
 10
97.76006139154165
 20
133.55388813096863
 10
97.9005904672579
 20
133.61805081855388
 10
98.05188437926336
 20
133.66388130968622
 10
98.21394312755804
 20
133.6913796043656
 10
98.38676671214193
 20
133.70054570259208
 10
98.57744287175994
 20
133.690633526603
 10
98.75042633015012
 20
133.66089699863574
 10
98.90571708731247
 20
133.6113361186903
 10
99.04331514324699
 20
133.5419508867667
 10
99.16322049795366
 20
133.45274130286492
 10
99.26543315143252
 20
133.343707366985
 10
99.34995310368353
 20
133.21484907912688
 10
99.41678035470673
 20
133.06616643929058
 10
99.52224377557985
 20
133.21484907912688
 10
99.63740620736704
 20
133.343707366985
 10
99.76226765006825
 20
133.45274130286492
 10
99.89682810368353
 20
133.5419508867667
 10
100.04108756821287
 20
133.6113361186903
 10
100.19504604365626
 20
133.66089699863574
 10
100.3587035300137
 20
133.690633526603
 10
100.53206002728518
 20
133.70054570259208
 10
100.79585180763989
 20
133.68157401091403
 10
101.02447135061396
 20
133.62465893587995
 10
101.21791865620742
 20
133.52980047748977
 10
101.37619372442025
 20
133.39699863574353
 10
101.49929655525244
 20
133.2262534106412
 10
101.587227148704
 20
133.01756480218282
 10
101.63998550477494
 20
132.77093281036835
 10
101.65757162346526
 20
132.48635743519782
 10
101.65757162346526
 20
130.0
  0
LWPOLYLINE
  5
103
330
17
100
AcDbEntity
  8
TEXT
100
AcDbPolyline
 90
13
 70
0
 10
4.484993178717599
 20
121.0
 10
3.819918144611187
 20
121.0
 10
3.819918144611187
 20
123.35334242837654
 10
1.2210095497953615
 20
123.35334242837654
 10
1.2210095497953615
 20
121.0
 10
0.5593451568894953
 20
121.0
 10
0.5593451568894953
 20
126.0
 10
1.2210095497953615
 20
126.0
 10
1.2210095497953615
 20
123.94679399727148
 10
3.819918144611187
 20
123.94679399727148
 10
3.819918144611187
 20
126.0
 10
4.484993178717599
 20
126.0
 10
4.484993178717599
 20
121.0
  0
LWPOLYLINE
  5
104
330
17
100
AcDbEntity
  8
TEXT
100
AcDbPolyline
 90
65
 70
0
 10
7.769440654843111
 20
126.08526603001364
 10
8.026091405184175
 20
126.07412815484311
 10
8.270804911323328
 20
126.04071452933151
 10
8.503581173260573
 20
125.98502515347886
 10
8.724420190995907
 20
125.90706002728513
 10
8.93332196452933
 20
125.80681915075034
 10
9.130286493860845
 20
125.68430252387449
 10
9.31531377899045
 20
125.53951014665758
 10
9.488403819918144
 20
125.3724420190996
 10
9.645080150068212
 20
125.18714827762619
 10
9.780866302864938
 20
124.98767905866303
 10
9.895762278308322
 20
124.77403436221009
 10
9.989768076398363
 20
124.54621418826738
 10
10.06288369713506
 20
124.30421853683492
 10
10.115109140518417
 20
124.04804740791269
 10
10.14644440654843
 20
123.77770080150069
 10
10.156889495225101
 20
123.49317871759891
 10
10.146391115279672
 20
123.20953593963165
 10
10.114895975443382
 20
122.94012193042292
 10
10.062404075716234
 20
122.68493668997272
 10
9.988915416098227
 20
122.44398021828104
 10
9.894429996589357
 20
122.2172525153479
 10
9.77894781718963
 20
122.00475358117326
 10
9.642468877899045
 20
121.80648341575717
 10
9.484993178717598
 20
121.6224420190996
 10
9.311210351296044
 20
121.45657294508868
 10
9.125810027285128
 20
121.31281974761255
 10
8.928792206684857
 20
121.19118242667122
 10
8.720156889495225
 20
121.09166098226467
 10
8.499904075716234
 20
121.0142554143929
 10
8.268033765347885
 20
120.95896572305594
 10
8.024545958390178
 20
120.92579190825376
 10
7.769440654843111
 20
120.91473396998636
 10
7.505755457025921
 20
120.92619159276944
 10
7.2552864938608455
 20
120.9605644611187
 10
7.0180337653478855
 20
121.01785257503411
 10
6.793997271487039
 20
121.09805593451568
 10
6.583177012278307
 20
121.20117453956344
 10
6.385572987721691
 20
121.32720839017735
 10
6.201185197817189
 20
121.47615748635744
 10
6.030013642564802
 20
121.64802182810368
 10
5.875735419508867
 20
121.83640646316508
 10
5.742027626193724
 20
122.03491643929058
 10
5.628890262619372
 20
122.24355175648022
 10
5.536323328785811
 20
122.46231241473397
 10
5.464326824693042
 20
122.69119841405184
 10
5.4129007503410635
 20
122.93020975443383
 10
5.382045105729877
 20
123.17934643587995
 10
5.371759890859481
 20
123.43860845839018
 10
5.3821783339017735
 20
123.73823861698499
 10
5.413433663028649
 20
124.02150835607094
 10
5.465525878240109
 20
124.28841767564802
 10
5.538454979536152
 20
124.53896657571623
 10
5.63222096691678
 20
124.77315505627557
 10
5.746823840381992
 20
124.99098311732605
 10
5.882263599931787
 20
125.19245075886766
 10
6.038540245566166
 20
125.3775579809004
 10
6.211443767053206
 20
125.54342705491132
 10
6.396764154160982
 20
125.68718025238745
 10
6.594501406889496
 20
125.80881757332878
 10
6.804655525238745
 20
125.90833901773533
 10
7.027226509208731
 20
125.9857445856071
 10
7.262214358799454
 20
126.04103427694406
 10
7.5096190740109146
 20
126.07420809174624
 10
7.769440654843111
 20
126.08526603001364
  0
LWPOLYLINE
  5
105
330
17
100
AcDbEntity
  8
TEXT
100
AcDbPolyline
 90
41
 70
0
 10
7.762619372442019
 20
121.48090040927694
 10
8.124893417462483
 20
121.51415416098226
 10
8.451142564802183
 20
121.61391541609822
 10
8.741366814461118
 20
121.78018417462482
 10
8.995566166439291
 20
122.01296043656207
 10
9.20244287175989
 20
122.3049965893588
 10
9.350699181446112
 20
122.64904502046384
 10
9.440335095497954
 20
123.04510572987722
 10
9.471350613915416
 20
123.49317871759891
 10
9.463809899386083
 20
123.7300051159618
 10
9.44118775579809
 20
123.95276261937244
 10
9.403484183151432
 20
124.16145122783082
 10
9.350699181446112
 20
124.35607094133697
 10
9.282832750682129
 20
124.53662175989086
 10
9.199884890859481
 20
124.7031036834925
 10
9.101855601978173
 20
124.85551671214189
 10
8.9887448840382
 20
124.99386084583902
 10
8.731987551159618
 20
125.22365279672579
 10
8.444321282401091
 20
125.38778990450206
 10
8.125746077762619
 20
125.4862721691678
 10
7.776261937244202
 20
125.51909959072306
 10
7.417718281036835
 20
125.4869116643929
 10
7.092428376534789
 20
125.39034788540246
 10
6.800392223738063
 20
125.22940825375171
 10
6.541609822646658
 20
125.00409276944066
 10
6.428099420190996
 20
124.86676116984994
 10
6.329723738062755
 20
124.71226978171896
 10
6.246482776261937
 20
124.54061860504775
 10
6.17837653478854
 20
124.3518076398363
 10
6.125405013642564
 20
124.14583688608458
 10
6.08756821282401
 20
123.92270634379263
 10
6.064866132332878
 20
123.68241601296043
 10
6.057298772169167
 20
123.424965893588
 10
6.086928717598908
 20
123.01089273533424
 10
6.1758185538881305
 20
122.63838676671215
 10
6.3239682810368345
 20
122.3074479877217
 10
6.531377899045021
 20
122.0180763983629
 10
6.786110163710778
 20
121.78306190313779
 10
7.076227830832197
 20
121.61519440654843
 10
7.4017309004092775
 20
121.51447390859481
 10
7.762619372442019
 20
121.48090040927694
  0
LWPOLYLINE
  5
106
330
17
100
AcDbEntity
  8
TEXT
100
AcDbPolyline
 90
7
 70
0
 10
14.130286493860847
 20
121.0
 10
11.002728512960438
 20
121.0
 10
11.002728512960438
 20
126.0
 10
11.664392905866304
 20
126.0
 10
11.664392905866304
 20
121.59345156889495
 10
14.130286493860847
 20
121.59345156889495
 10
14.130286493860847
 20
121.0
  0
LWPOLYLINE
  5
107
330
17
100
AcDbEntity
  8
TEXT
100
AcDbPolyline
 90
13
 70
0
 10
18.649386084583902
 20
121.0
 10
14.914733969986358
 20
121.0
 10
14.914733969986358
 20
126.0
 10
18.53342428376535
 20
126.0
 10
18.53342428376535
 20
125.40654843110505
 10
15.576398362892224
 20
125.40654843110505
 10
15.576398362892224
 20
123.87858117326057
 10
18.342428376534787
 20
123.87858117326057
 10
18.342428376534787
 20
123.28512960436562
 10
15.576398362892224
 20
123.28512960436562
 10
15.576398362892224
 20
121.59345156889495
 10
18.649386084583902
 20
121.59345156889495
 10
18.649386084583902
 20
121.0
  0
LWPOLYLINE
  5
108
330
17
100
AcDbEntity
  8
TEXT
100
AcDbPolyline
 90
65
 70
0
 10
23.6869031377899
 20
126.08526603001364
 10
23.943553888130964
 20
126.07412815484311
 10
24.18826739427012
 20
126.04071452933151
 10
24.421043656207363
 20
125.98502515347886
 10
24.6418826739427
 20
125.90706002728513
 10
24.850784447476123
 20
125.80681915075034
 10
25.047748976807636
 20
125.68430252387449
 10
25.232776261937243
 20
125.53951014665758
 10
25.405866302864936
 20
125.3724420190996
 10
25.562542633015003
 20
125.18714827762619
 10
25.69832878581173
 20
124.98767905866303
 10
25.813224761255114
 20
124.77403436221009
 10
25.907230559345155
 20
124.54621418826738
 10
25.980346180081852
 20
124.30421853683492
 10
26.03257162346521
 20
124.04804740791269
 10
26.06390688949522
 20
123.77770080150069
 10
26.074351978171894
 20
123.49317871759891
 10
26.063853598226466
 20
123.20953593963165
 10
26.032358458390174
 20
122.94012193042292
 10
25.979866558663026
 20
122.68493668997272
 10
25.90637789904502
 20
122.44398021828104
 10
25.81189247953615
 20
122.2172525153479
 10
25.696410300136424
 20
122.00475358117326
 10
25.559931360845837
 20
121.80648341575717
 10
25.40245566166439
 20
121.6224420190996
 10
25.228672834242836
 20
121.45657294508868
 10
25.043272510231922
 20
121.31281974761255
 10
24.84625468963165
 20
121.19118242667122
 10
24.637619372442018
 20
121.09166098226467
 10
24.417366558663026
 20
121.0142554143929
 10
24.185496248294676
 20
120.95896572305594
 10
23.94200844133697
 20
120.92579190825376
 10
23.6869031377899
 20
120.91473396998636
 10
23.423217939972712
 20
120.92619159276944
 10
23.17274897680764
 20
120.9605644611187
 10
22.935496248294676
 20
121.01785257503411
 10
22.711459754433832
 20
121.09805593451568
 10
22.5006394952251
 20
121.20117453956344
 10
22.303035470668483
 20
121.32720839017735
 10
22.118647680763985
 20
121.47615748635744
 10
21.947476125511596
 20
121.64802182810368
 10
21.79319790245566
 20
121.83640646316508
 10
21.659490109140517
 20
122.03491643929058
 10
21.546352745566168
 20
122.24355175648022
 10
21.453785811732605
 20
122.46231241473397
 10
21.381789307639835
 20
122.69119841405184
 10
21.33036323328786
 20
122.93020975443383
 10
21.299507588676672
 20
123.17934643587995
 10
21.289222373806275
 20
123.43860845839018
 10
21.299640816848566
 20
123.73823861698499
 10
21.330896145975444
 20
124.02150835607094
 10
21.382988361186904
 20
124.28841767564802
 10
21.455917462482947
 20
124.53896657571623
 10
21.549683449863576
 20
124.77315505627557
 10
21.664286323328785
 20
124.99098311732605
 10
21.799726082878582
 20
125.19245075886766
 10
21.95600272851296
 20
125.3775579809004
 10
22.12890625
 20
125.54342705491132
 10
22.314226637107776
 20
125.68718025238745
 10
22.511963889836288
 20
125.80881757332878
 10
22.72211800818554
 20
125.90833901773533
 10
22.944688992155523
 20
125.9857445856071
 10
23.179676841746247
 20
126.04103427694406
 10
23.427081556957706
 20
126.07420809174624
 10
23.6869031377899
 20
126.08526603001364
  0
LWPOLYLINE
  5
109
330
17
100
AcDbEntity
  8
TEXT
100
AcDbPolyline
 90
41
 70
0
 10
23.68008185538881
 20
121.48090040927694
 10
24.042355900409277
 20
121.51415416098226
 10
24.368605047748975
 20
121.61391541609822
 10
24.658829297407912
 20
121.78018417462482
 10
24.91302864938608
 20
122.01296043656207
 10
25.11990535470668
 20
122.3049965893588
 10
25.268161664392903
 20
122.64904502046384
 10
25.357797578444746
 20
123.04510572987722
 10
25.388813096862208
 20
123.49317871759891
 10
25.381272382332877
 20
123.7300051159618
 10
25.358650238744882
 20
123.95276261937244
 10
25.320946666098223
 20
124.16145122783082
 10
25.268161664392903
 20
124.35607094133697
 10
25.20029523362892
 20
124.53662175989086
 10
25.117347373806272
 20
124.7031036834925
 10
25.01931808492496
 20
124.85551671214189
 10
24.90620736698499
 20
124.99386084583902
 10
24.64945003410641
 20
125.22365279672579
 10
24.361783765347884
 20
125.38778990450206
 10
24.04320856070941
 20
125.4862721691678
 10
23.693724420190993
 20
125.51909959072306
 10
23.335180763983626
 20
125.4869116643929
 10
23.00989085948158
 20
125.39034788540246
 10
22.717854706684854
 20
125.22940825375171
 10
22.45907230559345
 20
125.00409276944066
 10
22.34556190313779
 20
124.86676116984994
 10
22.24718622100955
 20
124.71226978171896
 10
22.16394525920873
 20
124.54061860504775
 10
22.095839017735333
 20
124.3518076398363
 10
22.04286749658936
 20
124.14583688608458
 10
22.005030695770806
 20
123.92270634379263
 10
21.982328615279673
 20
123.68241601296043
 10
21.97476125511596
 20
123.424965893588
 10
22.0043912005457
 20
123.01089273533424
 10
22.093281036834924
 20
122.63838676671215
 10
22.241430763983626
 20
122.3074479877217
 10
22.44884038199181
 20
122.0180763983629
 10
22.70357264665757
 20
121.78306190313779
 10
22.993690313778988
 20
121.61519440654843
 10
23.31919338335607
 20
121.51447390859481
 10
23.68008185538881
 20
121.48090040927694
  0
LWPOLYLINE
  5
10A
330
17
100
AcDbEntity
  8
TEXT
100
AcDbPolyline
 90
57
 70
0
 10
31.360845839017735
 20
121.0
 10
30.528649386084584
 20
121.0
 10
30.350763130968623
 20
121.28079169508868
 10
30.190569577080492
 20
121.5331258526603
 10
30.04806872442019
 20
121.75700247271487
 10
29.923260572987722
 20
121.95242155525239
 10
29.816145122783084
 20
122.11938310027286
 10
29.726722373806275
 20
122.25788710777627
 10
29.654992326057297
 20
122.36793357776263
 10
29.60095497953615
 20
122.44952251023193
 10
29.509400579809004
 20
122.57944662346522
 10
29.415501364256478
 20
122.69977830832197
 10
29.31925733287858
 20
122.81051756480218
 10
29.220668485675304
 20
122.91166439290586
 10
29.12239938608458
 20
122.99916865620736
 10
29.027114597544337
 20
123.06898021828104
 10
28.93481412005457
 20
123.12109907912688
 10
28.84549795361528
 20
123.15552523874489
 10
28.750532912687586
 20
123.17790757162346
 10
28.641285811732605
 20
123.19389495225103
 10
28.51775665075034
 20
123.20348738062756
 10
28.37994542974079
 20
123.20668485675307
 10
27.615961800818553
 20
123.20668485675307
 10
27.615961800818553
 20
121.0
 10
26.954297407912687
 20
121.0
 10
26.954297407912687
 20
126.0
 10
29.167803547066846
 20
126.0
 10
29.38544508867667
 20
125.99637619372442
 10
29.58475443383356
 20
125.98550477489768
 10
29.765731582537516
 20
125.96738574351978
 10
29.92837653478854
 20
125.94201909959072
 10
30.077165757162348
 20
125.90503495907231
 10
30.21657571623465
 20
125.85206343792633
 10
30.346606412005457
 20
125.78310453615279
 10
30.46725784447476
 20
125.6981582537517
 10
30.57650494542974
 20
125.59914307639836
 10
30.67232264665757
 20
125.48797748976807
 10
30.75471094815825
 20
125.36466149386085
 10
30.823669849931786
 20
125.22919508867668
 10
30.878133526603
 20
125.08573499317872
 10
30.917036152796726
 20
124.93843792633015
 10
30.94037772851296
 20
124.78730388813096
 10
30.948158253751703
 20
124.63233287858117
 10
30.92577592087312
 20
124.3631053888131
 10
30.85862892223738
 20
124.12158935879945
 10
30.746717257844473
 20
123.90778478854024
 10
30.590040927694407
 20
123.72169167803547
 10
30.39051841746248
 20
123.56522851296043
 10
30.15006821282401
 20
123.44031377899046
 10
29.86869031377899
 20
123.34694747612551
 10
29.54638472032742
 20
123.28512960436562
 10
29.54638472032742
 20
123.27148703956344
 10
29.793229877216916
 20
123.13143758526603
 10
30.032401091405184
 20
122.93298090040928
 10
30.26389836289222
 20
122.67611698499319
 10
30.487721691678033
 20
122.36084583901774
 10
31.360845839017735
 20
121.0
  0
LWPOLYLINE
  5
10B
330
17
100
AcDbEntity
  8
TEXT
100
AcDbPolyline
 90
24
 70
0
 10
27.615961800818553
 20
123.80013642564802
 10
29.034788540245565
 20
123.80013642564802
 10
29.238467769440653
 20
123.80471947476126
 10
29.41976466575716
 20
123.81846862210095
 10
29.57867922919509
 20
123.84138386766712
 10
29.715211459754432
 20
123.87346521145976
 10
29.83426415416098
 20
123.9187627899045
 10
29.940740109140517
 20
123.981326739427
 10
30.034639324693043
 20
124.06115706002728
 10
30.115961800818553
 20
124.15825375170532
 10
30.181616643929058
 20
124.26718110504774
 10
30.22851296043656
 20
124.38250341064119
 10
30.256650750341063
 20
124.50422066848567
 10
30.266030013642563
 20
124.63233287858117
 10
30.250468963165073
 20
124.79646998635744
 10
30.203785811732605
 20
124.94781718963165
 10
30.125980559345155
 20
125.08637448840382
 10
30.01705320600273
 20
125.21214188267395
 10
29.87231412005457
 20
125.31659276944066
 10
29.68707366984993
 20
125.39120054570259
 10
29.46133185538881
 20
125.43596521145976
 10
29.19508867667121
 20
125.45088676671215
 10
27.615961800818553
 20
125.45088676671215
 10
27.615961800818553
 20
123.80013642564802
  0
LWPOLYLINE
  5
10C
330
17
100
AcDbEntity
  8
TEXT
100
AcDbPolyline
 90
5
 70
0
 10
32.74556616643929
 20
121.0
 10
32.08049113233288
 20
121.0
 10
32.08049113233288
 20
126.0
 10
32.74556616643929
 20
126.0
 10
32.74556616643929
 20
121.0
  0
LWPOLYLINE
  5
10D
330
17
100
AcDbEntity
  8
TEXT
100
AcDbPolyline
 90
87
 70
0
 10
38.36630286493861
 20
121.69918144611187
 10
38.127344815825374
 20
121.51532656889495
 10
37.88284447476126
 20
121.35598567530695
 10
37.63280184174625
 20
121.22115876534788
 10
37.377216916780355
 20
121.11084583901774
 10
37.11608969986357
 20
121.02504689631651
 10
36.84942019099591
 20
120.9637619372442
 10
36.577208390177354
 20
120.92699096180083
 10
36.29945429740791
 20
120.91473396998636
 10
36.019062286834924
 20
120.92568532571623
 10
35.75257929740791
 20
120.95853939290586
 10
35.50000532912688
 20
121.01329617155525
 10
35.261340381991815
 20
121.08995566166439
 10
35.03658445600273
 20
121.18851786323329
 10
34.82573755115962
 20
121.30898277626194
 10
34.62879966746249
 20
121.45135040075034
 10
34.44577080491133
 20
121.6156207366985
 10
34.28070109993179
 20
121.79806339529333
 10
34.137640688949524
 20
121.9949479877217
 10
34.01658957196453
 20
122.20627451398363
 10
33.91754774897681
 20
122.43204297407914
 10
33.84051521998636
 20
122.67225336800819
 10
33.78549198499318
 20
122.92690569577081
 10
33.75247804399727
 20
123.195999957367
 10
33.741473396998636
 20
123.47953615279673
 10
33.759485845839016
 20
123.828167633015
 10
33.813523192360165
 20
124.16464870395635
 10
33.903585436562075
 20
124.48897936562074
 10
34.02967257844475
 20
124.80115961800819
 10
34.19082537517053
 20
125.0899982946794
 10
34.38608458390178
 20
125.34430422919509
 10
34.61545020463848
 20
125.56407742155525
 10
34.87892223738063
 20
125.74931787175989
 10
35.17511510914052
 20
125.8962951909959
 10
35.502643246930425
 20
126.0012789904502
 10
35.86150665075034
 20
126.06426927012278
 10
36.25170532060027
 20
126.08526603001364
 10
36.65213591405184
 20
126.06213761937244
 10
37.010999317871764
 20
125.99275238744883
 10
37.328295532060025
 20
125.87711033424283
 10
37.60402455661664
 20
125.71521145975443
 10
37.83818639154161
 20
125.50705576398363
 10
38.030781036834924
 20
125.25264324693042
 10
38.18180849249659
 20
124.95197390859481
 10
38.291268758526606
 20
124.6050477489768
 10
37.69781718963165
 20
124.43792633015006
 10
37.61404331514325
 20
124.690633526603
 10
37.502557980900406
 20
124.90987380627558
 10
37.36336118690314
 20
125.0956471691678
 10
37.196452933151434
 20
125.24795361527967
 10
37.0018332196453
 20
125.36657997953616
 10
36.77950204638472
 20
125.45131309686221
 10
36.529459413369715
 20
125.50215296725784
 10
36.25170532060027
 20
125.51909959072306
 10
36.03267820600273
 20
125.51046640518418
 10
35.827506821282405
 20
125.48456684856754
 10
35.636191166439296
 20
125.44140092087312
 10
35.4587312414734
 20
125.38096862210097
 10
35.29512704638472
 20
125.30326995225103
 10
35.14537858117326
 20
125.20830491132334
 10
35.009485845839016
 20
125.09607349931788
 10
34.88744884038199
 20
124.96657571623466
 10
34.686007844474766
 20
124.66899727148704
 10
34.54212141882674
 20
124.3287858117326
 10
34.45578956343793
 20
123.94594133697134
 10
34.427012278308325
 20
123.52046384720327
 10
34.44097459072306
 20
123.20028990450204
 10
34.48286152796726
 20
122.90825375170533
 10
34.55267309004093
 20
122.6443553888131
 10
34.65040927694407
 20
122.40859481582538
 10
34.775537175989086
 20
122.20043912005457
 10
34.92752387448841
 20
122.0193553888131
 10
35.106369372442025
 20
121.86534362210095
 10
35.31207366984994
 20
121.73840381991815
 10
35.53600358117326
 20
121.63917547748977
 10
35.76952592087313
 20
121.56829809004093
 10
36.012640688949524
 20
121.52577165757162
 10
36.265347885402456
 20
121.51159618008185
 10
36.65075034106412
 20
121.543784106412
 10
37.022510231923604
 20
121.64034788540245
 10
37.3806275579809
 20
121.8012875170532
 10
37.725102319236015
 20
122.02660300136425
 10
37.725102319236015
 20
122.95429740791269
 10
36.25170532060027
 20
122.95429740791269
 10
36.25170532060027
 20
123.55115961800819
 10
38.36630286493861
 20
123.55115961800819
 10
38.36630286493861
 20
121.69918144611187
  0
LWPOLYLINE
  5
10E
330
17
100
AcDbEntity
  8
TEXT
100
AcDbPolyline
 90
5
 70
0
 10
40.1193724420191
 20
121.0
 10
39.45429740791269
 20
121.0
 10
39.45429740791269
 20
126.0
 10
40.1193724420191
 20
126.0
 10
40.1193724420191
 20
121.0
  0
LWPOLYLINE
  5
10F
330
17
100
AcDbEntity
  8
TEXT
100
AcDbPolyline
 90
13
 70
0
 10
45.238744884038205
 20
121.0
 10
44.56002728512961
 20
121.0
 10
41.9474761255116
 20
124.92564802182811
 10
41.93383356070942
 20
124.92564802182811
 10
41.93383356070942
 20
121.0
 10
41.306275579809004
 20
121.0
 10
41.306275579809004
 20
126.0
 10
41.981582537517056
 20
126.0
 10
44.594133697135064
 20
122.07435197817189
 10
44.607776261937246
 20
122.07435197817189
 10
44.607776261937246
 20
126.0
 10
45.238744884038205
 20
126.0
 10
45.238744884038205
 20
121.0
  0
LWPOLYLINE
  5
110
330
17
100
AcDbEntity
  8
TEXT
100
AcDbPolyline
 90
5
 70
0
 10
47.124829467939975
 20
123.91950886766712
 10
46.42564802182811
 20
123.91950886766712
 10
46.42564802182811
 20
124.61869031377898
 10
47.124829467939975
 20
124.61869031377898
 10
47.124829467939975
 20
123.91950886766712
  0
LWPOLYLINE
  5
111
330
17
100
AcDbEntity
  8
TEXT
100
AcDbPolyline
 90
5
 70
0
 10
47.124829467939975
 20
121.0
 10
46.42564802182811
 20
121.0
 10
46.42564802182811
 20
121.69918144611187
 10
47.124829467939975
 20
121.69918144611187
 10
47.124829467939975
 20
121.0
  0
LWPOLYLINE
  5
112
330
17
100
AcDbEntity
  8
TEXT
100
AcDbPolyline
 90
7
 70
0
 10
53.33219645293316
 20
121.0
 10
50.20463847203275
 20
121.0
 10
50.20463847203275
 20
126.0
 10
50.86630286493862
 20
126.0
 10
50.86630286493862
 20
121.59345156889495
 10
53.33219645293316
 20
121.59345156889495
 10
53.33219645293316
 20
121.0
  0
LWPOLYLINE
  5
113
330
17
100
AcDbEntity
  8
TEXT
100
AcDbPolyline
 90
65
 70
0
 10
56.28922237380628
 20
126.08526603001364
 10
56.54587312414735
 20
126.07412815484311
 10
56.7905866302865
 20
126.04071452933151
 10
57.023362892223744
 20
125.98502515347886
 10
57.24420190995908
 20
125.90706002728513
 10
57.45310368349251
 20
125.80681915075034
 10
57.650068212824024
 20
125.68430252387449
 10
57.835095497953624
 20
125.53951014665758
 10
58.00818553888132
 20
125.3724420190996
 10
58.16486186903139
 20
125.18714827762619
 10
58.30064802182811
 20
124.98767905866303
 10
58.4155439972715
 20
124.77403436221009
 10
58.509549795361536
 20
124.54621418826738
 10
58.58266541609824
 20
124.30421853683492
 10
58.63489085948159
 20
124.04804740791269
 10
58.666226125511606
 20
123.77770080150069
 10
58.676671214188275
 20
123.49317871759891
 10
58.66617283424284
 20
123.20953593963165
 10
58.634677694406555
 20
122.94012193042292
 10
58.58218579467941
 20
122.68493668997272
 10
58.5086971350614
 20
122.44398021828104
 10
58.41421171555253
 20
122.2172525153479
 10
58.298729536152806
 20
122.00475358117326
 10
58.16225059686222
 20
121.80648341575717
 10
58.004774897680775
 20
121.6224420190996
 10
57.83099207025922
 20
121.45657294508868
 10
57.64559174624831
 20
121.31281974761255
 10
57.448573925648034
 20
121.19118242667122
 10
57.2399386084584
 20
121.09166098226467
 10
57.01968579467941
 20
121.0142554143929
 10
56.78781548431106
 20
120.95896572305594
 10
56.54432767735335
 20
120.92579190825376
 10
56.28922237380628
 20
120.91473396998636
 10
56.02553717598909
 20
120.92619159276944
 10
55.77506821282402
 20
120.9605644611187
 10
55.53781548431106
 20
121.01785257503411
 10
55.31377899045021
 20
121.09805593451568
 10
55.10295873124148
 20
121.20117453956344
 10
54.90535470668487
 20
121.32720839017735
 10
54.72096691678036
 20
121.47615748635744
 10
54.54979536152798
 20
121.64802182810368
 10
54.395517138472044
 20
121.83640646316508
 10
54.2618093451569
 20
122.03491643929058
 10
54.148671981582545
 20
122.24355175648022
 10
54.056105047748986
 20
122.46231241473397
 10
53.98410854365621
 20
122.69119841405184
 10
53.93268246930423
 20
122.93020975443383
 10
53.901826824693046
 20
123.17934643587995
 10
53.89154160982265
 20
123.43860845839018
 10
53.90196005286494
 20
123.73823861698499
 10
53.93321538199182
 20
124.02150835607094
 10
53.98530759720328
 20
124.28841767564802
 10
54.05823669849933
 20
124.53896657571623
 10
54.15200268587995
 20
124.77315505627557
 10
54.266605559345166
 20
124.99098311732605
 10
54.40204531889496
 20
125.19245075886766
 10
54.55832196452934
 20
125.3775579809004
 10
54.73122548601638
 20
125.54342705491132
 10
54.91654587312416
 20
125.68718025238745
 10
55.114283125852666
 20
125.80881757332878
 10
55.32443724420192
 20
125.90833901773533
 10
55.547008228171904
 20
125.9857445856071
 10
55.78199607776263
 20
126.04103427694406
 10
56.02940079297409
 20
126.07420809174624
 10
56.28922237380628
 20
126.08526603001364
  0
LWPOLYLINE
  5
114
330
17
100
AcDbEntity
  8
TEXT
100
AcDbPolyline
 90
41
 70
0
 10
56.28240109140519
 20
121.48090040927694
 10
56.644675136425654
 20
121.51415416098226
 10
56.970924283765356
 20
121.61391541609822
 10
57.26114853342429
 20
121.78018417462482
 10
57.51534788540246
 20
122.01296043656207
 10
57.722224590723066
 20
122.3049965893588
 10
57.87048090040929
 20
122.64904502046384
 10
57.96011681446113
 20
123.04510572987722
 10
57.99113233287859
 20
123.49317871759891
 10
57.98359161834926
 20
123.7300051159618
 10
57.960969474761264
 20
123.95276261937244
 10
57.92326590211461
 20
124.16145122783082
 10
57.87048090040929
 20
124.35607094133697
 10
57.802614469645306
 20
124.53662175989086
 10
57.71966660982265
 20
124.7031036834925
 10
57.621637320941346
 20
124.85551671214189
 10
57.50852660300137
 20
124.99386084583902
 10
57.25176927012279
 20
125.22365279672579
 10
56.964103001364265
 20
125.38778990450206
 10
56.645527796725794
 20
125.4862721691678
 10
56.296043656207374
 20
125.51909959072306
 10
55.93750000000001
 20
125.4869116643929
 10
55.612210095497964
 20
125.39034788540246
 10
55.32017394270124
 20
125.22940825375171
 10
55.06139154160983
 20
125.00409276944066
 10
54.94788113915417
 20
124.86676116984994
 10
54.84950545702593
 20
124.71226978171896
 10
54.76626449522511
 20
124.54061860504775
 10
54.698158253751714
 20
124.3518076398363
 10
54.64518673260574
 20
124.14583688608458
 10
54.60734993178718
 20
123.92270634379263
 10
54.584647851296054
 20
123.68241601296043
 10
54.57708049113234
 20
123.424965893588
 10
54.60671043656208
 20
123.01089273533424
 10
54.69560027285131
 20
122.63838676671215
 10
54.84375000000001
 20
122.3074479877217
 10
55.05115961800819
 20
122.0180763983629
 10
55.305891882673954
 20
121.78306190313779
 10
55.59600954979537
 20
121.61519440654843
 10
55.92151261937245
 20
121.51447390859481
 10
56.28240109140519
 20
121.48090040927694
  0
LWPOLYLINE
  5
115
330
17
100
AcDbEntity
  8
TEXT
100
AcDbPolyline
 90
42
 70
0
 10
65.51500682128241
 20
126.0
 10
64.13710777626194
 20
121.0
 10
63.502728512960445
 20
121.0
 10
62.41132332878582
 20
124.93929058663029
 10
62.372527285129614
 20
125.08189802182811
 10
62.34140518417463
 20
125.206173260573
 10
62.31795702592088
 20
125.31211630286494
 10
62.30218281036836
 20
125.39972714870396
 10
62.288540245566175
 20
125.39972714870396
 10
62.1487039563438
 20
124.80627557980901
 10
61.08458390177354
 20
121.0
 10
60.41609822646658
 20
121.0
 10
59.08253751705321
 20
126.0
 10
59.757844474761264
 20
126.0
 10
60.52864938608459
 20
122.71896316507504
 10
60.59835436562074
 20
122.41797407912688
 10
60.653990450204645
 20
122.15961800818553
 10
60.695557639836295
 20
121.94389495225101
 10
60.72305593451569
 20
121.77080491132332
 10
60.72604024556617
 20
121.74330661664392
 10
60.72817189631651
 20
121.72220327421554
 10
60.72945088676671
 20
121.7074948840382
 10
60.72987721691678
 20
121.69918144611187
 10
60.743519781718966
 20
121.69918144611187
 10
60.8081087994543
 20
122.00017053206003
 10
60.86545020463848
 20
122.25511596180083
 10
60.9155439972715
 20
122.46401773533425
 10
60.95839017735335
 20
122.6268758526603
 10
61.9099590723056
 20
126.0
 10
62.714870395634385
 20
126.0
 10
63.424283765347894
 20
123.47271487039563
 10
63.54813267394271
 20
123.00886766712142
 10
63.653649386084595
 20
122.55866302864939
 10
63.74083390177354
 20
122.12210095497953
 10
63.80968622100956
 20
121.69918144611187
 10
63.82332878581174
 20
121.69918144611187
 10
63.86510914051843
 20
121.9193809686221
 10
63.91882673942702
 20
122.17411323328785
 10
63.984481582537526
 20
122.46337824010914
 10
64.06207366984994
 20
122.78717598908595
 10
64.84993178717599
 20
126.0
 10
65.51500682128241
 20
126.0
  0
LWPOLYLINE
  5
116
330
17
100
AcDbEntity
  8
TEXT
100
AcDbPolyline
 90
13
 70
0
 10
69.87721691678037
 20
121.0
 10
66.14256480218282
 20
121.0
 10
66.14256480218282
 20
126.0
 10
69.76125511596182
 20
126.0
 10
69.76125511596182
 20
125.40654843110505
 10
66.80422919508868
 20
125.40654843110505
 10
66.80422919508868
 20
123.87858117326057
 10
69.57025920873126
 20
123.87858117326057
 10
69.57025920873126
 20
123.28512960436562
 10
66.80422919508868
 20
123.28512960436562
 10
66.80422919508868
 20
121.59345156889495
 10
69.87721691678037
 20
121.59345156889495
 10
69.87721691678037
 20
121.0
  0
LWPOLYLINE
  5
117
330
17
100
AcDbEntity
  8
TEXT
100
AcDbPolyline
 90
57
 70
0
 10
75.21487039563439
 20
121.0
 10
74.38267394270125
 20
121.0
 10
74.20478768758528
 20
121.28079169508868
 10
74.04459413369715
 20
121.5331258526603
 10
73.90209328103684
 20
121.75700247271487
 10
73.77728512960438
 20
121.95242155525239
 10
73.67016967939973
 20
122.11938310027286
 10
73.58074693042293
 20
122.25788710777627
 10
73.50901688267395
 20
122.36793357776263
 10
73.4549795361528
 20
122.44952251023193
 10
73.36342513642566
 20
122.57944662346522
 10
73.26952592087314
 20
122.69977830832197
 10
73.17328188949524
 20
122.81051756480218
 10
73.07469304229197
 20
122.91166439290586
 10
72.97642394270125
 20
122.99916865620736
 10
72.88113915416099
 20
123.06898021828104
 10
72.78883867667122
 20
123.12109907912688
 10
72.69952251023193
 20
123.15552523874489
 10
72.60455746930424
 20
123.17790757162346
 10
72.49531036834927
 20
123.19389495225103
 10
72.371781207367
 20
123.20348738062756
 10
72.23396998635745
 20
123.20668485675307
 10
71.4699863574352
 20
123.20668485675307
 10
71.4699863574352
 20
121.0
 10
70.80832196452934
 20
121.0
 10
70.80832196452934
 20
126.0
 10
73.0218281036835
 20
126.0
 10
73.23946964529333
 20
125.99637619372442
 10
73.43877899045022
 20
125.98550477489768
 10
73.61975613915416
 20
125.96738574351978
 10
73.78240109140519
 20
125.94201909959072
 10
73.931190313779
 20
125.90503495907231
 10
74.07060027285131
 20
125.85206343792633
 10
74.20063096862212
 20
125.78310453615279
 10
74.32128240109142
 20
125.6981582537517
 10
74.4305295020464
 20
125.59914307639836
 10
74.52634720327423
 20
125.48797748976807
 10
74.60873550477491
 20
125.36466149386085
 10
74.67769440654844
 20
125.22919508867668
 10
74.73215808321966
 20
125.08573499317872
 10
74.77106070941338
 20
124.93843792633015
 10
74.79440228512962
 20
124.78730388813096
 10
74.80218281036836
 20
124.63233287858117
 10
74.77980047748979
 20
124.3631053888131
 10
74.71265347885404
 20
124.12158935879945
 10
74.60074181446113
 20
123.90778478854024
 10
74.44406548431107
 20
123.72169167803547
 10
74.24454297407914
 20
123.56522851296043
 10
74.00409276944067
 20
123.44031377899046
 10
73.72271487039565
 20
123.34694747612551
 10
73.40040927694407
 20
123.28512960436562
 10
73.40040927694407
 20
123.27148703956344
 10
73.64725443383357
 20
123.13143758526603
 10
73.88642564802184
 20
122.93298090040928
 10
74.11792291950889
 20
122.67611698499319
 10
74.3417462482947
 20
122.36084583901774
 10
75.21487039563439
 20
121.0
  0
LWPOLYLINE
  5
118
330
17
100
AcDbEntity
  8
TEXT
100
AcDbPolyline
 90
24
 70
0
 10
71.4699863574352
 20
123.80013642564802
 10
72.88881309686222
 20
123.80013642564802
 10
73.09249232605731
 20
123.80471947476126
 10
73.27378922237382
 20
123.81846862210095
 10
73.43270378581174
 20
123.84138386766712
 10
73.5692360163711
 20
123.87346521145976
 10
73.68828871077764
 20
123.9187627899045
 10
73.79476466575717
 20
123.981326739427
 10
73.8886638813097
 20
124.06115706002728
 10
73.9699863574352
 20
124.15825375170532
 10
74.03564120054571
 20
124.26718110504774
 10
74.08253751705323
 20
124.38250341064119
 10
74.11067530695773
 20
124.50422066848567
 10
74.12005457025923
 20
124.63233287858117
 10
74.10449351978174
 20
124.79646998635744
 10
74.05781036834927
 20
124.94781718963165
 10
73.98000511596182
 20
125.08637448840382
 10
73.87107776261938
 20
125.21214188267395
 10
73.72633867667122
 20
125.31659276944066
 10
73.54109822646659
 20
125.39120054570259
 10
73.31535641200547
 20
125.43596521145976
 10
73.04911323328787
 20
125.45088676671215
 10
71.4699863574352
 20
125.45088676671215
 10
71.4699863574352
 20
123.80013642564802
  0
LWPOLYLINE
  5
119
330
17
100
AcDbEntity
  8
TEXT
100
AcDbPolyline
 90
7
 70
0
 10
80.88676671214189
 20
121.0
 10
77.75920873124149
 20
121.0
 10
77.75920873124149
 20
126.0
 10
78.42087312414735
 20
126.0
 10
78.42087312414735
 20
121.59345156889495
 10
80.88676671214189
 20
121.59345156889495
 10
80.88676671214189
 20
121.0
  0
LWPOLYLINE
  5
11A
330
17
100
AcDbEntity
  8
TEXT
100
AcDbPolyline
 90
13
 70
0
 10
85.40586630286496
 20
121.0
 10
81.67121418826741
 20
121.0
 10
81.67121418826741
 20
126.0
 10
85.28990450204641
 20
126.0
 10
85.28990450204641
 20
125.40654843110505
 10
82.33287858117328
 20
125.40654843110505
 10
82.33287858117328
 20
123.87858117326057
 10
85.09890859481585
 20
123.87858117326057
 10
85.09890859481585
 20
123.28512960436562
 10
82.33287858117328
 20
123.28512960436562
 10
82.33287858117328
 20
121.59345156889495
 10
85.40586630286496
 20
121.59345156889495
 10
85.40586630286496
 20
121.0
  0
LWPOLYLINE
  5
11B
330
17
100
AcDbEntity
  8
TEXT
100
AcDbPolyline
 90
11
 70
0
 10
89.71009549795365
 20
125.40654843110505
 10
86.9986357435198
 20
125.40654843110505
 10
86.9986357435198
 20
123.8581173260573
 10
89.34856753069579
 20
123.8581173260573
 10
89.34856753069579
 20
123.26466575716235
 10
86.9986357435198
 20
123.26466575716235
 10
86.9986357435198
 20
121.0
 10
86.33697135061394
 20
121.0
 10
86.33697135061394
 20
126.0
 10
89.71009549795365
 20
126.0
 10
89.71009549795365
 20
125.40654843110505
  0
LWPOLYLINE
  5
11C
330
17
100
AcDbEntity
  8
TEXT
100
AcDbPolyline
 90
9
 70
0
 10
94.15757162346524
 20
125.40654843110505
 10
92.50341064120057
 20
125.40654843110505
 10
92.50341064120057
 20
121.0
 10
91.83833560709417
 20
121.0
 10
91.83833560709417
 20
125.40654843110505
 10
90.19781718963168
 20
125.40654843110505
 10
90.19781718963168
 20
126.0
 10
94.15757162346524
 20
126.0
 10
94.15757162346524
 20
125.40654843110505
  0
LWPOLYLINE
  5
11D
330
17
100
AcDbEntity
  8
TEXT
100
AcDbPolyline
 90
91
 70
0
 10
101.02319236016375
 20
122.58594815825376
 10
100.89369457708052
 20
122.19148618690313
 10
100.72348226466579
 20
121.85052864938609
 10
100.51255542291955
 20
121.56307554570259
 10
100.26091405184178
 20
121.32912687585267
 10
99.9753794338336
 20
121.14782997953616
 10
99.66277285129607
 20
121.01833219645293
 10
99.32309430422923
 20
120.94063352660301
 10
98.95634379263305
 20
120.91473396998636
 10
98.65980452762624
 20
120.92675115109141
 10
98.38410214870399
 20
120.96280269440655
 10
98.12923665586634
 20
121.02288859993179
 10
97.89520804911328
 20
121.10700886766712
 10
97.68201632844479
 20
121.21516349761255
 10
97.48966149386088
 20
121.34735248976808
 10
97.31814354536156
 20
121.5035758441337
 10
97.16746248294683
 20
121.68383356070942
 10
97.03596627728517
 20
121.88098460948159
 10
96.92200289904505
 20
122.08788796043656
 10
96.8255723482265
 20
122.30454361357435
 10
96.7466746248295
 20
122.53095156889495
 10
96.68530972885407
 20
122.76711182639836
 10
96.64147766030017
 20
123.01302438608458
 10
96.61517841916783
 20
123.26868924795362
 10
96.60641200545706
 20
123.53410641200546
 10
96.61672386596183
 20
123.82526325886766
 10
96.64765944747616
 20
124.10016626875853
 10
96.69921875000003
 20
124.35881544167803
 10
96.77140177353346
 20
124.60121077762619
 10
96.86420851807644
 20
124.82735227660301
 10
96.97763898362896
 20
125.03723993860847
 10
97.11169317019103
 20
125.23087376364256
 10
97.26637107776266
 20
125.40825375170532
 10
97.43724953103687
 20
125.56692850443383
 10
97.61990535470672
 20
125.7044466234652
 10
97.81433854877221
 20
125.82080810879945
 10
98.02054911323333
 20
125.91601296043656
 10
98.23853704809008
 20
125.99006117837654
 10
98.46830235334247
 20
126.04295276261936
 10
98.70984502899049
 20
126.07468771316508
 10
98.96316507503414
 20
126.08526603001364
 10
99.31488744884041
 20
126.06203103683492
 10
99.64017735334247
 20
125.99232605729877
 10
99.93903478854028
 20
125.87615109140519
 10
100.21145975443387
 20
125.71350613915416
 10
100.45127046384724
 20
125.50609652114598
 10
100.65228512960441
 20
125.2556275579809
 10
100.81450375170536
 20
124.96209924965893
 10
100.9379263301501
 20
124.62551159618008
 10
100.28990450204643
 20
124.47203274215552
 10
100.19739085948163
 20
124.71674624829468
 10
100.0835607094134
 20
124.92905866302866
 10
99.94841405184178
 20
125.10896998635744
 10
99.79195088676674
 20
125.25648021828104
 10
99.61438437926333
 20
125.37137619372443
 10
99.41592769440658
 20
125.45344474761255
 10
99.19658083219649
 20
125.50268587994543
 10
98.95634379263305
 20
125.51909959072306
 10
98.7578871077763
 20
125.51070621589359
 10
98.57179399727153
 20
125.48552609140519
 10
98.39806446111872
 20
125.44355921725784
 10
98.23669849931791
 20
125.38480559345157
 10
98.08769611186906
 20
125.30926521998636
 10
97.95105729877221
 20
125.21693809686221
 10
97.82678206002733
 20
125.10782422407912
 10
97.71487039563442
 20
124.9819236016371
 10
97.52984311050481
 20
124.69042036152797
 10
97.39768076398366
 20
124.3530866302865
 10
97.31838335607097
 20
123.96992240791269
 10
97.29195088676674
 20
123.54092769440655
 10
97.29890539733972
 20
123.28838037175989
 10
97.3197689290587
 20
123.05256650750341
 10
97.35454148192363
 20
122.8334861016371
 10
97.40322305593455
 20
122.63113915416099
 10
97.46581365109144
 20
122.44552566507504
 10
97.5423132673943
 20
122.27664563437926
 10
97.63272190484314
 20
122.12449906207367
 10
97.73703956343796
 20
121.98908594815825
 10
97.97653052523879
 20
121.76675477489768
 10
98.24991473397003
 20
121.60794679399727
 10
98.55719218963169
 20
121.51266200545702
 10
98.89836289222377
 20
121.48090040927694
 10
99.177928888131
 20
121.50072476125511
 10
99.42999658935884
 20
121.56019781718963
 10
99.65456599590726
 20
121.65931957708048
 10
99.8516371077763
 20
121.79809004092769
 10
100.02120992496593
 20
121.97672237380627
 10
100.16328444747617
 20
122.19542974079127
 10
100.277860675307
 20
122.45421214188268
 10
100.36493860845843
 20
122.7530695770805
 10
101.02319236016375
 20
122.58594815825376
  0
LWPOLYLINE
  5
11E
330
17
100
AcDbEntity
  8
TEXT
100
AcDbPolyline
 90
65
 70
0
 10
104.02114597544342
 20
126.08526603001364
 10
104.27779672578448
 20
126.07412815484311
 10
104.52251023192363
 20
126.04071452933151
 10
104.75528649386088
 20
125.98502515347886
 10
104.97612551159622
 20
125.90706002728513
 10
105.18502728512965
 20
125.80681915075034
 10
105.38199181446116
 20
125.68430252387449
 10
105.56701909959077
 20
125.53951014665758
 10
105.74010914051846
 20
125.3724420190996
 10
105.89678547066852
 20
125.18714827762619
 10
106.03257162346524
 20
124.98767905866303
 10
106.14746759890863
 20
124.77403436221009
 10
106.24147339699867
 20
124.54621418826738
 10
106.31458901773537
 20
124.30421853683492
 10
106.36681446111872
 20
124.04804740791269
 10
106.39814972714873
 20
123.77770080150069
 10
106.40859481582541
 20
123.49317871759891
 10
106.39809643587998
 20
123.20953593963165
 10
106.3666012960437
 20
122.94012193042292
 10
106.31410939631654
 20
122.68493668997272
 10
106.24062073669853
 20
122.44398021828104
 10
106.14613531718967
 20
122.2172525153479
 10
106.03065313778994
 20
122.00475358117326
 10
105.89417419849936
 20
121.80648341575717
 10
105.73669849931791
 20
121.6224420190996
 10
105.56291567189635
 20
121.45657294508868
 10
105.37751534788543
 20
121.31281974761255
 10
105.18049752728517
 20
121.19118242667122
 10
104.97186221009554
 20
121.09166098226467
 10
104.75160939631655
 20
121.0142554143929
 10
104.5197390859482
 20
120.95896572305594
 10
104.27625127899049
 20
120.92579190825376
 10
104.02114597544342
 20
120.91473396998636
 10
103.75746077762624
 20
120.92619159276944
 10
103.50699181446116
 20
120.9605644611187
 10
103.26973908594819
 20
121.01785257503411
 10
103.04570259208735
 20
121.09805593451568
 10
102.83488233287862
 20
121.20117453956344
 10
102.637278308322
 20
121.32720839017735
 10
102.45289051841749
 20
121.47615748635744
 10
102.2817189631651
 20
121.64802182810368
 10
102.12744074010917
 20
121.83640646316508
 10
101.99373294679403
 20
122.03491643929058
 10
101.88059558321967
 20
122.24355175648022
 10
101.78802864938612
 20
122.46231241473397
 10
101.71603214529335
 20
122.69119841405184
 10
101.66460607094137
 20
122.93020975443383
 10
101.63375042633018
 20
123.17934643587995
 10
101.62346521145979
 20
123.43860845839018
 10
101.63388365450209
 20
123.73823861698499
 10
101.66513898362895
 20
124.02150835607094
 10
101.71723119884041
 20
124.28841767564802
 10
101.79016030013646
 20
124.53896657571623
 10
101.88392628751708
 20
124.77315505627557
 10
101.9985291609823
 20
124.99098311732605
 10
102.1339689205321
 20
125.19245075886766
 10
102.29024556616648
 20
125.3775579809004
 10
102.46314908765352
 20
125.54342705491132
 10
102.6484694747613
 20
125.68718025238745
 10
102.8462067274898
 20
125.80881757332878
 10
103.05636084583905
 20
125.90833901773533
 10
103.27893182980904
 20
125.9857445856071
 10
103.51391967939976
 20
126.04103427694406
 10
103.76132439461122
 20
126.07420809174624
 10
104.02114597544342
 20
126.08526603001364
  0
LWPOLYLINE
  5
11F
330
17
100
AcDbEntity
  8
TEXT
100
AcDbPolyline
 90
41
 70
0
 10
104.01432469304233
 20
121.48090040927694
 10
104.37659873806278
 20
121.51415416098226
 10
104.70284788540249
 20
121.61391541609822
 10
104.99307213506142
 20
121.78018417462482
 10
105.2472714870396
 20
122.01296043656207
 10
105.4541481923602
 20
122.3049965893588
 10
105.60240450204643
 20
122.64904502046384
 10
105.69204041609827
 20
123.04510572987722
 10
105.72305593451573
 20
123.49317871759891
 10
105.7155152199864
 20
123.7300051159618
 10
105.6928930763984
 20
123.95276261937244
 10
105.65518950375174
 20
124.16145122783082
 10
105.60240450204643
 20
124.35607094133697
 10
105.53453807128244
 20
124.53662175989086
 10
105.45159021145979
 20
124.7031036834925
 10
105.35356092257848
 20
124.85551671214189
 10
105.2404502046385
 20
124.99386084583902
 10
104.98369287175993
 20
125.22365279672579
 10
104.6960266030014
 20
125.38778990450206
 10
104.37745139836292
 20
125.4862721691678
 10
104.02796725784451
 20
125.51909959072306
 10
103.66942360163715
 20
125.4869116643929
 10
103.3441336971351
 20
125.39034788540246
 10
103.05209754433838
 20
125.22940825375171
 10
102.79331514324697
 20
125.00409276944066
 10
102.67980474079131
 20
124.86676116984994
 10
102.58142905866306
 20
124.71226978171896
 10
102.49818809686225
 20
124.54061860504775
 10
102.43008185538885
 20
124.3518076398363
 10
102.37711033424287
 20
124.14583688608458
 10
102.33927353342432
 20
123.92270634379263
 10
102.31657145293318
 20
123.68241601296043
 10
102.30900409276947
 20
123.424965893588
 10
102.33863403819922
 20
123.01089273533424
 10
102.42752387448843
 20
122.63838676671215
 10
102.57567360163715
 20
122.3074479877217
 10
102.78308321964533
 20
122.0180763983629
 10
103.0378154843111
 20
121.78306190313779
 10
103.3279331514325
 20
121.61519440654843
 10
103.65343622100958
 20
121.51447390859481
 10
104.01432469304233
 20
121.48090040927694
  0
LWPOLYLINE
  5
120
330
17
100
AcDbEntity
  8
TEXT
100
AcDbPolyline
 90
57
 70
0
 10
111.69508867667125
 20
121.0
 10
110.8628922237381
 20
121.0
 10
110.68500596862214
 20
121.28079169508868
 10
110.524812414734
 20
121.5331258526603
 10
110.3823115620737
 20
121.75700247271487
 10
110.25750341064123
 20
121.95242155525239
 10
110.15038796043659
 20
122.11938310027286
 10
110.06096521145979
 20
122.25788710777627
 10
109.9892351637108
 20
122.36793357776263
 10
109.93519781718966
 20
122.44952251023193
 10
109.84364341746252
 20
122.57944662346522
 10
109.74974420190999
 20
122.69977830832197
 10
109.6535001705321
 20
122.81051756480218
 10
109.55491132332882
 20
122.91166439290586
 10
109.4566422237381
 20
122.99916865620736
 10
109.36135743519785
 20
123.06898021828104
 10
109.26905695770807
 20
123.12109907912688
 10
109.17974079126878
 20
123.15552523874489
 10
109.0847757503411
 20
123.17790757162346
 10
108.97552864938612
 20
123.19389495225103
 10
108.85199948840385
 20
123.20348738062756
 10
108.7141882673943
 20
123.20668485675307
 10
107.95020463847206
 20
123.20668485675307
 10
107.95020463847206
 20
121.0
 10
107.2885402455662
 20
121.0
 10
107.2885402455662
 20
126.0
 10
109.50204638472036
 20
126.0
 10
109.71968792633018
 20
125.99637619372442
 10
109.91899727148707
 20
125.98550477489768
 10
110.09997442019102
 20
125.96738574351978
 10
110.26261937244205
 20
125.94201909959072
 10
110.41140859481585
 20
125.90503495907231
 10
110.55081855388816
 20
125.85206343792633
 10
110.68084924965898
 20
125.78310453615279
 10
110.80150068212828
 20
125.6981582537517
 10
110.91074778308325
 20
125.59914307639836
 10
111.00656548431108
 20
125.48797748976807
 10
111.08895378581177
 20
125.36466149386085
 10
111.1579126875853
 20
125.22919508867668
 10
111.21237636425651
 20
125.08573499317872
 10
111.25127899045023
 20
124.93843792633015
 10
111.27462056616648
 20
124.78730388813096
 10
111.28240109140522
 20
124.63233287858117
 10
111.26001875852664
 20
124.3631053888131
 10
111.19287175989089
 20
124.12158935879945
 10
111.08096009549799
 20
123.90778478854024
 10
110.92428376534792
 20
123.72169167803547
 10
110.724761255116
 20
123.56522851296043
 10
110.48431105047753
 20
123.44031377899046
 10
110.2029331514325
 20
123.34694747612551
 10
109.88062755798093
 20
123.28512960436562
 10
109.88062755798093
 20
123.27148703956344
 10
110.12747271487042
 20
123.13143758526603
 10
110.3666439290587
 20
122.93298090040928
 10
110.59814120054574
 20
122.67611698499319
 10
110.82196452933155
 20
122.36084583901774
 10
111.69508867667125
 20
121.0
  0
LWPOLYLINE
  5
121
330
17
100
AcDbEntity
  8
TEXT
100
AcDbPolyline
 90
24
 70
0
 10
107.95020463847206
 20
123.80013642564802
 10
109.36903137789908
 20
123.80013642564802
 10
109.57271060709417
 20
123.80471947476126
 10
109.75400750341068
 20
123.81846862210095
 10
109.9129220668486
 20
123.84138386766712
 10
110.04945429740795
 20
123.87346521145976
 10
110.1685069918145
 20
123.9187627899045
 10
110.27498294679403
 20
123.981326739427
 10
110.36888216234655
 20
124.06115706002728
 10
110.45020463847206
 20
124.15825375170532
 10
110.51585948158257
 20
124.26718110504774
 10
110.56275579809008
 20
124.38250341064119
 10
110.59089358799459
 20
124.50422066848567
 10
110.60027285129608
 20
124.63233287858117
 10
110.5847118008186
 20
124.79646998635744
 10
110.53802864938612
 20
124.94781718963165
 10
110.46022339699867
 20
125.08637448840382
 10
110.35129604365623
 20
125.21214188267395
 10
110.20655695770807
 20
125.31659276944066
 10
110.02131650750344
 20
125.39120054570259
 10
109.79557469304233
 20
125.43596521145976
 10
109.52933151432472
 20
125.45088676671215
 10
107.95020463847206
 20
125.45088676671215
 10
107.95020463847206
 20
123.80013642564802
  0
LWPOLYLINE
  5
122
330
17
100
AcDbEntity
  8
TEXT
100
AcDbPolyline
 90
13
 70
0
 10
116.2585266030014
 20
121.0
 10
115.57980900409281
 20
121.0
 10
112.96725784447479
 20
124.92564802182811
 10
112.9536152796726
 20
124.92564802182811
 10
112.9536152796726
 20
121.0
 10
112.3260572987722
 20
121.0
 10
112.3260572987722
 20
126.0
 10
113.00136425648026
 20
126.0
 10
115.61391541609827
 20
122.07435197817189
 10
115.62755798090045
 20
122.07435197817189
 10
115.62755798090045
 20
126.0
 10
116.2585266030014
 20
126.0
 10
116.2585266030014
 20
121.0
  0
LWPOLYLINE
  5
123
330
17
100
AcDbEntity
  8
TEXT
100
AcDbPolyline
 90
13
 70
0
 10
121.10504774897684
 20
121.0
 10
117.37039563437929
 20
121.0
 10
117.37039563437929
 20
126.0
 10
120.98908594815829
 20
126.0
 10
120.98908594815829
 20
125.40654843110505
 10
118.03206002728516
 20
125.40654843110505
 10
118.03206002728516
 20
123.87858117326057
 10
120.79809004092773
 20
123.87858117326057
 10
120.79809004092773
 20
123.28512960436562
 10
118.03206002728516
 20
123.28512960436562
 10
118.03206002728516
 20
121.59345156889495
 10
121.10504774897684
 20
121.59345156889495
 10
121.10504774897684
 20
121.0
  0
LWPOLYLINE
  5
124
330
17
100
AcDbEntity
  8
TEXT
100
AcDbPolyline
 90
57
 70
0
 10
126.44270122783087
 20
121.0
 10
125.61050477489772
 20
121.0
 10
125.43261851978176
 20
121.28079169508868
 10
125.27242496589362
 20
121.5331258526603
 10
125.12992411323332
 20
121.75700247271487
 10
125.00511596180085
 20
121.95242155525239
 10
124.89800051159621
 20
122.11938310027286
 10
124.80857776261941
 20
122.25788710777627
 10
124.73684771487042
 20
122.36793357776263
 10
124.68281036834928
 20
122.44952251023193
 10
124.59125596862214
 20
122.57944662346522
 10
124.49735675306961
 20
122.69977830832197
 10
124.40111272169172
 20
122.81051756480218
 10
124.30252387448844
 20
122.91166439290586
 10
124.20425477489772
 20
122.99916865620736
 10
124.10896998635747
 20
123.06898021828104
 10
124.0166695088677
 20
123.12109907912688
 10
123.9273533424284
 20
123.15552523874489
 10
123.83238830150071
 20
123.17790757162346
 10
123.72314120054574
 20
123.19389495225103
 10
123.59961203956347
 20
123.20348738062756
 10
123.46180081855393
 20
123.20668485675307
 10
122.69781718963168
 20
123.20668485675307
 10
122.69781718963168
 20
121.0
 10
122.03615279672582
 20
121.0
 10
122.03615279672582
 20
126.0
 10
124.24965893587998
 20
126.0
 10
124.4673004774898
 20
125.99637619372442
 10
124.66660982264669
 20
125.98550477489768
 10
124.84758697135064
 20
125.96738574351978
 10
125.01023192360167
 20
125.94201909959072
 10
125.15902114597547
 20
125.90503495907231
 10
125.29843110504778
 20
125.85206343792633
 10
125.4284618008186
 20
125.78310453615279
 10
125.5491132332879
 20
125.6981582537517
 10
125.65836033424287
 20
125.59914307639836
 10
125.7541780354707
 20
125.48797748976807
 10
125.83656633697139
 20
125.36466149386085
 10
125.90552523874491
 20
125.22919508867668
 10
125.95998891541613
 20
125.08573499317872
 10
125.99889154160985
 20
124.93843792633015
 10
126.0222331173261
 20
124.78730388813096
 10
126.03001364256484
 20
124.63233287858117
 10
126.00763130968626
 20
124.3631053888131
 10
125.94048431105051
 20
124.12158935879945
 10
125.8285726466576
 20
123.90778478854024
 10
125.67189631650754
 20
123.72169167803547
 10
125.47237380627561
 20
123.56522851296043
 10
125.23192360163715
 20
123.44031377899046
 10
124.95054570259212
 20
123.34694747612551
 10
124.62824010914055
 20
123.28512960436562
 10
124.62824010914055
 20
123.27148703956344
 10
124.87508526603004
 20
123.13143758526603
 10
125.11425648021832
 20
122.93298090040928
 10
125.34575375170536
 20
122.67611698499319
 10
125.56957708049117
 20
122.36084583901774
 10
126.44270122783087
 20
121.0
  0
LWPOLYLINE
  5
125
330
17
100
AcDbEntity
  8
TEXT
100
AcDbPolyline
 90
24
 70
0
 10
122.69781718963168
 20
123.80013642564802
 10
124.1166439290587
 20
123.80013642564802
 10
124.32032315825379
 20
123.80471947476126
 10
124.5016200545703
 20
123.81846862210095
 10
124.66053461800821
 20
123.84138386766712
 10
124.79706684856757
 20
123.87346521145976
 10
124.91611954297412
 20
123.9187627899045
 10
125.02259549795365
 20
123.981326739427
 10
125.11649471350617
 20
124.06115706002728
 10
125.19781718963168
 20
124.15825375170532
 10
125.26347203274219
 20
124.26718110504774
 10
125.3103683492497
 20
124.38250341064119
 10
125.3385061391542
 20
124.50422066848567
 10
125.3478854024557
 20
124.63233287858117
 10
125.33232435197822
 20
124.79646998635744
 10
125.28564120054574
 20
124.94781718963165
 10
125.20783594815829
 20
125.08637448840382
 10
125.09890859481585
 20
125.21214188267395
 10
124.9541695088677
 20
125.31659276944066
 10
124.76892905866306
 20
125.39120054570259
 10
124.54318724420195
 20
125.43596521145976
 10
124.27694406548434
 20
125.45088676671215
 10
122.69781718963168
 20
125.45088676671215
 10
122.69781718963168
 20
123.80013642564802
  0
LWPOLYLINE
  5
127
330
17
100
AcDbEntity
  8
TEXT
100
AcDbPolyline
 90
13
 70
0
 10
4.484993178717599
 20
112.0
 10
3.819918144611187
 20
112.0
 10
3.819918144611187
 20
114.35334242837654
 10
1.2210095497953615
 20
114.35334242837654
 10
1.2210095497953615
 20
112.0
 10
0.5593451568894953
 20
112.0
 10
0.5593451568894953
 20
117.0
 10
1.2210095497953615
 20
117.0
 10
1.2210095497953615
 20
114.94679399727148
 10
3.819918144611187
 20
114.94679399727148
 10
3.819918144611187
 20
117.0
 10
4.484993178717599
 20
117.0
 10
4.484993178717599
 20
112.0
  0
LWPOLYLINE
  5
128
330
17
100
AcDbEntity
  8
TEXT
100
AcDbPolyline
 90
65
 70
0
 10
7.769440654843111
 20
117.08526603001364
 10
8.026091405184175
 20
117.07412815484311
 10
8.270804911323328
 20
117.04071452933151
 10
8.503581173260573
 20
116.98502515347886
 10
8.724420190995907
 20
116.90706002728513
 10
8.93332196452933
 20
116.80681915075034
 10
9.130286493860845
 20
116.68430252387449
 10
9.31531377899045
 20
116.53951014665758
 10
9.488403819918144
 20
116.3724420190996
 10
9.645080150068212
 20
116.18714827762619
 10
9.780866302864938
 20
115.98767905866303
 10
9.895762278308322
 20
115.77403436221009
 10
9.989768076398363
 20
115.54621418826738
 10
10.06288369713506
 20
115.30421853683492
 10
10.115109140518417
 20
115.04804740791269
 10
10.14644440654843
 20
114.77770080150069
 10
10.156889495225101
 20
114.49317871759891
 10
10.146391115279672
 20
114.20953593963165
 10
10.114895975443382
 20
113.94012193042292
 10
10.062404075716234
 20
113.68493668997272
 10
9.988915416098227
 20
113.44398021828104
 10
9.894429996589357
 20
113.2172525153479
 10
9.77894781718963
 20
113.00475358117326
 10
9.642468877899045
 20
112.80648341575717
 10
9.484993178717598
 20
112.6224420190996
 10
9.311210351296044
 20
112.45657294508868
 10
9.125810027285128
 20
112.31281974761255
 10
8.928792206684857
 20
112.19118242667122
 10
8.720156889495225
 20
112.09166098226467
 10
8.499904075716234
 20
112.0142554143929
 10
8.268033765347885
 20
111.95896572305594
 10
8.024545958390178
 20
111.92579190825376
 10
7.769440654843111
 20
111.91473396998636
 10
7.505755457025921
 20
111.92619159276944
 10
7.2552864938608455
 20
111.9605644611187
 10
7.0180337653478855
 20
112.01785257503411
 10
6.793997271487039
 20
112.09805593451568
 10
6.583177012278307
 20
112.20117453956344
 10
6.385572987721691
 20
112.32720839017735
 10
6.201185197817189
 20
112.47615748635744
 10
6.030013642564802
 20
112.64802182810368
 10
5.875735419508867
 20
112.83640646316508
 10
5.742027626193724
 20
113.03491643929058
 10
5.628890262619372
 20
113.24355175648022
 10
5.536323328785811
 20
113.46231241473397
 10
5.464326824693042
 20
113.69119841405184
 10
5.4129007503410635
 20
113.93020975443383
 10
5.382045105729877
 20
114.17934643587995
 10
5.371759890859481
 20
114.43860845839018
 10
5.3821783339017735
 20
114.73823861698499
 10
5.413433663028649
 20
115.02150835607094
 10
5.465525878240109
 20
115.28841767564802
 10
5.538454979536152
 20
115.53896657571623
 10
5.63222096691678
 20
115.77315505627557
 10
5.746823840381992
 20
115.99098311732605
 10
5.882263599931787
 20
116.19245075886766
 10
6.038540245566166
 20
116.3775579809004
 10
6.211443767053206
 20
116.54342705491132
 10
6.396764154160982
 20
116.68718025238745
 10
6.594501406889496
 20
116.80881757332878
 10
6.804655525238745
 20
116.90833901773533
 10
7.027226509208731
 20
116.9857445856071
 10
7.262214358799454
 20
117.04103427694406
 10
7.5096190740109146
 20
117.07420809174624
 10
7.769440654843111
 20
117.08526603001364
  0
LWPOLYLINE
  5
129
330
17
100
AcDbEntity
  8
TEXT
100
AcDbPolyline
 90
41
 70
0
 10
7.762619372442019
 20
112.48090040927694
 10
8.124893417462483
 20
112.51415416098226
 10
8.451142564802183
 20
112.61391541609822
 10
8.741366814461118
 20
112.78018417462482
 10
8.995566166439291
 20
113.01296043656207
 10
9.20244287175989
 20
113.3049965893588
 10
9.350699181446112
 20
113.64904502046384
 10
9.440335095497954
 20
114.04510572987722
 10
9.471350613915416
 20
114.49317871759891
 10
9.463809899386083
 20
114.7300051159618
 10
9.44118775579809
 20
114.95276261937244
 10
9.403484183151432
 20
115.16145122783082
 10
9.350699181446112
 20
115.35607094133697
 10
9.282832750682129
 20
115.53662175989086
 10
9.199884890859481
 20
115.7031036834925
 10
9.101855601978173
 20
115.85551671214189
 10
8.9887448840382
 20
115.99386084583902
 10
8.731987551159618
 20
116.22365279672579
 10
8.444321282401091
 20
116.38778990450206
 10
8.125746077762619
 20
116.4862721691678
 10
7.776261937244202
 20
116.51909959072306
 10
7.417718281036835
 20
116.4869116643929
 10
7.092428376534789
 20
116.39034788540246
 10
6.800392223738063
 20
116.22940825375171
 10
6.541609822646658
 20
116.00409276944066
 10
6.428099420190996
 20
115.86676116984994
 10
6.329723738062755
 20
115.71226978171896
 10
6.246482776261937
 20
115.54061860504775
 10
6.17837653478854
 20
115.3518076398363
 10
6.125405013642564
 20
115.14583688608458
 10
6.08756821282401
 20
114.92270634379263
 10
6.064866132332878
 20
114.68241601296043
 10
6.057298772169167
 20
114.424965893588
 10
6.086928717598908
 20
114.01089273533424
 10
6.1758185538881305
 20
113.63838676671215
 10
6.3239682810368345
 20
113.3074479877217
 10
6.531377899045021
 20
113.0180763983629
 10
6.786110163710778
 20
112.78306190313779
 10
7.076227830832197
 20
112.61519440654843
 10
7.4017309004092775
 20
112.51447390859481
 10
7.762619372442019
 20
112.48090040927694
  0
LWPOLYLINE
  5
12A
330
17
100
AcDbEntity
  8
TEXT
100
AcDbPolyline
 90
7
 70
0
 10
14.130286493860847
 20
112.0
 10
11.002728512960438
 20
112.0
 10
11.002728512960438
 20
117.0
 10
11.664392905866304
 20
117.0
 10
11.664392905866304
 20
112.59345156889495
 10
14.130286493860847
 20
112.59345156889495
 10
14.130286493860847
 20
112.0
  0
LWPOLYLINE
  5
12B
330
17
100
AcDbEntity
  8
TEXT
100
AcDbPolyline
 90
13
 70
0
 10
18.649386084583902
 20
112.0
 10
14.914733969986358
 20
112.0
 10
14.914733969986358
 20
117.0
 10
18.53342428376535
 20
117.0
 10
18.53342428376535
 20
116.40654843110505
 10
15.576398362892224
 20
116.40654843110505
 10
15.576398362892224
 20
114.87858117326057
 10
18.342428376534787
 20
114.87858117326057
 10
18.342428376534787
 20
114.28512960436562
 10
15.576398362892224
 20
114.28512960436562
 10
15.576398362892224
 20
112.59345156889495
 10
18.649386084583902
 20
112.59345156889495
 10
18.649386084583902
 20
112.0
  0
LWPOLYLINE
  5
12C
330
17
100
AcDbEntity
  8
TEXT
100
AcDbPolyline
 90
107
 70
0
 10
22.527285129604365
 20
115.53342428376534
 10
22.490407571623464
 20
115.75735419508868
 10
22.420702592087313
 20
115.95165416098226
 10
22.318170190995907
 20
116.11632418144612
 10
22.182810368349248
 20
116.25136425648022
 10
22.014623124147338
 20
116.35656122100954
 10
21.813608458390178
 20
116.43170190995907
 10
21.579766371077763
 20
116.47678632332878
 10
21.313096862210095
 20
116.4918144611187
 10
21.06923601637108
 20
116.47987721691678
 10
20.84924965893588
 20
116.44406548431105
 10
20.6531377899045
 20
116.3843792633015
 10
20.48090040927694
 20
116.30081855388813
 10
20.3406377899045
 20
116.19444918144612
 10
20.24045020463847
 20
116.06633697135062
 10
20.18033765347885
 20
115.91648192360164
 10
20.160300136425647
 20
115.74488403819919
 10
20.17575460436562
 20
115.59321708731241
 10
20.22211800818554
 20
115.46222714870396
 10
20.2993903478854
 20
115.35191422237381
 10
20.40757162346521
 20
115.26227830832197
 10
20.55945173942701
 20
115.18308748294679
 10
20.76782060027285
 20
115.10410982264665
 10
21.03267820600273
 20
115.02534532742155
 10
21.354024556616643
 20
114.94679399727148
 10
21.650110845839016
 20
114.87815484311051
 10
21.91763301500682
 20
114.80866302864939
 10
22.156591064120054
 20
114.73831855388813
 10
22.366984993178715
 20
114.66712141882674
 10
22.55606241473397
 20
114.58558577762619
 10
22.73107094133697
 20
114.48422578444747
 10
22.89201057298772
 20
114.36304143929058
 10
23.038881309686218
 20
114.22203274215552
 10
23.161238062755796
 20
114.05821538199181
 10
23.24863574351978
 20
113.86860504774899
 10
23.30107435197817
 20
113.65320173942702
 10
23.318553888130968
 20
113.41200545702593
 10
23.286472544338334
 20
113.10334242837654
 10
23.190228512960434
 20
112.82196452933151
 10
23.02982179399727
 20
112.56787175989086
 10
22.80525238744884
 20
112.34106412005457
 10
22.529097032742154
 20
112.15454467939972
 10
22.213932469304225
 20
112.02131650750341
 10
21.85975869713506
 20
111.94137960436562
 10
21.46657571623465
 20
111.91473396998636
 10
21.211390475784444
 20
111.92208816507504
 10
20.972778819918144
 20
111.94415075034107
 10
20.750740748635742
 20
111.98092172578444
 10
20.545276261937243
 20
112.03240109140518
 10
20.356385359822646
 20
112.09858884720327
 10
20.184068042291948
 20
112.17948499317872
 10
20.028324309345155
 20
112.27508952933151
 10
19.88915416098226
 20
112.38540245566166
 10
19.658189802182807
 20
112.6382162346521
 10
19.48883015006821
 20
112.92598908594816
 10
19.38107520463847
 20
113.2487210095498
 10
19.334924965893585
 20
113.60641200545703
 10
19.962482946793997
 20
113.66098226466576
 10
20.008100272851294
 20
113.38120310368349
 10
20.100613915416098
 20
113.14213847203274
 10
20.2400238744884
 20
112.9437883697135
 10
20.42633015006821
 20
112.78615279672579
 10
20.646956002728512
 20
112.66603427694406
 10
20.88932469304229
 20
112.58023533424284
 10
21.15343622100955
 20
112.5287559686221
 10
21.439290586630285
 20
112.51159618008185
 10
21.70393502728513
 20
112.52587824010914
 10
21.941933833560707
 20
112.56872442019099
 10
22.153287005457024
 20
112.64013472032742
 10
22.337994542974076
 20
112.74010914051841
 10
22.48795617326057
 20
112.86459754433834
 10
22.59507162346521
 20
113.00954979536152
 10
22.659340893587995
 20
113.174965893588
 10
22.68076398362892
 20
113.36084583901774
 10
22.65838165075034
 20
113.55162858117326
 10
22.591234652114597
 20
113.71469986357435
 10
22.47932298772169
 20
113.85005968622102
 10
22.32264665757162
 20
113.95770804911324
 10
22.113211971350612
 20
114.05118093451568
 10
21.843025238744882
 20
114.14401432469305
 10
21.512086459754432
 20
114.23620821964529
 10
21.12039563437926
 20
114.32776261937244
 10
20.727852148703953
 20
114.42826995225101
 10
20.394355388813096
 20
114.54732264665756
 10
20.11990535470668
 20
114.68492070259208
 10
19.904502046384717
 20
114.84106412005457
 10
19.741857094133696
 20
115.018843792633
 10
19.625682128240108
 20
115.2213506139154
 10
19.555977148703956
 20
115.44858458390176
 10
19.532742155525238
 20
115.70054570259208
 10
19.562158935879946
 20
115.98767905866302
 10
19.650409276944064
 20
116.24880627557981
 10
19.7974931787176
 20
116.48392735334244
 10
20.003410641200546
 20
116.69304229195089
 10
20.26006139154161
 20
116.86464017735334
 10
20.559345156889492
 20
116.98721009549796
 10
20.9012619372442
 20
117.06075204638472
 10
21.28581173260573
 20
117.08526603001364
 10
21.681552694406548
 20
117.06085862892223
 10
22.03657912687585
 20
116.98763642564802
 10
22.350891030013642
 20
116.86559942019099
 10
22.624488403819917
 20
116.69474761255115
 10
22.847991984993175
 20
116.47891797407912
 10
23.012022510231922
 20
116.22194747612551
 10
23.11657997953615
 20
115.92383611869032
 10
23.161664392905866
 20
115.58458390177353
 10
22.527285129604365
 20
115.53342428376534
  0
LWPOLYLINE
  5
12D
330
17
100
AcDbEntity
  8
TEXT
100
AcDbPolyline
 90
5
 70
0
 10
25.00682128240109
 20
114.91950886766712
 10
24.307639836289223
 20
114.91950886766712
 10
24.307639836289223
 20
115.61869031377898
 10
25.00682128240109
 20
115.61869031377898
 10
25.00682128240109
 20
114.91950886766712
  0
LWPOLYLINE
  5
12E
330
17
100
AcDbEntity
  8
TEXT
100
AcDbPolyline
 90
5
 70
0
 10
25.00682128240109
 20
112.0
 10
24.307639836289223
 20
112.0
 10
24.307639836289223
 20
112.69918144611187
 10
25.00682128240109
 20
112.69918144611187
 10
25.00682128240109
 20
112.0
  0
LWPOLYLINE
  5
12F
330
17
100
AcDbEntity
  8
TEXT
100
AcDbPolyline
 90
12
 70
0
 10
31.122100954979537
 20
113.19372442019099
 10
30.446793997271488
 20
113.19372442019099
 10
30.446793997271488
 20
112.0
 10
29.83287858117326
 20
112.0
 10
29.83287858117326
 20
113.19372442019099
 10
27.66712141882674
 20
113.19372442019099
 10
27.66712141882674
 20
113.75989085948159
 10
29.942019099590723
 20
117.0
 10
30.446793997271488
 20
117.0
 10
30.446793997271488
 20
113.75989085948159
 10
31.122100954979537
 20
113.75989085948159
 10
31.122100954979537
 20
113.19372442019099
  0
LWPOLYLINE
  5
130
330
17
100
AcDbEntity
  8
TEXT
100
AcDbPolyline
 90
5
 70
0
 10
29.83287858117326
 20
113.75989085948159
 10
29.83287858117326
 20
116.01773533424284
 10
29.81923601637108
 20
116.01773533424284
 10
28.267394270122782
 20
113.75989085948159
 10
29.83287858117326
 20
113.75989085948159
  0
LWPOLYLINE
  5
131
330
17
100
AcDbEntity
  8
TEXT
100
AcDbPolyline
 90
20
 70
0
 10
34.89085948158254
 20
112.0
 10
34.13369713506139
 20
112.0
 10
33.192360163710774
 20
113.4324693042292
 10
32.24079126875853
 20
112.0
 10
31.493860845839016
 20
112.0
 10
32.820600272851294
 20
113.88608458390178
 10
31.599590723055933
 20
115.61869031377898
 10
32.36016371077763
 20
115.61869031377898
 10
32.53549198499318
 20
115.35367283424283
 10
32.689716916780355
 20
115.11967087312415
 10
32.82283850613915
 20
114.91668443042292
 10
32.934856753069575
 20
114.74471350613915
 10
33.02577165757162
 20
114.60375810027286
 10
33.09558321964529
 20
114.49381821282401
 10
33.14429143929058
 20
114.41489384379264
 10
33.1718963165075
 20
114.36698499317872
 10
34.058663028649384
 20
115.61869031377898
 10
34.79195088676671
 20
115.61869031377898
 10
33.54024556616644
 20
113.92019099590723
 10
34.89085948158254
 20
112.0
  0
LWPOLYLINE
  5
132
330
17
100
AcDbEntity
  8
TEXT
100
AcDbPolyline
 90
40
 70
0
 10
37.43860845839018
 20
117.0
 10
39.16439290586631
 20
117.0
 10
39.38331343792633
 20
116.99712227148704
 10
39.58645975443383
 20
116.98848908594816
 10
39.77383185538881
 20
116.97410044338336
 10
39.94542974079127
 20
116.95395634379264
 10
40.10732861527968
 20
116.92262107776263
 10
40.2656036834925
 20
116.87465893587995
 10
40.42025494542975
 20
116.8100699181446
 10
40.57128240109141
 20
116.72885402455661
 10
40.71580832196453
 20
116.63090467257844
 10
40.850954979536155
 20
116.51611527967258
 10
40.976722373806275
 20
116.38448584583902
 10
41.0931105047749
 20
116.23601637107777
 10
41.198840381991815
 20
116.07326483628923
 10
41.29263301500683
 20
115.89878922237381
 10
41.374488403819925
 20
115.71258952933152
 10
41.44440654843111
 20
115.51466575716235
 10
41.500362380627564
 20
115.30011510914052
 10
41.54033083219646
 20
115.06403478854024
 10
41.56431190313779
 20
114.80642479536152
 10
41.572305593451574
 20
114.52728512960437
 10
41.56409873806276
 20
114.25717833390178
 10
41.53947817189632
 20
113.9993818212824
 10
41.49844389495225
 20
113.75389559174626
 10
41.440995907230565
 20
113.52071964529333
 10
41.367134208731244
 20
113.2998539819236
 10
41.2768587994543
 20
113.0912986016371
 10
41.17016967939973
 20
112.89505350443383
 10
41.04706684856753
 20
112.71111869031378
 10
40.90392650068213
 20
112.54445024727148
 10
40.737124829467945
 20
112.4000042633015
 10
40.54666183492497
 20
112.27778073840382
 10
40.33253751705321
 20
112.17777967257845
 10
40.094751875852666
 20
112.10000106582538
 10
39.83330491132333
 20
112.0444449181446
 10
39.548196623465216
 20
112.01111122953616
 10
39.23942701227831
 20
112.0
 10
37.43860845839018
 20
112.0
 10
37.43860845839018
 20
117.0
  0
LWPOLYLINE
  5
133
330
17
100
AcDbEntity
  8
TEXT
100
AcDbPolyline
 90
40
 70
0
 10
38.10027285129605
 20
112.59345156889495
 10
39.1712141882674
 20
112.59345156889495
 10
39.330555081855394
 20
112.59600954979535
 10
39.481156207366986
 20
112.60368349249659
 10
39.62301756480218
 20
112.61647339699863
 10
39.756139154160984
 20
112.6343792633015
 10
39.88531718963165
 20
112.66358287858117
 10
40.015347885402456
 20
112.71026603001364
 10
40.1462312414734
 20
112.77442871759891
 10
40.27796725784448
 20
112.85607094133697
 10
40.40448072987722
 20
112.96094815825374
 10
40.519696452933154
 20
113.09481582537516
 10
40.623614427012285
 20
113.25767394270123
 10
40.7162346521146
 20
113.44952251023193
 10
40.79233458390178
 20
113.6724931787176
 10
40.84669167803547
 20
113.9287175989086
 10
40.87930593451569
 20
114.21819577080491
 10
40.89017735334243
 20
114.54092769440655
 10
40.886020634379264
 20
114.72542206684857
 10
40.87355047748977
 20
114.9037346521146
 10
40.85276688267395
 20
115.07586545020465
 10
40.82366984993179
 20
115.2418144611187
 10
40.78338165075034
 20
115.40104877216916
 10
40.72902455661665
 20
115.55303547066848
 10
40.6605985675307
 20
115.69777455661664
 10
40.5781036834925
 20
115.83526603001364
 10
40.485270293315146
 20
115.96018076398363
 10
40.38582878581174
 20
116.06718963165075
 10
40.27977916098227
 20
116.15629263301501
 10
40.167121418826746
 20
116.2274897680764
 10
40.051905695770806
 20
116.28365876534788
 10
39.938182128240115
 20
116.32767735334244
 10
39.82595071623465
 20
116.35954553206003
 10
39.715211459754435
 20
116.37926330150069
 10
39.59743775579809
 20
116.39120054570259
 10
39.46410300136426
 20
116.39972714870396
 10
39.31520719645294
 20
116.40484311050477
 10
39.150750341064125
 20
116.40654843110505
 10
38.10027285129605
 20
116.40654843110505
 10
38.10027285129605
 20
112.59345156889495
  0
LWPOLYLINE
  5
134
330
17
100
AcDbEntity
  8
TEXT
100
AcDbPolyline
 90
5
 70
0
 10
43.22987721691678
 20
112.0
 10
42.564802182810375
 20
112.0
 10
42.564802182810375
 20
117.0
 10
43.22987721691678
 20
117.0
 10
43.22987721691678
 20
112.0
  0
LWPOLYLINE
  5
135
330
17
100
AcDbEntity
  8
TEXT
100
AcDbPolyline
 90
9
 70
0
 10
48.53001364256481
 20
112.0
 10
47.7830832196453
 20
112.0
 10
47.19645293315144
 20
113.52114597544339
 10
45.10914051841747
 20
113.52114597544339
 10
44.55661664392907
 20
112.0
 10
43.857435197817196
 20
112.0
 10
45.77762619372443
 20
117.0
 10
46.49045020463848
 20
117.0
 10
48.53001364256481
 20
112.0
  0
LWPOLYLINE
  5
136
330
17
100
AcDbEntity
  8
TEXT
100
AcDbPolyline
 90
20
 70
0
 10
46.99522510231924
 20
114.04638472032742
 10
46.85011297748977
 20
114.43032166609822
 10
46.72173431105048
 20
114.77039989768076
 10
46.61008910300137
 20
115.06661941507504
 10
46.51517735334244
 20
115.31898021828104
 10
46.436999062073674
 20
115.52748230729877
 10
46.375554229195096
 20
115.69212568212824
 10
46.33084285470669
 20
115.81291034276944
 10
46.302864938608465
 20
115.88983628922237
 10
46.26257673942702
 20
116.00910214870396
 10
46.22015688949523
 20
116.1469133697135
 10
46.1756053888131
 20
116.30326995225103
 10
46.128922237380635
 20
116.47817189631651
 10
46.11186903137791
 20
116.47817189631651
 10
46.06006991814462
 20
116.23047407912688
 10
46.00017053206004
 20
115.99215552523874
 10
45.93217087312416
 20
115.76321623465212
 10
45.85607094133698
 20
115.54365620736698
 10
45.29672578444748
 20
114.04638472032742
 10
46.99522510231924
 20
114.04638472032742
  0
LWPOLYLINE
  5
137
330
17
100
AcDbEntity
  8
TEXT
100
AcDbPolyline
 90
18
 70
0
 10
53.083219645293326
 20
112.0
 10
52.4693042291951
 20
112.0
 10
52.4693042291951
 20
115.91200545702593
 10
52.21968792633016
 20
115.70203785811732
 10
51.93127557980902
 20
115.5086971350614
 10
51.604067189631664
 20
115.33198328785811
 10
51.238062755798104
 20
115.1718963165075
 10
51.238062755798104
 20
115.76534788540246
 10
51.49268843792634
 20
115.89617795020465
 10
51.72621077762621
 20
116.03457537517053
 10
51.93862977489769
 20
116.18054016030014
 10
52.1299454297408
 20
116.33407230559345
 10
52.300157742155534
 20
116.49517181105048
 10
52.44926671214189
 20
116.66383867667122
 10
52.577272339699874
 20
116.84007290245566
 10
52.68417462482948
 20
117.02387448840382
 10
53.083219645293326
 20
117.02387448840382
 10
53.083219645293326
 20
112.0
  0
LWPOLYLINE
  5
138
330
17
100
AcDbEntity
  8
TEXT
100
AcDbPolyline
 90
65
 70
0
 10
56.28922237380629
 20
117.02387448840382
 10
56.486639878922254
 20
117.0138823755116
 10
56.671320770804925
 20
116.98390603683492
 10
56.84326504945431
 20
116.93394547237381
 10
57.00247271487041
 20
116.86400068212824
 10
57.14894376705322
 20
116.77407166609822
 10
57.28267820600274
 20
116.66415842428377
 10
57.40367603171897
 20
116.53426095668486
 10
57.511937244201924
 20
116.3843792633015
 10
57.60746184345158
 20
116.21451334413369
 10
57.69024982946795
 20
116.02466319918145
 10
57.760301202251036
 20
115.81482882844475
 10
57.81761596180083
 20
115.5850102319236
 10
57.862194108117336
 20
115.33520740961801
 10
57.89403564120056
 20
115.06542036152797
 10
57.91314056105049
 20
114.77564908765348
 10
57.91950886766713
 20
114.46589358799454
 10
57.91292739597546
 20
114.15310048601637
 10
57.89318298090042
 20
113.86103768758527
 10
57.86027562244203
 20
113.58970519270123
 10
57.81420532060029
 20
113.33910300136425
 10
57.754972075375186
 20
113.10923111357435
 10
57.68257588676673
 20
112.90008952933151
 10
57.59701675477491
 20
112.71167824863575
 10
57.49829467939974
 20
112.54399727148704
 10
57.38726232094135
 20
112.39651368519782
 10
57.264772339699874
 20
112.2686945770805
 10
57.13082473567532
 20
112.16053994713506
 10
56.98541950886768
 20
112.07204979536152
 10
56.828556659276956
 20
112.00322412175989
 10
56.66023618690315
 20
111.95406292633015
 10
56.480458091746264
 20
111.92456620907231
 10
56.28922237380629
 20
111.91473396998636
 10
56.092217876023206
 20
111.9246994372442
 10
55.90792334583903
 20
111.95459583901774
 10
55.736338783253764
 20
112.00442317530695
 10
55.577464188267406
 20
112.07418144611187
 10
55.43129956087996
 20
112.16387065143248
 10
55.297844901091416
 20
112.27349079126876
 10
55.177100208901784
 20
112.40304186562074
 10
55.06906548431106
 20
112.5525238744884
 10
54.973740727319246
 20
112.72193681787176
 10
54.89112593792634
 20
112.9112806957708
 10
54.82122111613234
 20
113.12055550818553
 10
54.76402626193725
 20
113.34976125511596
 10
54.71954137534107
 20
113.59889793656207
 10
54.6877664563438
 20
113.86796555252387
 10
54.66870150494544
 20
114.15696410300137
 10
54.662346521145984
 20
114.46589358799454
 10
54.66892799283766
 20
114.77873998124147
 10
54.6886724079127
 20
115.07096265347886
 10
54.721579766371086
 20
115.34256160470669
 10
54.76765006821283
 20
115.59353683492498
 10
54.82688331343794
 20
115.82388834413369
 10
54.8992795020464
 20
116.03361613233288
 10
54.98483863403821
 20
116.22272019952251
 10
55.08356070941338
 20
116.39120054570259
 10
55.194539776603015
 20
116.53948350102318
 10
55.31686988403821
 20
116.66799539563438
 10
55.45055103171897
 20
116.77673622953616
 10
55.595583219645306
 20
116.86570600272852
 10
55.7519664478172
 20
116.93490471521146
 10
55.919700716234665
 20
116.98433236698499
 10
56.09878602489769
 20
117.01398895804911
 10
56.28922237380629
 20
117.02387448840382
  0
LWPOLYLINE
  5
139
330
17
100
AcDbEntity
  8
TEXT
100
AcDbPolyline
 90
49
 70
0
 10
56.28922237380629
 20
112.41950886766712
 10
56.52135914051843
 20
112.44945856070942
 10
56.723226466575724
 20
112.5393076398363
 10
56.89482435197818
 20
112.68905610504775
 10
57.036152796725794
 20
112.8987039563438
 10
57.09530610504776
 20
113.02801521998636
 10
57.14657230559346
 20
113.17635146657572
 10
57.1899513983629
 20
113.34371269611188
 10
57.22544338335608
 20
113.53009890859482
 10
57.253048260572996
 20
113.73551010402456
 10
57.27276603001365
 20
113.95994628240109
 10
57.28459669167805
 20
114.20340744372442
 10
57.288540245566175
 20
114.46589358799454
 10
57.281612380627564
 20
114.82433066166439
 10
57.26082878581174
 20
115.14247953615279
 10
57.2261894611187
 20
115.42034021145976
 10
57.17769440654844
 20
115.65791268758527
 10
57.115237039563446
 20
115.86148533424284
 10
57.03871077762621
 20
116.03734652114598
 10
56.94811562073671
 20
116.18549624829468
 10
56.84345156889496
 20
116.30593451568895
 10
56.724612039563446
 20
116.39919423601637
 10
56.59149045020465
 20
116.46580832196453
 10
56.44408680081857
 20
116.50577677353343
 10
56.2824010914052
 20
116.51909959072306
 10
56.05047748976809
 20
116.48861698499319
 10
55.84924965893589
 20
116.39716916780355
 10
55.678717598908605
 20
116.24475613915416
 10
55.53888130968623
 20
116.03137789904503
 10
55.48052737039565
 20
115.90022808663029
 10
55.4299539563438
 20
115.7506394952251
 10
55.387161067530705
 20
115.58261212482947
 10
55.35214870395636
 20
115.39614597544337
 10
55.32491686562075
 20
115.19124104706685
 10
55.305465552523884
 20
114.96789733969986
 10
55.29379476466577
 20
114.72611485334242
 10
55.2899045020464
 20
114.46589358799454
 10
55.29693894952252
 20
114.1118263983629
 10
55.3180422919509
 20
113.79655525238745
 10
55.353214529331524
 20
113.52008015006822
 10
55.402455661664405
 20
113.28240109140519
 10
55.4655525238745
 20
113.078082366985
 10
55.54229195088678
 20
112.90168826739426
 10
55.63267394270124
 20
112.75321879263302
 10
55.73669849931788
 20
112.63267394270123
 10
55.85436562073671
 20
112.53941422237381
 10
55.98567530695772
 20
112.47280013642565
 10
56.130627557980915
 20
112.43283168485675
 10
56.28922237380629
 20
112.41950886766712
  0
LWPOLYLINE
  5
13A
330
17
100
AcDbEntity
  8
TEXT
100
AcDbPolyline
 90
5
 70
0
 10
59.55320600272852
 20
112.0
 10
58.85402455661665
 20
112.0
 10
58.85402455661665
 20
112.69918144611187
 10
59.55320600272852
 20
112.69918144611187
 10
59.55320600272852
 20
112.0
  0
LWPOLYLINE
  5
13B
330
17
100
AcDbEntity
  8
TEXT
100
AcDbPolyline
 90
65
 70
0
 10
62.11459754433835
 20
117.02387448840382
 10
62.31201504945432
 20
117.0138823755116
 10
62.49669594133699
 20
116.98390603683492
 10
62.66864021998637
 20
116.93394547237381
 10
62.82784788540247
 20
116.86400068212824
 10
62.97431893758528
 20
116.77407166609822
 10
63.108053376534805
 20
116.66415842428377
 10
63.229051202251036
 20
116.53426095668486
 10
63.33731241473399
 20
116.3843792633015
 10
63.432837013983644
 20
116.21451334413369
 10
63.515625000000014
 20
116.02466319918145
 10
63.5856763727831
 20
115.81482882844475
 10
63.642991132332895
 20
115.5850102319236
 10
63.6875692786494
 20
115.33520740961801
 10
63.71941081173262
 20
115.06542036152797
 10
63.73851573158255
 20
114.77564908765348
 10
63.744884038199196
 20
114.46589358799454
 10
63.73830256650752
 20
114.15310048601637
 10
63.71855815143248
 20
113.86103768758527
 10
63.685650792974094
 20
113.58970519270123
 10
63.63958049113235
 20
113.33910300136425
 10
63.58034724590725
 20
113.10923111357435
 10
63.50795105729879
 20
112.90008952933151
 10
63.422391925306975
 20
112.71167824863575
 10
63.323669849931804
 20
112.54399727148704
 10
63.212637491473416
 20
112.39651368519782
 10
63.09014751023194
 20
112.2686945770805
 10
62.95619990620738
 20
112.16053994713506
 10
62.81079467939974
 20
112.07204979536152
 10
62.65393182980902
 20
112.00322412175989
 10
62.48561135743521
 20
111.95406292633015
 10
62.30583326227833
 20
111.92456620907231
 10
62.11459754433835
 20
111.91473396998636
 10
61.91759304655527
 20
111.9246994372442
 10
61.73329851637109
 20
111.95459583901774
 10
61.56171395378583
 20
112.00442317530695
 10
61.40283935879947
 20
112.07418144611187
 10
61.25667473141202
 20
112.16387065143248
 10
61.12322007162348
 20
112.27349079126876
 10
61.00247537943385
 20
112.40304186562074
 10
60.89444065484312
 20
112.5525238744884
 10
60.79911589785131
 20
112.72193681787176
 10
60.7165011084584
 20
112.9112806957708
 10
60.646596286664405
 20
113.12055550818553
 10
60.589401432469316
 20
113.34976125511596
 10
60.544916545873136
 20
113.59889793656207
 10
60.513141626875864
 20
113.86796555252387
 10
60.4940766754775
 20
114.15696410300137
 10
60.48772169167805
 20
114.46589358799454
 10
60.49430316336972
 20
114.77873998124147
 10
60.51404757844476
 20
115.07096265347886
 10
60.54695493690315
 20
115.34256160470669
 10
60.5930252387449
 20
115.59353683492498
 10
60.65225848397
 20
115.82388834413369
 10
60.72465467257846
 20
116.03361613233288
 10
60.810213804570274
 20
116.22272019952251
 10
60.908935879945446
 20
116.39120054570259
 10
61.01991494713508
 20
116.53948350102318
 10
61.142245054570274
 20
116.66799539563438
 10
61.275926202251036
 20
116.77673622953616
 10
61.42095839017737
 20
116.86570600272852
 10
61.577341618349266
 20
116.93490471521146
 10
61.74507588676673
 20
116.98433236698499
 10
61.924161195429754
 20
117.01398895804911
 10
62.11459754433835
 20
117.02387448840382
  0
LWPOLYLINE
  5
13C
330
17
100
AcDbEntity
  8
TEXT
100
AcDbPolyline
 90
49
 70
0
 10
62.11459754433835
 20
112.41950886766712
 10
62.34673431105049
 20
112.44945856070942
 10
62.548601637107794
 20
112.5393076398363
 10
62.72019952251024
 20
112.68905610504775
 10
62.86152796725786
 20
112.8987039563438
 10
62.920681275579824
 20
113.02801521998636
 10
62.97194747612552
 20
113.17635146657572
 10
63.01532656889496
 20
113.34371269611188
 10
63.05081855388814
 20
113.53009890859482
 10
63.07842343110506
 20
113.73551010402456
 10
63.09814120054571
 20
113.95994628240109
 10
63.10997186221011
 20
114.20340744372442
 10
63.11391541609824
 20
114.46589358799454
 10
63.10698755115963
 20
114.82433066166439
 10
63.0862039563438
 20
115.14247953615279
 10
63.05156463165076
 20
115.42034021145976
 10
63.0030695770805
 20
115.65791268758527
 10
62.94061221009551
 20
115.86148533424284
 10
62.86408594815826
 20
116.03734652114598
 10
62.77349079126877
 20
116.18549624829468
 10
62.668826739427026
 20
116.30593451568895
 10
62.54998721009551
 20
116.39919423601637
 10
62.416865620736715
 20
116.46580832196453
 10
62.26946197135063
 20
116.50577677353343
 10
62.10777626193726
 20
116.51909959072306
 10
61.875852660300154
 20
116.48861698499319
 10
61.67462482946795
 20
116.39716916780355
 10
61.50409276944067
 20
116.24475613915416
 10
61.364256480218295
 20
116.03137789904503
 10
61.30590254092771
 20
115.90022808663029
 10
61.255329126875864
 20
115.7506394952251
 10
61.21253623806277
 20
115.58261212482947
 10
61.177523874488415
 20
115.39614597544337
 10
61.15029203615281
 20
115.19124104706685
 10
61.13084072305595
 20
114.96789733969986
 10
61.11916993519783
 20
114.72611485334242
 10
61.11527967257846
 20
114.46589358799454
 10
61.12231412005458
 20
114.1118263983629
 10
61.14341746248296
 20
113.79655525238745
 10
61.178589699863586
 20
113.52008015006822
 10
61.22783083219647
 20
113.28240109140519
 10
61.29092769440656
 20
113.078082366985
 10
61.36766712141884
 20
112.90168826739426
 10
61.4580491132333
 20
112.75321879263302
 10
61.562073669849944
 20
112.63267394270123
 10
61.67974079126877
 20
112.53941422237381
 10
61.81105047748978
 20
112.47280013642565
 10
61.95600272851298
 20
112.43283168485675
 10
62.11459754433835
 20
112.41950886766712
  0
LWPOLYLINE
  5
13D
330
17
100
AcDbEntity
  8
TEXT
100
AcDbPolyline
 90
65
 70
0
 10
65.99931787175991
 20
117.02387448840382
 10
66.19673537687588
 20
117.0138823755116
 10
66.38141626875854
 20
116.98390603683492
 10
66.55336054740793
 20
116.93394547237381
 10
66.71256821282402
 20
116.86400068212824
 10
66.85903926500684
 20
116.77407166609822
 10
66.99277370395636
 20
116.66415842428377
 10
67.11377152967259
 20
116.53426095668486
 10
67.22203274215553
 20
116.3843792633015
 10
67.3175573414052
 20
116.21451334413369
 10
67.40034532742158
 20
116.02466319918145
 10
67.47039670020466
 20
115.81482882844475
 10
67.52771145975444
 20
115.5850102319236
 10
67.57228960607095
 20
115.33520740961801
 10
67.60413113915418
 20
115.06542036152797
 10
67.6232360590041
 20
114.77564908765348
 10
67.62960436562075
 20
114.46589358799454
 10
67.62302289392908
 20
114.15310048601637
 10
67.60327847885404
 20
113.86103768758527
 10
67.57037112039565
 20
113.58970519270123
 10
67.52430081855391
 20
113.33910300136425
 10
67.46506757332881
 20
113.10923111357435
 10
67.39267138472034
 20
112.90008952933151
 10
67.30711225272853
 20
112.71167824863575
 10
67.20839017735337
 20
112.54399727148704
 10
67.09735781889498
 20
112.39651368519782
 10
66.9748678376535
 20
112.2686945770805
 10
66.84092023362895
 20
112.16053994713506
 10
66.6955150068213
 20
112.07204979536152
 10
66.53865215723059
 20
112.00322412175989
 10
66.37033168485678
 20
111.95406292633015
 10
66.19055358969989
 20
111.92456620907231
 10
65.99931787175991
 20
111.91473396998636
 10
65.80231337397683
 20
111.9246994372442
 10
65.61801884379265
 20
111.95459583901774
 10
65.44643428120739
 20
112.00442317530695
 10
65.28755968622103
 20
112.07418144611187
 10
65.14139505883358
 20
112.16387065143248
 10
65.00794039904504
 20
112.27349079126876
 10
64.88719570685541
 20
112.40304186562074
 10
64.77916098226468
 20
112.5525238744884
 10
64.68383622527287
 20
112.72193681787176
 10
64.60122143587996
 20
112.9112806957708
 10
64.53131661408597
 20
113.12055550818553
 10
64.47412175989088
 20
113.34976125511596
 10
64.4296368732947
 20
113.59889793656207
 10
64.39786195429743
 20
113.86796555252387
 10
64.37879700289906
 20
114.15696410300137
 10
64.37244201909961
 20
114.46589358799454
 10
64.37902349079128
 20
114.77873998124147
 10
64.39876790586632
 20
115.07096265347886
 10
64.43167526432471
 20
115.34256160470669
 10
64.47774556616646
 20
115.59353683492498
 10
64.53697881139156
 20
115.82388834413369
 10
64.60937500000001
 20
116.03361613233288
 10
64.69493413199183
 20
116.22272019952251
 10
64.79365620736701
 20
116.39120054570259
 10
64.90463527455664
 20
116.53948350102318
 10
65.02696538199183
 20
116.66799539563438
 10
65.16064652967259
 20
116.77673622953616
 10
65.30567871759892
 20
116.86570600272852
 10
65.46206194577083
 20
116.93490471521146
 10
65.62979621418829
 20
116.98433236698499
 10
65.80888152285132
 20
117.01398895804911
 10
65.99931787175991
 20
117.02387448840382
  0
LWPOLYLINE
  5
13E
330
17
100
AcDbEntity
  8
TEXT
100
AcDbPolyline
 90
49
 70
0
 10
65.99931787175991
 20
112.41950886766712
 10
66.23145463847206
 20
112.44945856070942
 10
66.43332196452936
 20
112.5393076398363
 10
66.6049198499318
 20
112.68905610504775
 10
66.74624829467942
 20
112.8987039563438
 10
66.80540160300139
 20
113.02801521998636
 10
66.85666780354708
 20
113.17635146657572
 10
66.90004689631652
 20
113.34371269611188
 10
66.9355388813097
 20
113.53009890859482
 10
66.96314375852663
 20
113.73551010402456
 10
66.98286152796727
 20
113.95994628240109
 10
66.99469218963166
 20
114.20340744372442
 10
66.9986357435198
 20
114.46589358799454
 10
66.9917078785812
 20
114.82433066166439
 10
66.97092428376537
 20
115.14247953615279
 10
66.93628495907232
 20
115.42034021145976
 10
66.88778990450207
 20
115.65791268758527
 10
66.82533253751707
 20
115.86148533424284
 10
66.74880627557982
 20
116.03734652114598
 10
66.65821111869033
 20
116.18549624829468
 10
66.55354706684858
 20
116.30593451568895
 10
66.43470753751707
 20
116.39919423601637
 10
66.30158594815828
 20
116.46580832196453
 10
66.15418229877218
 20
116.50577677353343
 10
65.99249658935882
 20
116.51909959072306
 10
65.76057298772172
 20
116.48861698499319
 10
65.55934515688952
 20
116.39716916780355
 10
65.38881309686222
 20
116.24475613915416
 10
65.24897680763985
 20
116.03137789904503
 10
65.19062286834927
 20
115.90022808663029
 10
65.14004945429743
 20
115.7506394952251
 10
65.09725656548433
 20
115.58261212482947
 10
65.06224420190998
 20
115.39614597544337
 10
65.03501236357437
 20
115.19124104706685
 10
65.0155610504775
 20
114.96789733969986
 10
65.0038902626194
 20
114.72611485334242
 10
65.00000000000001
 20
114.46589358799454
 10
65.00703444747614
 20
114.1118263983629
 10
65.02813778990452
 20
113.79655525238745
 10
65.06331002728514
 20
113.52008015006822
 10
65.11255115961802
 20
113.28240109140519
 10
65.17564802182812
 20
113.078082366985
 10
65.2523874488404
 20
112.90168826739426
 10
65.34276944065486
 20
112.75321879263302
 10
65.44679399727151
 20
112.63267394270123
 10
65.56446111869033
 20
112.53941422237381
 10
65.69577080491135
 20
112.47280013642565
 10
65.84072305593455
 20
112.43283168485675
 10
65.99931787175991
 20
112.41950886766712
  0
LWPOLYLINE
  5
13F
330
17
100
AcDbEntity
  8
TEXT
100
AcDbPolyline
 90
81
 70
0
 10
75.25579809004095
 20
112.0
 10
74.64188267394273
 20
112.0
 10
74.64188267394273
 20
114.28512960436562
 10
74.63975102319239
 20
114.40674027967258
 10
74.63335607094137
 20
114.51918485675307
 10
74.62269781718966
 20
114.6224633356071
 10
74.60777626193727
 20
114.71657571623466
 10
74.58400835607097
 20
114.80354706684857
 10
74.54681105047752
 20
114.88540245566166
 10
74.49618434515692
 20
114.96214188267395
 10
74.43212824010917
 20
115.0337653478854
 10
74.35144525920876
 20
115.09419764665758
 10
74.25093792633018
 20
115.13736357435198
 10
74.13060624147343
 20
115.16326313096862
 10
73.9904502046385
 20
115.1718963165075
 10
73.81586800818557
 20
115.15612210095497
 10
73.65364938608462
 20
115.10879945429741
 10
73.50379433833564
 20
115.02992837653478
 10
73.36630286493863
 20
114.91950886766712
 10
73.25140688949524
 20
114.7737039563438
 10
73.16933833560712
 20
114.58867667121419
 10
73.12009720327424
 20
114.36442701227831
 10
73.10368349249661
 20
114.10095497953616
 10
73.10368349249661
 20
112.0
 10
72.48976807639839
 20
112.0
 10
72.48976807639839
 20
114.35334242837654
 10
72.47942957025924
 20
114.57013130968622
 10
72.44841405184178
 20
114.74982946793997
 10
72.396721521146
 20
114.89243690313779
 10
72.32435197817192
 20
114.99795361527967
 10
72.23301074351981
 20
115.07405354706684
 10
72.12440313778993
 20
115.12841064120055
 10
71.9985291609823
 20
115.16102489768076
 10
71.8553888130969
 20
115.1718963165075
 10
71.66641797407917
 20
115.15484311050477
 10
71.49513983628925
 20
115.10368349249659
 10
71.34155439972719
 20
115.01841746248294
 10
71.20566166439293
 20
114.89904502046384
 10
71.09449607776264
 20
114.73298942701227
 10
71.01509208731244
 20
114.50767394270123
 10
70.96744969304231
 20
114.2230985675307
 10
70.95156889495227
 20
113.87926330150069
 10
70.95156889495227
 20
112.0
 10
70.33765347885405
 20
112.0
 10
70.33765347885405
 20
115.61869031377898
 10
70.89017735334245
 20
115.61869031377898
 10
70.89017735334245
 20
115.11391541609822
 10
70.90381991814463
 20
115.11391541609822
 10
71.00128964870399
 20
115.25140688949521
 10
71.10952421555255
 20
115.37056616643929
 10
71.22852361869035
 20
115.47139324693042
 10
71.35828785811736
 20
115.55388813096862
 10
71.4988169338336
 20
115.61805081855388
 10
71.65011084583905
 20
115.66388130968622
 10
71.81216959413374
 20
115.69137960436561
 10
71.98499317871763
 20
115.70054570259208
 10
72.17566933833564
 20
115.690633526603
 10
72.34865279672582
 20
115.66089699863574
 10
72.50394355388816
 20
115.61133611869032
 10
72.64154160982268
 20
115.54195088676671
 10
72.76144696452937
 20
115.45274130286494
 10
72.86365961800821
 20
115.34370736698499
 10
72.94817957025924
 20
115.21484907912688
 10
73.01500682128243
 20
115.06616643929058
 10
73.12047024215555
 20
115.21484907912688
 10
73.23563267394273
 20
115.34370736698499
 10
73.36049411664395
 20
115.45274130286494
 10
73.49505457025924
 20
115.5419508867667
 10
73.63931403478857
 20
115.6113361186903
 10
73.79327251023196
 20
115.66089699863574
 10
73.9569299965894
 20
115.690633526603
 10
74.13028649386088
 20
115.70054570259208
 10
74.39407827421559
 20
115.68157401091405
 10
74.62269781718966
 20
115.62465893587994
 10
74.81614512278311
 20
115.52980047748976
 10
74.97442019099594
 20
115.39699863574351
 10
75.09752302182814
 20
115.22625341064119
 10
75.1854536152797
 20
115.0175648021828
 10
75.23821197135064
 20
114.77093281036835
 10
75.25579809004095
 20
114.48635743519782
 10
75.25579809004095
 20
112.0
  0
LWPOLYLINE
  5
140
330
17
100
AcDbEntity
  8
TEXT
100
AcDbPolyline
 90
81
 70
0
 10
81.07435197817192
 20
112.0
 10
80.4604365620737
 20
112.0
 10
80.4604365620737
 20
114.28512960436562
 10
80.45830491132335
 20
114.40674027967258
 10
80.45190995907234
 20
114.51918485675307
 10
80.44125170532062
 20
114.6224633356071
 10
80.42633015006824
 20
114.71657571623466
 10
80.40256224420193
 20
114.80354706684857
 10
80.36536493860848
 20
114.88540245566166
 10
80.31473823328788
 20
114.96214188267395
 10
80.25068212824013
 20
115.0337653478854
 10
80.16999914733972
 20
115.09419764665758
 10
80.06949181446114
 20
115.13736357435198
 10
79.9491601296044
 20
115.16326313096862
 10
79.80900409276947
 20
115.1718963165075
 10
79.63442189631654
 20
115.15612210095497
 10
79.47220327421559
 20
115.10879945429741
 10
79.3223482264666
 20
115.02992837653478
 10
79.1848567530696
 20
114.91950886766712
 10
79.0699607776262
 20
114.7737039563438
 10
78.98789222373809
 20
114.58867667121419
 10
78.9386510914052
 20
114.36442701227831
 10
78.92223738062758
 20
114.10095497953616
 10
78.92223738062758
 20
112.0
 10
78.30832196452936
 20
112.0
 10
78.30832196452936
 20
114.35334242837654
 10
78.2979834583902
 20
114.57013130968622
 10
78.26696793997274
 20
114.74982946793997
 10
78.21527540927697
 20
114.89243690313779
 10
78.14290586630288
 20
114.99795361527967
 10
78.05156463165078
 20
115.07405354706684
 10
77.94295702592089
 20
115.12841064120055
 10
77.81708304911326
 20
115.16102489768076
 10
77.67394270122786
 20
115.1718963165075
 10
77.48497186221013
 20
115.15484311050477
 10
77.31369372442022
 20
115.10368349249659
 10
77.16010828785815
 20
115.01841746248294
 10
77.0242155525239
 20
114.89904502046384
 10
76.9130499658936
 20
114.73298942701227
 10
76.8336459754434
 20
114.50767394270123
 10
76.78600358117328
 20
114.2230985675307
 10
76.77012278308324
 20
113.87926330150069
 10
76.77012278308324
 20
112.0
 10
76.15620736698502
 20
112.0
 10
76.15620736698502
 20
115.61869031377898
 10
76.70873124147342
 20
115.61869031377898
 10
76.70873124147342
 20
115.11391541609822
 10
76.7223738062756
 20
115.11391541609822
 10
76.81984353683495
 20
115.25140688949521
 10
76.92807810368352
 20
115.37056616643929
 10
77.04707750682131
 20
115.47139324693042
 10
77.17684174624833
 20
115.55388813096862
 10
77.31737082196456
 20
115.61805081855388
 10
77.46866473397002
 20
115.66388130968622
 10
77.6307234822647
 20
115.69137960436561
 10
77.8035470668486
 20
115.70054570259208
 10
77.9942232264666
 20
115.690633526603
 10
78.16720668485678
 20
115.66089699863574
 10
78.32249744201913
 20
115.61133611869032
 10
78.46009549795365
 20
115.54195088676671
 10
78.58000085266033
 20
115.45274130286494
 10
78.68221350613918
 20
115.34370736698499
 10
78.7667334583902
 20
115.21484907912688
 10
78.83356070941339
 20
115.06616643929058
 10
78.93902413028651
 20
115.21484907912688
 10
79.0541865620737
 20
115.34370736698499
 10
79.17904800477491
 20
115.45274130286494
 10
79.3136084583902
 20
115.5419508867667
 10
79.45786792291953
 20
115.6113361186903
 10
79.61182639836292
 20
115.66089699863574
 10
79.77548388472036
 20
115.690633526603
 10
79.94884038199184
 20
115.70054570259208
 10
80.21263216234655
 20
115.68157401091405
 10
80.44125170532062
 20
115.62465893587994
 10
80.63469901091408
 20
115.52980047748976
 10
80.7929740791269
 20
115.39699863574351
 10
80.9160769099591
 20
115.22625341064119
 10
81.00400750341066
 20
115.0175648021828
 10
81.0567658594816
 20
114.77093281036835
 10
81.07435197817192
 20
114.48635743519782
 10
81.07435197817192
 20
112.0
  0
ENDSEC
  0
SECTION
  2
OBJECTS
  0
DICTIONARY
  5
A
330
0
100
AcDbDictionary
281
1
  3
ACAD_COLOR
350
B
  3
ACAD_GROUP
350
C
  3
ACAD_LAYOUT
350
D
  3
ACAD_MATERIAL
350
E
  3
ACAD_MLEADERSTYLE
350
F
  3
ACAD_MLINESTYLE
350
10
  3
ACAD_PLOTSETTINGS
350
11
  3
ACAD_PLOTSTYLENAME
350
12
  3
ACAD_SCALELIST
350
14
  3
ACAD_TABLESTYLE
350
15
  3
ACAD_VISUALSTYLE
350
16
  3
EZDXF_META
350
2D
  0
DICTIONARY
  5
B
330
A
100
AcDbDictionary
281
1
  0
DICTIONARY
  5
C
330
A
100
AcDbDictionary
281
1
  0
DICTIONARY
  5
D
330
A
100
AcDbDictionary
281
1
  3
Model
350
1A
  3
Layout1
350
1E
  0
DICTIONARY
  5
E
330
A
100
AcDbDictionary
281
1
  3
ByBlock
350
1F
  3
ByLayer
350
20
  3
Global
350
21
  0
DICTIONARY
  5
F
330
A
100
AcDbDictionary
281
1
  3
Standard
350
2C
  0
DICTIONARY
  5
10
330
A
100
AcDbDictionary
281
1
  3
Standard
350
22
  0
DICTIONARY
  5
11
330
A
100
AcDbDictionary
281
1
  0
ACDBDICTIONARYWDFLT
  5
12
330
A
100
AcDbDictionary
281
1
  3
Normal
350
13
100
AcDbDictionaryWithDefault
340
13
  0
ACDBPLACEHOLDER
  5
13
330
12
  0
DICTIONARY
  5
14
330
A
100
AcDbDictionary
281
1
  0
DICTIONARY
  5
15
330
A
100
AcDbDictionary
281
1
  0
DICTIONARY
  5
16
330
A
100
AcDbDictionary
281
1
  0
LAYOUT
  5
1A
330
D
100
AcDbPlotSettings
  1

  4
A3
  6

 40
7.5
 41
20.0
 42
7.5
 43
20.0
 44
420.0
 45
297.0
 46
0.0
 47
0.0
 48
0.0
 49
0.0
140
0.0
141
0.0
142
1.0
143
1.0
 70
1024
 72
1
 73
0
 74
5
  7

 75
16
 76
0
 77
2
 78
300
147
1.0
148
0.0
149
0.0
100
AcDbLayout
  1
Model
 70
1
 71
0
 10
0.0
 20
0.0
 11
420.0
 21
297.0
 12
0.0
 22
0.0
 32
0.0
 14
1e+20
 24
1e+20
 34
1e+20
 15
-1e+20
 25
-1e+20
 35
-1e+20
146
0.0
 13
0.0
 23
0.0
 33
0.0
 16
1.0
 26
0.0
 36
0.0
 17
0.0
 27
1.0
 37
0.0
 76
1
330
17
  0
LAYOUT
  5
1E
330
D
100
AcDbPlotSettings
  1

  4
A3
  6

 40
7.5
 41
20.0
 42
7.5
 43
20.0
 44
420.0
 45
297.0
 46
0.0
 47
0.0
 48
0.0
 49
0.0
140
0.0
141
0.0
142
1.0
143
1.0
 70
0
 72
1
 73
0
 74
5
  7

 75
16
 76
0
 77
2
 78
300
147
1.0
148
0.0
149
0.0
100
AcDbLayout
  1
Layout1
 70
1
 71
1
 10
0.0
 20
0.0
 11
420.0
 21
297.0
 12
0.0
 22
0.0
 32
0.0
 14
1e+20
 24
1e+20
 34
1e+20
 15
-1e+20
 25
-1e+20
 35
-1e+20
146
0.0
 13
0.0
 23
0.0
 33
0.0
 16
1.0
 26
0.0
 36
0.0
 17
0.0
 27
1.0
 37
0.0
 76
1
330
1B
  0
MATERIAL
  5
1F
102
{ACAD_REACTORS
330
E
102
}
330
E
100
AcDbMaterial
  1
ByBlock
  2

 70
0
 40
1.0
 71
1
 41
1.0
 91
-1023410177
 42
1.0
 72
1
  3

 73
1
 74
1
 75
1
 44
0.5
 73
0
 45
1.0
 46
1.0
 77
1
  4

 78
1
 79
1
170
1
 48
1.0
171
1
  6

172
1
173
1
174
1
140
1.0
141
1.0
175
1
  7

176
1
177
1
178
1
143
1.0
179
1
  8

270
1
271
1
272
1
145
1.0
146
1.0
273
1
  9

274
1
275
1
276
1
 42
1.0
 72
1
  3

 73
1
 74
1
 75
1
 94
63
  0
MATERIAL
  5
20
102
{ACAD_REACTORS
330
E
102
}
330
E
100
AcDbMaterial
  1
ByLayer
  2

 70
0
 40
1.0
 71
1
 41
1.0
 91
-1023410177
 42
1.0
 72
1
  3

 73
1
 74
1
 75
1
 44
0.5
 73
0
 45
1.0
 46
1.0
 77
1
  4

 78
1
 79
1
170
1
 48
1.0
171
1
  6

172
1
173
1
174
1
140
1.0
141
1.0
175
1
  7

176
1
177
1
178
1
143
1.0
179
1
  8

270
1
271
1
272
1
145
1.0
146
1.0
273
1
  9

274
1
275
1
276
1
 42
1.0
 72
1
  3

 73
1
 74
1
 75
1
 94
63
  0
MATERIAL
  5
21
102
{ACAD_REACTORS
330
E
102
}
330
E
100
AcDbMaterial
  1
Global
  2

 70
0
 40
1.0
 71
1
 41
1.0
 91
-1023410177
 42
1.0
 72
1
  3

 73
1
 74
1
 75
1
 44
0.5
 73
0
 45
1.0
 46
1.0
 77
1
  4

 78
1
 79
1
170
1
 48
1.0
171
1
  6

172
1
173
1
174
1
140
1.0
141
1.0
175
1
  7

176
1
177
1
178
1
143
1.0
179
1
  8

270
1
271
1
272
1
145
1.0
146
1.0
273
1
  9

274
1
275
1
276
1
 42
1.0
 72
1
  3

 73
1
 74
1
 75
1
 94
63
  0
MLINESTYLE
  5
22
102
{ACAD_REACTORS
330
10
102
}
330
10
100
AcDbMlineStyle
  2
Standard
 70
0
  3

 62
256
 51
90.0
 52
90.0
 71
2
 49
0.5
 62
256
  6
BYLAYER
 49
-0.5
 62
256
  6
BYLAYER
  0
MLEADERSTYLE
  5
2C
102
{ACAD_REACTORS
330
F
102
}
330
F
100
AcDbMLeaderStyle
179
2
170
2
171
1
172
0
 90
2
 40
0.0
 41
0.0
173
1
 91
-1056964608
 92
-2
290
1
 42
2.0
291
1
 43
8.0
  3
Standard
 44
4.0
300

342
29
174
1
175
1
176
0
178
1
 93
-1056964608
 45
4.0
292
0
297
0
 46
4.0
 94
-1056964608
 47
1.0
 49
1.0
140
1.0
294
1
141
0.0
177
0
142
1.0
295
0
296
0
143
3.75
271
0
272
9
273
9
  0
DICTIONARY
  5
2D
330
A
100
AcDbDictionary
280
1
281
1
  3
CREATED_BY_EZDXF
350
2E
  3
WRITTEN_BY_EZDXF
350
143
  0
DICTIONARYVAR
  5
2E
330
2D
100
DictionaryVariables
280
0
  1
1.4.2 @ 2026-05-17T10:25:57.791242+00:00
  0
DICTIONARYVAR
  5
143
330
2D
100
DictionaryVariables
280
0
  1
1.4.2 @ 2026-05-17T10:25:57.910508+00:00
  0
ENDSEC
  0
EOF
