  0
SECTION
  2
HEADER
  9
$ACADVER
  1
AC1024
  9
$ACADMAINTVER
 70
6
  9
$DWGCODEPAGE
  3
ANSI_1252
  9
$LASTSAVEDBY
  1
ezdxf
  9
$INSBASE
 10
0.0
 20
0.0
 30
0.0
  9
$EXTMIN
 10
1e+20
 20
1e+20
 30
1e+20
  9
$EXTMAX
 10
-1e+20
 20
-1e+20
 30
-1e+20
  9
$LIMMIN
 10
0.0
 20
0.0
  9
$LIMMAX
 10
420.0
 20
297.0
  9
$ORTHOMODE
 70
0
  9
$REGENMODE
 70
1
  9
$FILLMODE
 70
1
  9
$QTEXTMODE
 70
0
  9
$MIRRTEXT
 70
1
  9
$LTSCALE
 40
1.0
  9
$ATTMODE
 70
1
  9
$TEXTSIZE
 40
2.5
  9
$TRACEWID
 40
1.0
  9
$TEXTSTYLE
  7
Standard
  9
$CLAYER
  8
0
  9
$CELTYPE
  6
ByLayer
  9
$CECOLOR
 62
256
  9
$CELTSCALE
 40
1.0
  9
$DISPSILH
 70
0
  9
$DIMSCALE
 40
1.0
  9
$DIMASZ
 40
2.5
  9
$DIMEXO
 40
0.625
  9
$DIMDLI
 40
3.75
  9
$DIMRND
 40
0.0
  9
$DIMDLE
 40
0.0
  9
$DIMEXE
 40
1.25
  9
$DIMTP
 40
0.0
  9
$DIMTM
 40
0.0
  9
$DIMTXT
 40
2.5
  9
$DIMCEN
 40
2.5
  9
$DIMTSZ
 40
0.0
  9
$DIMTOL
 70
0
  9
$DIMLIM
 70
0
  9
$DIMTIH
 70
0
  9
$DIMTOH
 70
0
  9
$DIMSE1
 70
0
  9
$DIMSE2
 70
0
  9
$DIMTAD
 70
1
  9
$DIMZIN
 70
8
  9
$DIMBLK
  1

  9
$DIMASO
 70
1
  9
$DIMSHO
 70
1
  9
$DIMPOST
  1

  9
$DIMAPOST
  1

  9
$DIMALT
 70
0
  9
$DIMALTD
 70
3
  9
$DIMALTF
 40
0.03937007874
  9
$DIMLFAC
 40
1.0
  9
$DIMTOFL
 70
1
  9
$DIMTVP
 40
0.0
  9
$DIMTIX
 70
0
  9
$DIMSOXD
 70
0
  9
$DIMSAH
 70
0
  9
$DIMBLK1
  1

  9
$DIMBLK2
  1

  9
$DIMSTYLE
  2
ISO-25
  9
$DIMCLRD
 70
0
  9
$DIMCLRE
 70
0
  9
$DIMCLRT
 70
0
  9
$DIMTFAC
 40
1.0
  9
$DIMGAP
 40
0.625
  9
$DIMJUST
 70
0
  9
$DIMSD1
 70
0
  9
$DIMSD2
 70
0
  9
$DIMTOLJ
 70
0
  9
$DIMTZIN
 70
8
  9
$DIMALTZ
 70
0
  9
$DIMALTTZ
 70
0
  9
$DIMUPT
 70
0
  9
$DIMDEC
 70
2
  9
$DIMTDEC
 70
2
  9
$DIMALTU
 70
2
  9
$DIMALTTD
 70
3
  9
$DIMTXSTY
  7
Standard
  9
$DIMAUNIT
 70
0
  9
$DIMADEC
 70
0
  9
$DIMALTRND
 40
0.0
  9
$DIMAZIN
 70
0
  9
$DIMDSEP
 70
44
  9
$DIMATFIT
 70
3
  9
$DIMFRAC
 70
0
  9
$DIMLDRBLK
  1

  9
$DIMLUNIT
 70
2
  9
$DIMLWD
 70
-2
  9
$DIMLWE
 70
-2
  9
$DIMTMOVE
 70
0
  9
$DIMFXL
 40
1.0
  9
$DIMFXLON
 70
0
  9
$DIMJOGANG
 40
0.785398163397
  9
$DIMTFILL
 70
0
  9
$DIMTFILLCLR
 70
0
  9
$DIMARCSYM
 70
0
  9
$DIMLTYPE
  6

  9
$DIMLTEX1
  6

  9
$DIMLTEX2
  6

  9
$DIMTXTDIRECTION
 70
0
  9
$LUNITS
 70
2
  9
$LUPREC
 70
4
  9
$SKETCHINC
 40
1.0
  9
$FILLETRAD
 40
10.0
  9
$AUNITS
 70
0
  9
$AUPREC
 70
2
  9
$MENU
  1
.
  9
$ELEVATION
 40
0.0
  9
$PELEVATION
 40
0.0
  9
$THICKNESS
 40
0.0
  9
$LIMCHECK
 70
0
  9
$CHAMFERA
 40
0.0
  9
$CHAMFERB
 40
0.0
  9
$CHAMFERC
 40
0.0
  9
$CHAMFERD
 40
0.0
  9
$SKPOLY
 70
0
  9
$TDCREATE
 40
2461178.851354167
  9
$TDUCREATE
 40
2458532.153996898
  9
$TDUPDATE
 40
2461178.851354167
  9
$TDUUPDATE
 40
2458532.1544311
  9
$TDINDWG
 40
0.0
  9
$TDUSRTIMER
 40
0.0
  9
$USRTIMER
 70
1
  9
$ANGBASE
 50
0.0
  9
$ANGDIR
 70
0
  9
$PDMODE
 70
0
  9
$PDSIZE
 40
0.0
  9
$PLINEWID
 40
0.0
  9
$SPLFRAME
 70
0
  9
$SPLINETYPE
 70
6
  9
$SPLINESEGS
 70
8
  9
$HANDSEED
  5
E9
  9
$SURFTAB1
 70
6
  9
$SURFTAB2
 70
6
  9
$SURFTYPE
 70
6
  9
$SURFU
 70
6
  9
$SURFV
 70
6
  9
$UCSBASE
  2

  9
$UCSNAME
  2

  9
$UCSORG
 10
0.0
 20
0.0
 30
0.0
  9
$UCSXDIR
 10
1.0
 20
0.0
 30
0.0
  9
$UCSYDIR
 10
0.0
 20
1.0
 30
0.0
  9
$UCSORTHOREF
  2

  9
$UCSORTHOVIEW
 70
0
  9
$UCSORGTOP
 10
0.0
 20
0.0
 30
0.0
  9
$UCSORGBOTTOM
 10
0.0
 20
0.0
 30
0.0
  9
$UCSORGLEFT
 10
0.0
 20
0.0
 30
0.0
  9
$UCSORGRIGHT
 10
0.0
 20
0.0
 30
0.0
  9
$UCSORGFRONT
 10
0.0
 20
0.0
 30
0.0
  9
$UCSORGBACK
 10
0.0
 20
0.0
 30
0.0
  9
$PUCSBASE
  2

  9
$PUCSNAME
  2

  9
$PUCSORG
 10
0.0
 20
0.0
 30
0.0
  9
$PUCSXDIR
 10
1.0
 20
0.0
 30
0.0
  9
$PUCSYDIR
 10
0.0
 20
1.0
 30
0.0
  9
$PUCSORTHOREF
  2

  9
$PUCSORTHOVIEW
 70
0
  9
$PUCSORGTOP
 10
0.0
 20
0.0
 30
0.0
  9
$PUCSORGBOTTOM
 10
0.0
 20
0.0
 30
0.0
  9
$PUCSORGLEFT
 10
0.0
 20
0.0
 30
0.0
  9
$PUCSORGRIGHT
 10
0.0
 20
0.0
 30
0.0
  9
$PUCSORGFRONT
 10
0.0
 20
0.0
 30
0.0
  9
$PUCSORGBACK
 10
0.0
 20
0.0
 30
0.0
  9
$USERI1
 70
0
  9
$USERI2
 70
0
  9
$USERI3
 70
0
  9
$USERI4
 70
0
  9
$USERI5
 70
0
  9
$USERR1
 40
0.0
  9
$USERR2
 40
0.0
  9
$USERR3
 40
0.0
  9
$USERR4
 40
0.0
  9
$USERR5
 40
0.0
  9
$WORLDVIEW
 70
1
  9
$SHADEDGE
 70
3
  9
$SHADEDIF
 70
70
  9
$TILEMODE
 70
1
  9
$MAXACTVP
 70
64
  9
$PINSBASE
 10
0.0
 20
0.0
 30
0.0
  9
$PLIMCHECK
 70
0
  9
$PEXTMIN
 10
1e+20
 20
1e+20
 30
1e+20
  9
$PEXTMAX
 10
-1e+20
 20
-1e+20
 30
-1e+20
  9
$PLIMMIN
 10
0.0
 20
0.0
  9
$PLIMMAX
 10
420.0
 20
297.0
  9
$UNITMODE
 70
0
  9
$VISRETAIN
 70
1
  9
$PLINEGEN
 70
0
  9
$PSLTSCALE
 70
1
  9
$TREEDEPTH
 70
3020
  9
$CMLSTYLE
  2
Standard
  9
$CMLJUST
 70
0
  9
$CMLSCALE
 40
20.0
  9
$PROXYGRAPHICS
 70
1
  9
$MEASUREMENT
 70
1
  9
$CELWEIGHT
370
-1
  9
$ENDCAPS
280
0
  9
$JOINSTYLE
280
0
  9
$LWDISPLAY
290
0
  9
$INSUNITS
 70
4
  9
$HYPERLINKBASE
  1

  9
$STYLESHEET
  1

  9
$XEDIT
290
1
  9
$CEPSNTYPE
380
0
  9
$PSTYLEMODE
290
1
  9
$FINGERPRINTGUID
  2
{136C4B75-36BD-4F8B-8F6C-8A9A8C2BBDE9}
  9
$VERSIONGUID
  2
{E6B17673-7FDB-4F69-BED1-10042FF3EDDB}
  9
$EXTNAMES
290
1
  9
$PSVPSCALE
 40
0.0
  9
$OLESTARTUP
290
0
  9
$SORTENTS
280
127
  9
$INDEXCTL
280
0
  9
$HIDETEXT
280
1
  9
$XCLIPFRAME
280
1
  9
$HALOGAP
280
0
  9
$OBSCOLOR
 70
257
  9
$OBSLTYPE
280
0
  9
$INTERSECTIONDISPLAY
280
0
  9
$INTERSECTIONCOLOR
 70
257
  9
$DIMASSOC
280
2
  9
$PROJECTNAME
  1

  9
$CAMERADISPLAY
290
0
  9
$LENSLENGTH
 40
50.0
  9
$CAMERAHEIGHT
 40
0.0
  9
$STEPSPERSEC
 40
24.0
  9
$STEPSIZE
 40
100.0
  9
$3DDWFPREC
 40
2.0
  9
$PSOLWIDTH
 40
0.005
  9
$PSOLHEIGHT
 40
0.08
  9
$LOFTANG1
 40
1.570796326795
  9
$LOFTANG2
 40
1.570796326795
  9
$LOFTMAG1
 40
0.0
  9
$LOFTMAG2
 40
0.0
  9
$LOFTPARAM
 70
7
  9
$LOFTNORMALS
280
1
  9
$LATITUDE
 40
37.795
  9
$LONGITUDE
 40
-122.394
  9
$NORTHDIRECTION
 40
0.0
  9
$TIMEZONE
 70
-8000
  9
$LIGHTGLYPHDISPLAY
280
1
  9
$TILEMODELIGHTSYNCH
280
1
  9
$CMATERIAL
347
20
  9
$SOLIDHIST
280
0
  9
$SHOWHIST
280
1
  9
$DWFFRAME
280
2
  9
$DGNFRAME
280
2
  9
$REALWORLDSCALE
290
1
  9
$INTERFERECOLOR
 62
256
  9
$CSHADOW
280
0
  9
$SHADOWPLANELOCATION
 40
0.0
  0
ENDSEC
  0
SECTION
  2
CLASSES
  0
CLASS
  1
ACDBDICTIONARYWDFLT
  2
AcDbDictionaryWithDefault
  3
ObjectDBX Classes
 90
0
 91
0
280
0
281
0
  0
CLASS
  1
SUN
  2
AcDbSun
  3
SCENEOE
 90
1153
 91
0
280
0
281
0
  0
CLASS
  1
VISUALSTYLE
  2
AcDbVisualStyle
  3
ObjectDBX Classes
 90
4095
 91
0
280
0
281
0
  0
CLASS
  1
MATERIAL
  2
AcDbMaterial
  3
ObjectDBX Classes
 90
1153
 91
0
280
0
281
0
  0
CLASS
  1
SCALE
  2
AcDbScale
  3
ObjectDBX Classes
 90
1153
 91
0
280
0
281
0
  0
CLASS
  1
TABLESTYLE
  2
AcDbTableStyle
  3
ObjectDBX Classes
 90
4095
 91
0
280
0
281
0
  0
CLASS
  1
MLEADERSTYLE
  2
AcDbMLeaderStyle
  3
ACDB_MLEADERSTYLE_CLASS
 90
4095
 91
0
280
0
281
0
  0
CLASS
  1
DICTIONARYVAR
  2
AcDbDictionaryVar
  3
ObjectDBX Classes
 90
0
 91
0
280
0
281
0
  0
CLASS
  1
CELLSTYLEMAP
  2
AcDbCellStyleMap
  3
ObjectDBX Classes
 90
1152
 91
0
280
0
281
0
  0
CLASS
  1
MENTALRAYRENDERSETTINGS
  2
AcDbMentalRayRenderSettings
  3
SCENEOE
 90
1024
 91
0
280
0
281
0
  0
CLASS
  1
ACDBDETAILVIEWSTYLE
  2
AcDbDetailViewStyle
  3
ObjectDBX Classes
 90
1025
 91
0
280
0
281
0
  0
CLASS
  1
ACDBSECTIONVIEWSTYLE
  2
AcDbSectionViewStyle
  3
ObjectDBX Classes
 90
1025
 91
0
280
0
281
0
  0
CLASS
  1
RASTERVARIABLES
  2
AcDbRasterVariables
  3
ISM
 90
0
 91
0
280
0
281
0
  0
CLASS
  1
LAYOUT
  2
AcDbLayout
  3
ObjectDBX Classes
 90
0
 91
0
280
0
281
0
  0
CLASS
  1
ACDBPLACEHOLDER
  2
AcDbPlaceHolder
  3
ObjectDBX Classes
 90
0
 91
0
280
0
281
0
  0
ENDSEC
  0
SECTION
  2
TABLES
  0
TABLE
  2
VPORT
  5
8
330
0
100
AcDbSymbolTable
 70
1
  0
VPORT
  5
23
330
8
100
AcDbSymbolTableRecord
100
AcDbViewportTableRecord
  2
*Active
 70
0
 10
0.0
 20
0.0
 11
1.0
 21
1.0
 12
0.0
 22
0.0
 13
0.0
 23
0.0
 14
0.5
 24
0.5
 15
0.5
 25
0.5
 16
0.0
 26
0.0
 36
1.0
 17
0.0
 27
0.0
 37
0.0
 40
1000.0
 41
1.34
 42
50.0
 43
0.0
 44
0.0
 50
0.0
 51
0.0
 71
0
 72
1000
 73
1
 74
3
 75
0
 76
0
 77
0
 78
0
281
0
 65
0
146
0.0
  0
ENDTAB
  0
TABLE
  2
LTYPE
  5
2
330
0
100
AcDbSymbolTable
 70
4
  0
LTYPE
  5
24
330
2
100
AcDbSymbolTableRecord
100
AcDbLinetypeTableRecord
  2
ByBlock
 70
0
  3

 72
65
 73
0
 40
0.0
  0
LTYPE
  5
25
330
2
100
AcDbSymbolTableRecord
100
AcDbLinetypeTableRecord
  2
ByLayer
 70
0
  3

 72
65
 73
0
 40
0.0
  0
LTYPE
  5
26
330
2
100
AcDbSymbolTableRecord
100
AcDbLinetypeTableRecord
  2
Continuous
 70
0
  3

 72
65
 73
0
 40
0.0
  0
LTYPE
  5
2F
330
2
100
AcDbSymbolTableRecord
100
AcDbLinetypeTableRecord
  2
DASHED
 70
0
  3
Dashed line for bend marks
 72
65
 73
2
 40
0.2
 49
5.0
 74
0
 49
-2.5
 74
0
  0
ENDTAB
  0
TABLE
  2
LAYER
  5
1
330
0
100
AcDbSymbolTable
 70
6
  0
LAYER
  5
27
330
1
100
AcDbSymbolTableRecord
100
AcDbLayerTableRecord
  2
0
 70
0
 62
7
  6
Continuous
370
-3
390
13
347
21
  0
LAYER
  5
28
330
1
100
AcDbSymbolTableRecord
100
AcDbLayerTableRecord
  2
Defpoints
 70
0
 62
7
  6
Continuous
290
0
370
-3
390
13
347
21
  0
LAYER
  5
30
330
1
100
AcDbSymbolTableRecord
100
AcDbLayerTableRecord
  2
CUT
 70
0
 62
1
  6
CONTINUOUS
370
-3
390
13
347
21
  0
LAYER
  5
31
330
1
100
AcDbSymbolTableRecord
100
AcDbLayerTableRecord
  2
BEND
 70
0
 62
5
  6
DASHED
370
-3
390
13
347
21
  0
LAYER
  5
32
330
1
100
AcDbSymbolTableRecord
100
AcDbLayerTableRecord
  2
HOLE
 70
0
 62
3
  6
CONTINUOUS
370
-3
390
13
347
21
  0
LAYER
  5
33
330
1
100
AcDbSymbolTableRecord
100
AcDbLayerTableRecord
  2
TEXT
 70
0
 62
7
  6
CONTINUOUS
370
-3
390
13
347
21
  0
ENDTAB
  0
TABLE
  2
STYLE
  5
5
330
0
100
AcDbSymbolTable
 70
1
  0
STYLE
  5
29
330
5
100
AcDbSymbolTableRecord
100
AcDbTextStyleTableRecord
  2
Standard
 70
0
 40
0.0
 41
1.0
 50
0.0
 71
0
 42
2.5
  3
txt
  4

  0
ENDTAB
  0
TABLE
  2
VIEW
  5
7
330
0
100
AcDbSymbolTable
 70
0
  0
ENDTAB
  0
TABLE
  2
UCS
  5
6
330
0
100
AcDbSymbolTable
 70
0
  0
ENDTAB
  0
TABLE
  2
APPID
  5
3
330
0
100
AcDbSymbolTable
 70
3
  0
APPID
  5
2A
330
3
100
AcDbSymbolTableRecord
100
AcDbRegAppTableRecord
  2
ACAD
 70
0
  0
APPID
  5
E6
330
3
100
AcDbSymbolTableRecord
100
AcDbRegAppTableRecord
  2
HATCHBACKGROUNDCOLOR
 70
0
  0
APPID
  5
E7
330
3
100
AcDbSymbolTableRecord
100
AcDbRegAppTableRecord
  2
EZDXF
 70
0
  0
ENDTAB
  0
TABLE
  2
DIMSTYLE
  5
4
330
0
100
AcDbSymbolTable
 70
1
100
AcDbDimStyleTable
  0
DIMSTYLE
105
2B
330
4
100
AcDbSymbolTableRecord
100
AcDbDimStyleTableRecord
  2
Standard
 70
0
 40
1.0
 41
2.5
 42
0.625
 43
3.75
 44
1.25
 45
0.0
 46
0.0
 47
0.0
 48
0.0
 49
2.5
140
2.5
141
2.5
142
0.0
143
0.03937007874
144
1.0
145
0.0
146
1.0
147
0.625
148
0.0
 69
0
 70
0
 71
0
 72
0
 73
0
 74
0
 75
0
 76
0
 77
1
 78
8
 79
3
170
0
171
3
172
1
173
0
174
0
175
0
176
0
177
0
178
0
179
2
271
2
272
2
273
2
274
3
275
0
276
0
277
2
278
44
279
0
280
0
281
0
282
0
283
0
284
8
285
0
286
0
288
0
289
3
290
0
371
-2
372
-2
  0
ENDTAB
  0
TABLE
  2
BLOCK_RECORD
  5
9
330
0
100
AcDbSymbolTable
 70
2
  0
BLOCK_RECORD
  5
17
330
9
100
AcDbSymbolTableRecord
100
AcDbBlockTableRecord
  2
*Model_Space
340
1A
 70
0
280
1
281
0
  0
BLOCK_RECORD
  5
1B
330
9
100
AcDbSymbolTableRecord
100
AcDbBlockTableRecord
  2
*Paper_Space
340
1E
 70
0
280
1
281
0
  0
ENDTAB
  0
ENDSEC
  0
SECTION
  2
BLOCKS
  0
BLOCK
  5
18
330
17
100
AcDbEntity
  8
0
100
AcDbBlockBegin
  2
*Model_Space
 70
0
 10
0.0
 20
0.0
 30
0.0
  3
*Model_Space
  1

  0
ENDBLK
  5
19
330
17
100
AcDbEntity
  8
0
100
AcDbBlockEnd
  0
BLOCK
  5
1C
330
1B
100
AcDbEntity
  8
0
100
AcDbBlockBegin
  2
*Paper_Space
 70
0
 10
0.0
 20
0.0
 30
0.0
  3
*Paper_Space
  1

  0
ENDBLK
  5
1D
330
1B
100
AcDbEntity
  8
0
100
AcDbBlockEnd
  0
ENDSEC
  0
SECTION
  2
ENTITIES
  0
LWPOLYLINE
  5
34
330
17
100
AcDbEntity
  8
CUT
100
AcDbPolyline
 90
5
 70
1
 10
0.0
 20
0.0
 10
144.3353978619539
 20
0.0
 10
144.3353978619539
 20
200.0
 10
0.0
 20
200.0
 10
0.0
 20
0.0
  0
LINE
  5
35
330
17
100
AcDbEntity
  8
BEND
100
AcDbLine
 10
42.167698930976954
 20
0.0
 30
0.0
 11
42.167698930976954
 21
12.0
 31
0.0
  0
LINE
  5
36
330
17
100
AcDbEntity
  8
BEND
100
AcDbLine
 10
42.167698930976954
 20
17.0
 30
0.0
 11
42.167698930976954
 21
29.0
 31
0.0
  0
LINE
  5
37
330
17
100
AcDbEntity
  8
BEND
100
AcDbLine
 10
42.167698930976954
 20
34.0
 30
0.0
 11
42.167698930976954
 21
46.0
 31
0.0
  0
LINE
  5
38
330
17
100
AcDbEntity
  8
BEND
100
AcDbLine
 10
42.167698930976954
 20
51.0
 30
0.0
 11
42.167698930976954
 21
63.0
 31
0.0
  0
LINE
  5
39
330
17
100
AcDbEntity
  8
BEND
100
AcDbLine
 10
42.167698930976954
 20
68.0
 30
0.0
 11
42.167698930976954
 21
80.0
 31
0.0
  0
LINE
  5
3A
330
17
100
AcDbEntity
  8
BEND
100
AcDbLine
 10
42.167698930976954
 20
85.0
 30
0.0
 11
42.167698930976954
 21
97.0
 31
0.0
  0
LINE
  5
3B
330
17
100
AcDbEntity
  8
BEND
100
AcDbLine
 10
42.167698930976954
 20
102.0
 30
0.0
 11
42.167698930976954
 21
114.0
 31
0.0
  0
LINE
  5
3C
330
17
100
AcDbEntity
  8
BEND
100
AcDbLine
 10
42.167698930976954
 20
119.0
 30
0.0
 11
42.167698930976954
 21
131.0
 31
0.0
  0
LINE
  5
3D
330
17
100
AcDbEntity
  8
BEND
100
AcDbLine
 10
42.167698930976954
 20
136.0
 30
0.0
 11
42.167698930976954
 21
148.0
 31
0.0
  0
LINE
  5
3E
330
17
100
AcDbEntity
  8
BEND
100
AcDbLine
 10
42.167698930976954
 20
153.0
 30
0.0
 11
42.167698930976954
 21
165.0
 31
0.0
  0
LINE
  5
3F
330
17
100
AcDbEntity
  8
BEND
100
AcDbLine
 10
42.167698930976954
 20
170.0
 30
0.0
 11
42.167698930976954
 21
182.0
 31
0.0
  0
LINE
  5
40
330
17
100
AcDbEntity
  8
BEND
100
AcDbLine
 10
42.167698930976954
 20
187.0
 30
0.0
 11
42.167698930976954
 21
199.0
 31
0.0
  0
LWPOLYLINE
  5
42
330
17
100
AcDbEntity
  8
TEXT
100
AcDbPolyline
 90
34
 70
0
 10
0.538881309686221
 20
262.0
 10
2.4249658935879945
 20
262.0
 10
2.6405823669849933
 20
261.99722885402457
 10
2.840637789904502
 20
261.9889154160982
 10
3.0251321623465213
 20
261.975059686221
 10
3.1940654843110505
 20
261.9556616643929
 10
3.3523405525238745
 20
261.92464614597543
 10
3.5048601637107777
 20
261.87593792633015
 10
3.65162431787176
 20
261.809537005457
 10
3.7926330150068215
 20
261.7254433833561
 10
3.922343963165075
 20
261.6241899727149
 10
4.0352148703956345
 20
261.506309686221
 10
4.131245736698499
 20
261.3718025238745
 10
4.21043656207367
 20
261.22066848567533
 10
4.272361016371078
 20
261.05940910641203
 10
4.316592769440655
 20
260.8945259208731
 10
4.343131821282401
 20
260.7260189290587
 10
4.351978171896317
 20
260.55388813096863
 10
4.3241601296043655
 20
260.2248678376535
 10
4.240706002728513
 20
259.93016712141883
 10
4.101615791268759
 20
259.66978598226467
 10
3.9068894952251023
 20
259.443724420191
 10
3.7872239512278307
 20
259.3458017138472
 10
3.6507716575716236
 20
259.2609353683493
 10
3.4975326142564804
 20
259.18912538369716
 10
3.3275068212824013
 20
259.13037175989086
 10
3.140694278649386
 20
259.08467449693046
 10
2.9370949863574354
 20
259.05203359481584
 10
2.7167089444065486
 20
259.0324490535471
 10
2.479536152796726
 20
259.02592087312416
 10
1.2005457025920874
 20
259.02592087312416
 10
1.2005457025920874
 20
257.0
 10
0.538881309686221
 20
257.0
 10
0.538881309686221
 20
262.0
  0
LWPOLYLINE
  5
43
330
17
100
AcDbEntity
  8
TEXT
100
AcDbPolyline
 90
24
 70
0
 10
1.2005457025920874
 20
259.6193724420191
 10
2.4863574351978173
 20
259.6193724420191
 10
2.76293912005457
 20
259.6336545020464
 10
3.0026432469304227
 20
259.6765006821282
 10
3.205469815825375
 20
259.74791098226467
 10
3.371418826739427
 20
259.84788540245563
 10
3.5004902796725785
 20
259.9764239427012
 10
3.5926841746248295
 20
260.13352660300137
 10
3.64800051159618
 20
260.31919338335604
 10
3.6664392905866303
 20
260.5334242837653
 10
3.6568468622100956
 20
260.67912261255117
 10
3.628069577080491
 20
260.81608117326056
 10
3.5801074351978173
 20
260.9442999658936
 10
3.5129604365620737
 20
261.0637789904502
 10
3.431851125511596
 20
261.1680167121419
 10
3.3420020463847204
 20
261.2505115961801
 10
3.243413199181446
 20
261.3112636425648
 10
3.1360845839017735
 20
261.35027285129604
 10
3.010850102319236
 20
261.3748934174625
 10
2.858543656207367
 20
261.3924795361528
 10
2.6791652455661668
 20
261.40303120736695
 10
2.4727148703956345
 20
261.406548431105
 10
1.2005457025920874
 20
261.406548431105
 10
1.2005457025920874
 20
259.6193724420191
  0
LWPOLYLINE
  5
44
330
17
100
AcDbEntity
  8
TEXT
100
AcDbPolyline
 90
9
 70
0
 10
9.324693042291951
 20
257.0
 10
8.577762619372443
 20
257.0
 10
7.991132332878582
 20
258.5211459754434
 10
5.903819918144611
 20
258.5211459754434
 10
5.351296043656207
 20
257.0
 10
4.6521145975443385
 20
257.0
 10
6.572305593451569
 20
262.0
 10
7.285129604365621
 20
262.0
 10
9.324693042291951
 20
257.0
  0
LWPOLYLINE
  5
45
330
17
100
AcDbEntity
  8
TEXT
100
AcDbPolyline
 90
20
 70
0
 10
7.789904502046385
 20
259.0463847203274
 10
7.644792377216917
 20
259.4303216660982
 10
7.516413710777626
 20
259.77039989768076
 10
7.404768502728513
 20
260.066619415075
 10
7.309856753069577
 20
260.318980218281
 10
7.2316784618008185
 20
260.5274823072988
 10
7.1702336289222375
 20
260.6921256821282
 10
7.125522254433834
 20
260.81291034276944
 10
7.097544338335608
 20
260.8898362892224
 10
7.057256139154161
 20
261.00910214870396
 10
7.014836289222374
 20
261.1469133697135
 10
6.970284788540246
 20
261.303269952251
 10
6.923601637107776
 20
261.4781718963165
 10
6.906548431105048
 20
261.4781718963165
 10
6.85474931787176
 20
261.23047407912685
 10
6.7948499317871764
 20
260.99215552523873
 10
6.726850272851296
 20
260.76321623465213
 10
6.65075034106412
 20
260.543656207367
 10
6.091405184174625
 20
259.0463847203274
 10
7.789904502046385
 20
259.0463847203274
  0
LWPOLYLINE
  5
46
330
17
100
AcDbEntity
  8
TEXT
100
AcDbPolyline
 90
57
 70
0
 10
14.283765347885403
 20
257.0
 10
13.451568894952253
 20
257.0
 10
13.273682639836291
 20
257.2807916950887
 10
13.11348908594816
 20
257.5331258526603
 10
12.970988233287859
 20
257.7570024727149
 10
12.84618008185539
 20
257.9524215552524
 10
12.73906463165075
 20
258.11938310027284
 10
12.649641882673944
 20
258.2578871077763
 10
12.577911834924965
 20
258.36793357776264
 10
12.52387448840382
 20
258.44952251023193
 10
12.432320088676672
 20
258.57944662346523
 10
12.338420873124148
 20
258.699778308322
 10
12.242176841746248
 20
258.8105175648022
 10
12.143587994542974
 20
258.9116643929059
 10
12.045318894952251
 20
258.99916865620736
 10
11.950034106412005
 20
259.068980218281
 10
11.857733628922238
 20
259.12109907912685
 10
11.768417462482947
 20
259.1555252387449
 10
11.673452421555252
 20
259.17790757162345
 10
11.564205320600273
 20
259.193894952251
 10
11.440676159618008
 20
259.2034873806275
 10
11.302864938608458
 20
259.20668485675304
 10
10.538881309686221
 20
259.20668485675304
 10
10.538881309686221
 20
257.0
 10
9.877216916780355
 20
257.0
 10
9.877216916780355
 20
262.0
 10
12.090723055934516
 20
262.0
 10
12.308364597544339
 20
261.9963761937244
 10
12.507673942701228
 20
261.98550477489766
 10
12.688651091405186
 20
261.9673857435198
 10
12.851296043656209
 20
261.9420190995907
 10
13.000085266030014
 20
261.9050349590723
 10
13.13949522510232
 20
261.8520634379263
 10
13.269525920873125
 20
261.7831045361528
 10
13.390177353342429
 20
261.6981582537517
 10
13.499424454297408
 20
261.5991430763984
 10
13.59524215552524
 20
261.48797748976807
 10
13.677630457025922
 20
261.36466149386086
 10
13.746589358799454
 20
261.22919508867665
 10
13.801053035470668
 20
261.0857349931787
 10
13.839955661664392
 20
260.93843792633015
 10
13.863297237380626
 20
260.78730388813096
 10
13.871077762619372
 20
260.63233287858117
 10
13.84869542974079
 20
260.3631053888131
 10
13.781548431105048
 20
260.1215893587995
 10
13.669636766712141
 20
259.90778478854025
 10
13.512960436562075
 20
259.7216916780355
 10
13.31343792633015
 20
259.56522851296046
 10
13.072987721691678
 20
259.44031377899046
 10
12.791609822646658
 20
259.34694747612554
 10
12.469304229195089
 20
259.28512960436564
 10
12.469304229195089
 20
259.27148703956345
 10
12.716149386084584
 20
259.13143758526604
 10
12.955320600272852
 20
258.9329809004093
 10
13.18681787175989
 20
258.67611698499314
 10
13.410641200545703
 20
258.3608458390177
 10
14.283765347885403
 20
257.0
  0
LWPOLYLINE
  5
47
330
17
100
AcDbEntity
  8
TEXT
100
AcDbPolyline
 90
24
 70
0
 10
10.538881309686221
 20
259.800136425648
 10
11.957708049113233
 20
259.800136425648
 10
12.161387278308322
 20
259.80471947476127
 10
12.34268417462483
 20
259.81846862210097
 10
12.501598738062757
 20
259.8413838676671
 10
12.638130968622102
 20
259.87346521145975
 10
12.75718366302865
 20
259.91876278990446
 10
12.863659618008187
 20
259.981326739427
 10
12.95755883356071
 20
260.0611570600273
 10
13.038881309686221
 20
260.15825375170533
 10
13.104536152796726
 20
260.26718110504777
 10
13.151432469304229
 20
260.3825034106412
 10
13.179570259208731
 20
260.5042206684857
 10
13.188949522510232
 20
260.63233287858117
 10
13.173388472032741
 20
260.7964699863574
 10
13.126705320600273
 20
260.9478171896317
 10
13.048900068212824
 20
261.0863744884038
 10
12.939972714870397
 20
261.21214188267396
 10
12.795233628922238
 20
261.31659276944066
 10
12.6099931787176
 20
261.3912005457026
 10
12.38425136425648
 20
261.43596521145975
 10
12.118008185538882
 20
261.45088676671213
 10
10.538881309686221
 20
261.45088676671213
 10
10.538881309686221
 20
259.800136425648
  0
LWPOLYLINE
  5
48
330
17
100
AcDbEntity
  8
TEXT
100
AcDbPolyline
 90
9
 70
0
 10
18.475443383356073
 20
261.406548431105
 10
16.821282401091405
 20
261.406548431105
 10
16.821282401091405
 20
257.0
 10
16.156207366984994
 20
257.0
 10
16.156207366984994
 20
261.406548431105
 10
14.51568894952251
 20
261.406548431105
 10
14.51568894952251
 20
262.0
 10
18.475443383356073
 20
262.0
 10
18.475443383356073
 20
261.406548431105
  0
LWPOLYLINE
  5
49
330
17
100
AcDbEntity
  8
TEXT
100
AcDbPolyline
 90
5
 70
0
 10
19.955661664392906
 20
259.9195088676671
 10
19.256480218281038
 20
259.9195088676671
 10
19.256480218281038
 20
260.618690313779
 10
19.955661664392906
 20
260.618690313779
 10
19.955661664392906
 20
259.9195088676671
  0
LWPOLYLINE
  5
4A
330
17
100
AcDbEntity
  8
TEXT
100
AcDbPolyline
 90
5
 70
0
 10
19.955661664392906
 20
257.0
 10
19.256480218281038
 20
257.0
 10
19.256480218281038
 20
257.6991814461119
 10
19.955661664392906
 20
257.6991814461119
 10
19.955661664392906
 20
257.0
  0
LWPOLYLINE
  5
4B
330
17
100
AcDbEntity
  8
TEXT
100
AcDbPolyline
 90
7
 70
0
 10
26.163028649386085
 20
257.0
 10
23.035470668485676
 20
257.0
 10
23.035470668485676
 20
262.0
 10
23.697135061391542
 20
262.0
 10
23.697135061391542
 20
257.593451568895
 10
26.163028649386085
 20
257.593451568895
 10
26.163028649386085
 20
257.0
  0
LWPOLYLINE
  5
4C
330
17
100
AcDbEntity
  8
TEXT
100
AcDbPolyline
 90
5
 70
0
 10
29.92837653478854
 20
256.1268758526603
 10
26.354024556616643
 20
256.1268758526603
 10
26.354024556616643
 20
256.47476125511594
 10
29.92837653478854
 20
256.47476125511594
 10
29.92837653478854
 20
256.1268758526603
  0
LWPOLYLINE
  5
4D
330
17
100
AcDbEntity
  8
TEXT
100
AcDbPolyline
 90
44
 70
0
 10
33.24693042291951
 20
259.66030013642563
 10
33.46744969304229
 20
259.57748550477487
 10
33.65833901773534
 20
259.4722885402456
 10
33.819598396998636
 20
259.34470924283767
 10
33.951227830832195
 20
259.19474761255117
 10
34.053440484311054
 20
259.0275196111869
 10
34.126449522510235
 20
258.8481412005457
 10
34.17025494542975
 20
258.65661238062756
 10
34.18485675306958
 20
258.4529331514325
 10
34.17164051841747
 20
258.2474420190996
 10
34.131991814461124
 20
258.05047748976807
 10
34.065910641200546
 20
257.8620395634379
 10
33.97339699863574
 20
257.68212824010914
 10
33.856582537517056
 20
257.5180977148704
 10
33.717598908594816
 20
257.37730218281035
 10
33.556446111869036
 20
257.25974164392903
 10
33.3731241473397
 20
257.16541609822644
 10
33.16145122783083
 20
257.0930465552524
 10
32.91524556616644
 20
257.0413540245566
 10
32.63450716234652
 20
257.01033850613914
 10
32.31923601637108
 20
257.0
 10
30.40586630286494
 20
257.0
 10
30.40586630286494
 20
262.0
 10
32.281718963165076
 20
262.0
 10
32.50098588847204
 20
261.993818212824
 10
32.70346606412006
 20
261.97527285129604
 10
32.889159490109144
 20
261.9443639154161
 10
33.05806616643929
 20
261.90109140518416
 10
33.21018609311051
 20
261.84545532060025
 10
33.345519270122786
 20
261.7774556616644
 10
33.46406569747613
 20
261.69709242837655
 10
33.56582537517053
 20
261.6043656207367
 10
33.729216405184175
 20
261.40100613915416
 10
33.84592428376535
 20
261.18656207366985
 10
33.91594901091405
 20
260.96103342428376
 10
33.939290586630285
 20
260.7244201909959
 10
33.928525750341066
 20
260.56380030695766
 10
33.896231241473394
 20
260.4093622100955
 10
33.842407060027284
 20
260.26110590040923
 10
33.76705320600273
 20
260.11903137789903
 10
33.669956514324696
 20
259.9861229536153
 10
33.55090381991815
 20
259.8653649386084
 10
33.409895122783084
 20
259.7567573328786
 10
33.24693042291951
 20
259.66030013642563
  0
LWPOLYLINE
  5
4E
330
17
100
AcDbEntity
  8
TEXT
100
AcDbPolyline
 90
28
 70
0
 10
31.067530695770806
 20
259.9058663028649
 10
32.15211459754434
 20
259.9058663028649
 10
32.31252131650751
 20
259.9082111186903
 10
32.45949863574352
 20
259.91524556616645
 10
32.593046555252386
 20
259.9269696452933
 10
32.713165075034105
 20
259.94338335607097
 10
32.82326483628922
 20
259.9698158253752
 10
32.92675648021828
 20
260.0115961800819
 10
33.02364000682128
 20
260.068724420191
 10
33.11391541609823
 20
260.1412005457026
 10
33.19001534788541
 20
260.23243519781715
 10
33.2443724420191
 20
260.34583901773533
 10
33.27698669849932
 20
260.48141200545706
 10
33.28785811732606
 20
260.6391541609823
 10
33.2768801159618
 20
260.8048900068213
 10
33.243946111869036
 20
260.94739085948163
 10
33.189056105047754
 20
261.0666567189632
 10
33.11221009549796
 20
261.16268758526604
 10
33.020122783083224
 20
261.2388940995907
 10
32.91950886766712
 20
261.29868690313776
 10
32.81036834924966
 20
261.3420659959072
 10
32.69270122783083
 20
261.36903137789903
 10
32.56213761937244
 20
261.38544508867665
 10
32.41430763983629
 20
261.39716916780355
 10
32.24921128922237
 20
261.40420361527964
 10
32.0668485675307
 20
261.406548431105
 10
31.067530695770806
 20
261.406548431105
 10
31.067530695770806
 20
259.9058663028649
  0
LWPOLYLINE
  5
4F
330
17
100
AcDbEntity
  8
TEXT
100
AcDbPolyline
 90
20
 70
0
 10
31.067530695770806
 20
257.593451568895
 10
32.31241473396999
 20
257.593451568895
 10
32.62107776261937
 20
257.60773362892223
 10
32.87858117326057
 20
257.6505798090041
 10
33.08492496589359
 20
257.7219901091405
 10
33.24010914051842
 20
257.8219645293315
 10
33.35351296043656
 20
257.94709242837655
 10
33.434515688949524
 20
258.093963165075
 10
33.4831173260573
 20
258.262576739427
 10
33.49931787175989
 20
258.4529331514325
 10
33.48205150068213
 20
258.6446751364257
 10
33.430252387448846
 20
258.81403478854025
 10
33.34392053206003
 20
258.96101210777624
 10
33.22305593451569
 20
259.0856070941337
 10
33.057213506139156
 20
259.1848354365621
 10
32.83594815825375
 20
259.2557128240109
 10
32.55925989085948
 20
259.29823925648026
 10
32.227148703956345
 20
259.31241473397
 10
31.067530695770806
 20
259.31241473397
 10
31.067530695770806
 20
257.593451568895
  0
LWPOLYLINE
  5
50
330
17
100
AcDbEntity
  8
TEXT
100
AcDbPolyline
 90
57
 70
0
 10
39.51227830832197
 20
257.0
 10
38.68008185538881
 20
257.0
 10
38.502195600272856
 20
257.2807916950887
 10
38.34200204638472
 20
257.5331258526603
 10
38.19950119372442
 20
257.7570024727149
 10
38.074693042291955
 20
257.9524215552524
 10
37.967577592087316
 20
258.11938310027284
 10
37.87815484311051
 20
258.2578871077763
 10
37.806424795361536
 20
258.36793357776264
 10
37.75238744884039
 20
258.44952251023193
 10
37.660833049113236
 20
258.57944662346523
 10
37.56693383356071
 20
258.699778308322
 10
37.47068980218281
 20
258.8105175648022
 10
37.37210095497954
 20
258.9116643929059
 10
37.27383185538881
 20
258.99916865620736
 10
37.178547066848566
 20
259.068980218281
 10
37.0862465893588
 20
259.12109907912685
 10
36.99693042291951
 20
259.1555252387449
 10
36.901965381991815
 20
259.17790757162345
 10
36.79271828103684
 20
259.193894952251
 10
36.669189120054575
 20
259.2034873806275
 10
36.531377899045026
 20
259.20668485675304
 10
35.767394270122786
 20
259.20668485675304
 10
35.767394270122786
 20
257.0
 10
35.105729877216916
 20
257.0
 10
35.105729877216916
 20
262.0
 10
37.31923601637108
 20
262.0
 10
37.5368775579809
 20
261.9963761937244
 10
37.73618690313779
 20
261.98550477489766
 10
37.91716405184175
 20
261.9673857435198
 10
38.07980900409277
 20
261.9420190995907
 10
38.22859822646658
 20
261.9050349590723
 10
38.36800818553888
 20
261.8520634379263
 10
38.49803888130969
 20
261.7831045361528
 10
38.61869031377899
 20
261.6981582537517
 10
38.72793741473397
 20
261.5991430763984
 10
38.8237551159618
 20
261.48797748976807
 10
38.90614341746249
 20
261.36466149386086
 10
38.97510231923602
 20
261.22919508867665
 10
39.029565995907234
 20
261.0857349931787
 10
39.06846862210096
 20
260.93843792633015
 10
39.091810197817196
 20
260.78730388813096
 10
39.09959072305594
 20
260.63233287858117
 10
39.07720839017736
 20
260.3631053888131
 10
39.01006139154161
 20
260.1215893587995
 10
38.898149727148706
 20
259.90778478854025
 10
38.741473396998636
 20
259.7216916780355
 10
38.54195088676671
 20
259.56522851296046
 10
38.30150068212824
 20
259.44031377899046
 10
38.020122783083224
 20
259.34694747612554
 10
37.69781718963166
 20
259.28512960436564
 10
37.69781718963166
 20
259.27148703956345
 10
37.94466234652115
 20
259.13143758526604
 10
38.18383356070942
 20
258.9329809004093
 10
38.41533083219645
 20
258.67611698499314
 10
38.639154160982265
 20
258.3608458390177
 10
39.51227830832197
 20
257.0
  0
LWPOLYLINE
  5
51
330
17
100
AcDbEntity
  8
TEXT
100
AcDbPolyline
 90
24
 70
0
 10
35.767394270122786
 20
259.800136425648
 10
37.1862210095498
 20
259.800136425648
 10
37.389900238744886
 20
259.80471947476127
 10
37.5711971350614
 20
259.81846862210097
 10
37.73011169849932
 20
259.8413838676671
 10
37.86664392905867
 20
259.87346521145975
 10
37.985696623465216
 20
259.91876278990446
 10
38.09217257844475
 20
259.981326739427
 10
38.18607179399727
 20
260.0611570600273
 10
38.267394270122786
 20
260.15825375170533
 10
38.33304911323329
 20
260.26718110504777
 10
38.37994542974079
 20
260.3825034106412
 10
38.40808321964529
 20
260.5042206684857
 10
38.417462482946796
 20
260.63233287858117
 10
38.40190143246931
 20
260.7964699863574
 10
38.35521828103684
 20
260.9478171896317
 10
38.27741302864939
 20
261.0863744884038
 10
38.16848567530696
 20
261.21214188267396
 10
38.0237465893588
 20
261.31659276944066
 10
37.83850613915416
 20
261.3912005457026
 10
37.612764324693046
 20
261.43596521145975
 10
37.346521145975444
 20
261.45088676671213
 10
35.767394270122786
 20
261.45088676671213
 10
35.767394270122786
 20
259.800136425648
  0
LWPOLYLINE
  5
52
330
17
100
AcDbEntity
  8
TEXT
100
AcDbPolyline
 90
9
 70
0
 10
44.25648021828104
 20
257.0
 10
43.50954979536153
 20
257.0
 10
42.92291950886767
 20
258.5211459754434
 10
40.8356070941337
 20
258.5211459754434
 10
40.2830832196453
 20
257.0
 10
39.58390177353343
 20
257.0
 10
41.50409276944066
 20
262.0
 10
42.21691678035471
 20
262.0
 10
44.25648021828104
 20
257.0
  0
LWPOLYLINE
  5
53
330
17
100
AcDbEntity
  8
TEXT
100
AcDbPolyline
 90
20
 70
0
 10
42.72169167803547
 20
259.0463847203274
 10
42.576579553206
 20
259.4303216660982
 10
42.44820088676671
 20
259.77039989768076
 10
42.3365556787176
 20
260.066619415075
 10
42.24164392905867
 20
260.318980218281
 10
42.163465637789905
 20
260.5274823072988
 10
42.10202080491133
 20
260.6921256821282
 10
42.05730943042292
 20
260.81291034276944
 10
42.029331514324696
 20
260.8898362892224
 10
41.98904331514325
 20
261.00910214870396
 10
41.94662346521146
 20
261.1469133697135
 10
41.902071964529334
 20
261.303269952251
 10
41.855388813096866
 20
261.4781718963165
 10
41.83833560709414
 20
261.4781718963165
 10
41.78653649386085
 20
261.23047407912685
 10
41.72663710777627
 20
260.99215552523873
 10
41.65863744884039
 20
260.76321623465213
 10
41.58253751705321
 20
260.543656207367
 10
41.02319236016371
 20
259.0463847203274
 10
42.72169167803547
 20
259.0463847203274
  0
LWPOLYLINE
  5
54
330
17
100
AcDbEntity
  8
TEXT
100
AcDbPolyline
 90
91
 70
0
 10
49.02114597544339
 20
258.58594815825376
 10
48.89164819236017
 20
258.19148618690315
 10
48.72143587994543
 20
257.8505286493861
 10
48.51050903819919
 20
257.5630755457026
 10
48.25886766712142
 20
257.32912687585264
 10
47.973333049113236
 20
257.14782997953614
 10
47.660726466575724
 20
257.0183321964529
 10
47.32104791950887
 20
256.940633526603
 10
46.95429740791269
 20
256.91473396998634
 10
46.65775814290587
 20
256.92675115109137
 10
46.38205576398363
 20
256.96280269440655
 10
46.12719027114598
 20
257.0228885999318
 10
45.893161664392906
 20
257.1070088676671
 10
45.67996994372442
 20
257.21516349761254
 10
45.48761510914052
 20
257.34735248976807
 10
45.316097160641206
 20
257.50357584413365
 10
45.16541609822647
 20
257.6838335607094
 10
45.03391989256481
 20
257.8809846094816
 10
44.919956514324696
 20
258.08788796043655
 10
44.82352596350614
 20
258.30454361357437
 10
44.744628240109144
 20
258.530951568895
 10
44.6832633441337
 20
258.7671118263984
 10
44.63943127557981
 20
259.0130243860846
 10
44.61313203444748
 20
259.26868924795366
 10
44.6043656207367
 20
259.5341064120055
 10
44.61467748124148
 20
259.82526325886766
 10
44.6456130627558
 20
260.1001662687585
 10
44.69717236527968
 20
260.3588154416781
 10
44.769355388813096
 20
260.6012107776262
 10
44.86216213335607
 20
260.827352276603
 10
44.9755925989086
 20
261.0372399386085
 10
45.10964678547067
 20
261.2308737636426
 10
45.2643246930423
 20
261.40825375170533
 10
45.43520314631651
 20
261.56692850443386
 10
45.61785896998636
 20
261.70444662346523
 10
45.81229216405185
 20
261.82080810879944
 10
46.01850272851296
 20
261.91601296043655
 10
46.236490663369715
 20
261.99006117837655
 10
46.46625596862211
 20
262.0429527626194
 10
46.70779864427013
 20
262.0746877131651
 10
46.96111869031378
 20
262.08526603001366
 10
47.31284106412006
 20
262.0620310368349
 10
47.63813096862211
 20
261.9923260572988
 10
47.936988403819925
 20
261.8761510914052
 10
48.20941336971351
 20
261.71350613915416
 10
48.44922407912688
 20
261.506096521146
 10
48.65023874488404
 20
261.2556275579809
 10
48.812457366985
 20
260.96209924965893
 10
48.93587994542975
 20
260.6255115961801
 10
48.28785811732606
 20
260.47203274215553
 10
48.19534447476126
 20
260.71674624829467
 10
48.081514324693046
 20
260.9290586630286
 10
47.94636766712142
 20
261.1089699863574
 10
47.78990450204639
 20
261.256480218281
 10
47.61233799454298
 20
261.3713761937244
 10
47.413881309686225
 20
261.45344474761254
 10
47.19453444747613
 20
261.50268587994543
 10
46.95429740791269
 20
261.51909959072304
 10
46.75584072305594
 20
261.51070621589355
 10
46.56974761255116
 20
261.4855260914052
 10
46.39601807639837
 20
261.4435592172578
 10
46.23465211459755
 20
261.3848055934516
 10
46.085649727148706
 20
261.30926521998634
 10
45.94901091405185
 20
261.2169380968622
 10
45.82473567530696
 20
261.10782422407914
 10
45.712824010914055
 20
260.9819236016371
 10
45.527796725784455
 20
260.69042036152797
 10
45.395634379263306
 20
260.3530866302865
 10
45.31633697135062
 20
259.9699224079127
 10
45.28990450204639
 20
259.54092769440655
 10
45.29685901261938
 20
259.2883803717599
 10
45.31772254433834
 20
259.0525665075034
 10
45.35249509720328
 20
258.8334861016371
 10
45.401176671214195
 20
258.63113915416096
 10
45.46376726637108
 20
258.445525665075
 10
45.54026688267395
 20
258.2766456343793
 10
45.630675520122786
 20
258.1244990620737
 10
45.7349931787176
 20
257.9890859481583
 10
45.97448414051842
 20
257.7667547748977
 10
46.247868349249664
 20
257.60794679399726
 10
46.55514580491133
 20
257.51266200545706
 10
46.896316507503414
 20
257.48090040927696
 10
47.17588250341065
 20
257.5007247612551
 10
47.42795020463848
 20
257.56019781718965
 10
47.65251961118691
 20
257.6593195770805
 10
47.84959072305594
 20
257.7980900409277
 10
48.01916354024557
 20
257.9767223738063
 10
48.1612380627558
 20
258.19542974079127
 10
48.27581429058663
 20
258.4542121418827
 10
48.362892223738065
 20
258.7530695770805
 10
49.02114597544339
 20
258.58594815825376
  0
LWPOLYLINE
  5
55
330
17
100
AcDbEntity
  8
TEXT
100
AcDbPolyline
 90
13
 70
0
 10
53.93929058663029
 20
257.0
 10
53.06616643929059
 20
257.0
 10
51.29263301500683
 20
259.52728512960437
 10
50.467257844474766
 20
258.7326057298772
 10
50.467257844474766
 20
257.0
 10
49.805593451568896
 20
257.0
 10
49.805593451568896
 20
262.0
 10
50.467257844474766
 20
262.0
 10
50.467257844474766
 20
259.52046384720325
 10
52.95361527967258
 20
262.0
 10
53.84720327421556
 20
262.0
 10
51.753069577080495
 20
259.97407912687584
 10
53.93929058663029
 20
257.0
  0
LWPOLYLINE
  5
56
330
17
100
AcDbEntity
  8
TEXT
100
AcDbPolyline
 90
13
 70
0
 10
58.24010914051843
 20
257.0
 10
54.505457025920876
 20
257.0
 10
54.505457025920876
 20
262.0
 10
58.12414733969987
 20
262.0
 10
58.12414733969987
 20
261.406548431105
 10
55.167121418826746
 20
261.406548431105
 10
55.167121418826746
 20
259.87858117326056
 10
57.93315143246931
 20
259.87858117326056
 10
57.93315143246931
 20
259.28512960436564
 10
55.167121418826746
 20
259.28512960436564
 10
55.167121418826746
 20
257.593451568895
 10
58.24010914051843
 20
257.593451568895
 10
58.24010914051843
 20
257.0
  0
LWPOLYLINE
  5
57
330
17
100
AcDbEntity
  8
TEXT
100
AcDbPolyline
 90
9
 70
0
 10
62.72510231923602
 20
261.406548431105
 10
61.07094133697136
 20
261.406548431105
 10
61.07094133697136
 20
257.0
 10
60.40586630286494
 20
257.0
 10
60.40586630286494
 20
261.406548431105
 10
58.76534788540246
 20
261.406548431105
 10
58.76534788540246
 20
262.0
 10
62.72510231923602
 20
262.0
 10
62.72510231923602
 20
261.406548431105
  0
LWPOLYLINE
  5
58
330
17
100
AcDbEntity
  8
TEXT
100
AcDbPolyline
 90
5
 70
0
 10
66.41200545702593
 20
256.1268758526603
 10
62.83765347885403
 20
256.1268758526603
 10
62.83765347885403
 20
256.47476125511594
 10
66.41200545702593
 20
256.47476125511594
 10
66.41200545702593
 20
256.1268758526603
  0
LWPOLYLINE
  5
59
330
17
100
AcDbEntity
  8
TEXT
100
AcDbPolyline
 90
65
 70
0
 10
68.31173260572989
 20
262.0238744884038
 10
68.50915011084585
 20
262.01388237551157
 10
68.69383100272852
 20
261.9839060368349
 10
68.8657752813779
 20
261.9339454723738
 10
69.024982946794
 20
261.8640006821282
 10
69.17145399897682
 20
261.7740716660982
 10
69.30518843792633
 20
261.66415842428376
 10
69.42618626364256
 20
261.5342609566848
 10
69.53444747612551
 20
261.38437926330147
 10
69.62997207537518
 20
261.2145133441337
 10
69.71276006139155
 20
261.0246631991814
 10
69.78281143417463
 20
260.8148288284447
 10
69.84012619372442
 20
260.5850102319236
 10
69.88470434004093
 20
260.33520740961796
 10
69.91654587312415
 20
260.06542036152797
 10
69.93565079297407
 20
259.77564908765345
 10
69.94201909959072
 20
259.4658935879945
 10
69.93543762789905
 20
259.15310048601634
 10
69.91569321282401
 20
258.8610376875852
 10
69.88278585436562
 20
258.5897051927012
 10
69.83671555252388
 20
258.33910300136426
 10
69.77748230729878
 20
258.10923111357437
 10
69.70508611869032
 20
257.9000895293315
 10
69.6195269866985
 20
257.71167824863574
 10
69.52080491132334
 20
257.54399727148706
 10
69.40977255286495
 20
257.3965136851978
 10
69.28728257162348
 20
257.2686945770805
 10
69.15333496759892
 20
257.1605399471351
 10
69.00792974079127
 20
257.0720497953615
 10
68.85106689120056
 20
257.0032241217599
 10
68.68274641882675
 20
256.95406292633015
 10
68.50296832366986
 20
256.9245662090723
 10
68.31173260572989
 20
256.91473396998634
 10
68.1147281079468
 20
256.9246994372442
 10
67.93043357776263
 20
256.9545958390177
 10
67.75884901517736
 20
257.00442317530695
 10
67.599974420191
 20
257.0741814461119
 10
67.45380979280355
 20
257.16387065143243
 10
67.32035513301501
 20
257.2734907912687
 10
67.19961044082538
 20
257.4030418656207
 10
67.09157571623466
 20
257.5525238744884
 10
66.99625095924284
 20
257.7219368178717
 10
66.91363616984994
 20
257.9112806957708
 10
66.84373134805594
 20
258.12055550818553
 10
66.78653649386085
 20
258.34976125511594
 10
66.74205160726467
 20
258.598897936562
 10
66.7102766882674
 20
258.86796555252386
 10
66.69121173686904
 20
259.1569641030013
 10
66.68485675306958
 20
259.4658935879945
 10
66.69143822476126
 20
259.7787399812415
 10
66.7111826398363
 20
260.07096265347883
 10
66.74408999829468
 20
260.3425616047067
 10
66.79016030013644
 20
260.593536834925
 10
66.84939354536154
 20
260.8238883441337
 10
66.92178973396999
 20
261.0336161323329
 10
67.0073488659618
 20
261.2227201995225
 10
67.10607094133698
 20
261.3912005457026
 10
67.21705000852661
 20
261.5394835010232
 10
67.3393801159618
 20
261.66799539563436
 10
67.47306126364256
 20
261.77673622953614
 10
67.6180934515689
 20
261.86570600272853
 10
67.7744766797408
 20
261.9349047152115
 10
67.94221094815826
 20
261.984332366985
 10
68.1212962568213
 20
262.0139889580491
 10
68.31173260572989
 20
262.0238744884038
  0
LWPOLYLINE
  5
5A
330
17
100
AcDbEntity
  8
TEXT
100
AcDbPolyline
 90
49
 70
0
 10
68.31173260572989
 20
257.4195088676671
 10
68.54386937244203
 20
257.4494585607094
 10
68.74573669849933
 20
257.5393076398363
 10
68.91733458390178
 20
257.68905610504777
 10
69.05866302864939
 20
257.8987039563438
 10
69.11781633697136
 20
258.02801521998634
 10
69.16908253751706
 20
258.17635146657574
 10
69.2124616302865
 20
258.3437126961119
 10
69.24795361527967
 20
258.5300989085948
 10
69.2755584924966
 20
258.73551010402457
 10
69.29527626193725
 20
258.95994628240106
 10
69.30710692360164
 20
259.2034074437244
 10
69.31105047748977
 20
259.4658935879945
 10
69.30412261255117
 20
259.82433066166436
 10
69.28333901773534
 20
260.1424795361528
 10
69.2486996930423
 20
260.42034021145975
 10
69.20020463847204
 20
260.6579126875853
 10
69.13774727148704
 20
260.86148533424284
 10
69.0612210095498
 20
261.037346521146
 10
68.9706258526603
 20
261.18549624829467
 10
68.86596180081855
 20
261.30593451568893
 10
68.74712227148704
 20
261.39919423601634
 10
68.61400068212825
 20
261.4658083219645
 10
68.46659703274216
 20
261.5057767735334
 10
68.3049113233288
 20
261.51909959072304
 10
68.07298772169169
 20
261.48861698499314
 10
67.8717598908595
 20
261.39716916780355
 10
67.7012278308322
 20
261.24475613915416
 10
67.56139154160982
 20
261.031377899045
 10
67.50303760231924
 20
260.9002280866303
 10
67.4524641882674
 20
260.75063949522513
 10
67.4096712994543
 20
260.5826121248295
 10
67.37465893587995
 20
260.3961459754434
 10
67.34742709754434
 20
260.19124104706685
 10
67.32797578444747
 20
259.96789733969985
 10
67.31630499658937
 20
259.72611485334244
 10
67.31241473396999
 20
259.4658935879945
 10
67.31944918144612
 20
259.1118263983629
 10
67.34055252387449
 20
258.7965552523874
 10
67.37572476125511
 20
258.5200801500682
 10
67.424965893588
 20
258.2824010914052
 10
67.4880627557981
 20
258.078082366985
 10
67.56480218281037
 20
257.90168826739426
 10
67.65518417462484
 20
257.753218792633
 10
67.75920873124149
 20
257.6326739427012
 10
67.8768758526603
 20
257.5394142223738
 10
68.00818553888132
 20
257.47280013642563
 10
68.15313778990452
 20
257.43283168485675
 10
68.31173260572989
 20
257.4195088676671
  0
LWPOLYLINE
  5
5B
330
17
100
AcDbEntity
  8
TEXT
100
AcDbPolyline
 90
65
 70
0
 10
72.19645293315145
 20
262.0238744884038
 10
72.39387043826741
 20
262.01388237551157
 10
72.57855133015008
 20
261.9839060368349
 10
72.75049560879947
 20
261.9339454723738
 10
72.90970327421556
 20
261.8640006821282
 10
73.05617432639838
 20
261.7740716660982
 10
73.1899087653479
 20
261.66415842428376
 10
73.31090659106412
 20
261.5342609566848
 10
73.41916780354708
 20
261.38437926330147
 10
73.51469240279674
 20
261.2145133441337
 10
73.59748038881311
 20
261.0246631991814
 10
73.6675317615962
 20
260.8148288284447
 10
73.72484652114598
 20
260.5850102319236
 10
73.76942466746249
 20
260.33520740961796
 10
73.80126620054571
 20
260.06542036152797
 10
73.82037112039563
 20
259.77564908765345
 10
73.82673942701228
 20
259.4658935879945
 10
73.82015795532061
 20
259.15310048601634
 10
73.80041354024557
 20
258.8610376875852
 10
73.76750618178718
 20
258.5897051927012
 10
73.72143587994543
 20
258.33910300136426
 10
73.66220263472034
 20
258.10923111357437
 10
73.58980644611188
 20
257.9000895293315
 10
73.50424731412006
 20
257.71167824863574
 10
73.4055252387449
 20
257.54399727148706
 10
73.29449288028651
 20
257.3965136851978
 10
73.17200289904504
 20
257.2686945770805
 10
73.03805529502048
 20
257.1605399471351
 10
72.89265006821284
 20
257.0720497953615
 10
72.73578721862212
 20
257.0032241217599
 10
72.56746674624831
 20
256.95406292633015
 10
72.38768865109142
 20
256.9245662090723
 10
72.19645293315145
 20
256.91473396998634
 10
71.99944843536836
 20
256.9246994372442
 10
71.81515390518419
 20
256.9545958390177
 10
71.64356934259892
 20
257.00442317530695
 10
71.48469474761256
 20
257.0741814461119
 10
71.33853012022512
 20
257.16387065143243
 10
71.20507546043657
 20
257.2734907912687
 10
71.08433076824694
 20
257.4030418656207
 10
70.97629604365622
 20
257.5525238744884
 10
70.8809712866644
 20
257.7219368178717
 10
70.7983564972715
 20
257.9112806957708
 10
70.7284516754775
 20
258.12055550818553
 10
70.67125682128241
 20
258.34976125511594
 10
70.62677193468623
 20
258.598897936562
 10
70.59499701568896
 20
258.86796555252386
 10
70.5759320642906
 20
259.1569641030013
 10
70.56957708049114
 20
259.4658935879945
 10
70.57615855218282
 20
259.7787399812415
 10
70.59590296725786
 20
260.07096265347883
 10
70.62881032571624
 20
260.3425616047067
 10
70.674880627558
 20
260.593536834925
 10
70.7341138727831
 20
260.8238883441337
 10
70.80651006139155
 20
261.0336161323329
 10
70.89206919338336
 20
261.2227201995225
 10
70.99079126875854
 20
261.3912005457026
 10
71.10177033594817
 20
261.5394835010232
 10
71.22410044338336
 20
261.66799539563436
 10
71.35778159106412
 20
261.77673622953614
 10
71.50281377899046
 20
261.86570600272853
 10
71.65919700716236
 20
261.9349047152115
 10
71.82693127557982
 20
261.984332366985
 10
72.00601658424286
 20
262.0139889580491
 10
72.19645293315145
 20
262.0238744884038
  0
LWPOLYLINE
  5
5C
330
17
100
AcDbEntity
  8
TEXT
100
AcDbPolyline
 90
49
 70
0
 10
72.19645293315145
 20
257.4195088676671
 10
72.4285896998636
 20
257.4494585607094
 10
72.63045702592089
 20
257.5393076398363
 10
72.80205491132334
 20
257.68905610504777
 10
72.94338335607095
 20
257.8987039563438
 10
73.00253666439292
 20
258.02801521998634
 10
73.05380286493862
 20
258.17635146657574
 10
73.09718195770806
 20
258.3437126961119
 10
73.13267394270125
 20
258.5300989085948
 10
73.16027881991816
 20
258.73551010402457
 10
73.17999658935881
 20
258.95994628240106
 10
73.1918272510232
 20
259.2034074437244
 10
73.19577080491133
 20
259.4658935879945
 10
73.18884293997273
 20
259.82433066166436
 10
73.1680593451569
 20
260.1424795361528
 10
73.13342002046386
 20
260.42034021145975
 10
73.0849249658936
 20
260.6579126875853
 10
73.0224675989086
 20
260.86148533424284
 10
72.94594133697137
 20
261.037346521146
 10
72.85534618008187
 20
261.18549624829467
 10
72.75068212824013
 20
261.30593451568893
 10
72.6318425989086
 20
261.39919423601634
 10
72.49872100954981
 20
261.4658083219645
 10
72.35131736016373
 20
261.5057767735334
 10
72.18963165075036
 20
261.51909959072304
 10
71.95770804911325
 20
261.48861698499314
 10
71.75648021828106
 20
261.39716916780355
 10
71.58594815825376
 20
261.24475613915416
 10
71.44611186903138
 20
261.031377899045
 10
71.3877579297408
 20
260.9002280866303
 10
71.33718451568896
 20
260.75063949522513
 10
71.29439162687586
 20
260.5826121248295
 10
71.25937926330151
 20
260.3961459754434
 10
71.2321474249659
 20
260.19124104706685
 10
71.21269611186904
 20
259.96789733969985
 10
71.20102532401093
 20
259.72611485334244
 10
71.19713506139155
 20
259.4658935879945
 10
71.20416950886768
 20
259.1118263983629
 10
71.22527285129605
 20
258.7965552523874
 10
71.26044508867668
 20
258.5200801500682
 10
71.30968622100956
 20
258.2824010914052
 10
71.37278308321966
 20
258.078082366985
 10
71.44952251023193
 20
257.90168826739426
 10
71.5399045020464
 20
257.753218792633
 10
71.64392905866305
 20
257.6326739427012
 10
71.76159618008188
 20
257.5394142223738
 10
71.89290586630288
 20
257.47280013642563
 10
72.03785811732607
 20
257.43283168485675
 10
72.19645293315145
 20
257.4195088676671
  0
LWPOLYLINE
  5
5D
330
17
100
AcDbEntity
  8
TEXT
100
AcDbPolyline
 90
18
 70
0
 10
76.7598908594816
 20
257.0
 10
76.14597544338338
 20
257.0
 10
76.14597544338338
 20
260.91200545702594
 10
75.89635914051844
 20
260.70203785811736
 10
75.60794679399729
 20
260.5086971350614
 10
75.28073840381994
 20
260.3319832878581
 10
74.91473396998637
 20
260.1718963165075
 10
74.91473396998637
 20
260.76534788540243
 10
75.16935965211461
 20
260.8961779502046
 10
75.40288199181448
 20
261.0345753751705
 10
75.61530098908597
 20
261.1805401603001
 10
75.80661664392908
 20
261.33407230559345
 10
75.97682895634381
 20
261.49517181105045
 10
76.12593792633017
 20
261.6638386766712
 10
76.25394355388815
 20
261.84007290245563
 10
76.36084583901776
 20
262.0238744884038
 10
76.7598908594816
 20
262.0238744884038
 10
76.7598908594816
 20
257.0
  0
LWPOLYLINE
  5
5F
330
17
100
AcDbEntity
  8
TEXT
100
AcDbPolyline
 90
9
 70
0
 10
4.113233287858117
 20
252.40654843110505
 10
2.459072305593452
 20
252.40654843110505
 10
2.459072305593452
 20
248.0
 10
1.7939972714870396
 20
248.0
 10
1.7939972714870396
 20
252.40654843110505
 10
0.15347885402455663
 20
252.40654843110505
 10
0.15347885402455663
 20
253.0
 10
4.113233287858117
 20
253.0
 10
4.113233287858117
 20
252.40654843110505
  0
LWPOLYLINE
  5
60
330
17
100
AcDbEntity
  8
TEXT
100
AcDbPolyline
 90
21
 70
0
 10
8.884720327421554
 20
253.0
 10
6.892905866302865
 20
250.11800818553888
 10
6.892905866302865
 20
248.0
 10
6.227830832196453
 20
248.0
 10
6.227830832196453
 20
250.11800818553888
 10
4.3008185538881305
 20
253.0
 10
5.105729877216916
 20
253.0
 10
6.203956343792633
 20
251.31855388813096
 10
6.291354024556616
 20
251.1806360845839
 10
6.386425648021827
 20
251.02268076398363
 10
6.489171214188267
 20
250.84468792633015
 10
6.599590723055934
 20
250.64665757162348
 10
6.6545873124147334
 20
250.74460692360165
 10
6.747953615279672
 20
250.89861869031378
 10
6.87968963165075
 20
251.1086928717599
 10
7.049795361527967
 20
251.37482946793997
 10
7.258270804911323
 20
251.69702847885404
 10
7.5051159618008185
 20
252.07528990450206
 10
7.790330832196453
 20
252.50961374488404
 10
8.113915416098227
 20
253.0
 10
8.884720327421554
 20
253.0
  0
LWPOLYLINE
  5
61
330
17
100
AcDbEntity
  8
TEXT
100
AcDbPolyline
 90
34
 70
0
 10
9.464529331514324
 20
253.0
 10
11.350613915416098
 20
253.0
 10
11.566230388813096
 20
252.99722885402457
 10
11.766285811732605
 20
252.98891541609822
 10
11.950780184174624
 20
252.97505968622102
 10
12.119713506139153
 20
252.9556616643929
 10
12.277988574351976
 20
252.92464614597543
 10
12.43050818553888
 20
252.87593792633015
 10
12.577272339699862
 20
252.80953700545703
 10
12.718281036834924
 20
252.72544338335607
 10
12.847991984993177
 20
252.62418997271487
 10
12.960862892223737
 20
252.50630968622102
 10
13.056893758526602
 20
252.3718025238745
 10
13.136084583901773
 20
252.2206684856753
 10
13.198009038199181
 20
252.059409106412
 10
13.242240791268758
 20
251.89452592087312
 10
13.268779843110504
 20
251.72601892905868
 10
13.27762619372442
 20
251.55388813096863
 10
13.249808151432468
 20
251.22486783765348
 10
13.166354024556615
 20
250.93016712141883
 10
13.02726381309686
 20
250.66978598226467
 10
12.832537517053204
 20
250.443724420191
 10
12.712871973055933
 20
250.3458017138472
 10
12.576419679399725
 20
250.26093536834924
 10
12.423180636084583
 20
250.18912538369713
 10
12.253154843110504
 20
250.13037175989086
 10
12.066342300477489
 20
250.0846744969304
 10
11.862743008185538
 20
250.0520335948158
 10
11.64235696623465
 20
250.03244905354705
 10
11.405184174624829
 20
250.02592087312414
 10
10.12619372442019
 20
250.02592087312414
 10
10.12619372442019
 20
248.0
 10
9.464529331514324
 20
248.0
 10
9.464529331514324
 20
253.0
  0
LWPOLYLINE
  5
62
330
17
100
AcDbEntity
  8
TEXT
100
AcDbPolyline
 90
24
 70
0
 10
10.12619372442019
 20
250.6193724420191
 10
11.41200545702592
 20
250.6193724420191
 10
11.688587141882673
 20
250.6336545020464
 10
11.928291268758526
 20
250.67650068212825
 10
12.131117837653479
 20
250.74791098226467
 10
12.29706684856753
 20
250.8478854024557
 10
12.426138301500682
 20
250.97642394270125
 10
12.518332196452933
 20
251.13352660300137
 10
12.573648533424283
 20
251.3191933833561
 10
12.592087312414733
 20
251.53342428376536
 10
12.582494884038198
 20
251.67912261255117
 10
12.553717598908595
 20
251.81608117326059
 10
12.50575545702592
 20
251.94429996589358
 10
12.438608458390176
 20
252.0637789904502
 10
12.357499147339698
 20
252.16801671214188
 10
12.267650068212824
 20
252.25051159618008
 10
12.16906122100955
 20
252.3112636425648
 10
12.061732605729876
 20
252.35027285129604
 10
11.93649812414734
 20
252.3748934174625
 10
11.78419167803547
 20
252.3924795361528
 10
11.60481326739427
 20
252.40303120736698
 10
11.398362892223737
 20
252.40654843110505
 10
10.12619372442019
 20
252.40654843110505
 10
10.12619372442019
 20
250.6193724420191
  0
LWPOLYLINE
  5
63
330
17
100
AcDbEntity
  8
TEXT
100
AcDbPolyline
 90
13
 70
0
 10
17.87175989085948
 20
248.0
 10
14.137107776261937
 20
248.0
 10
14.137107776261937
 20
253.0
 10
17.755798090040926
 20
253.0
 10
17.755798090040926
 20
252.40654843110505
 10
14.798772169167803
 20
252.40654843110505
 10
14.798772169167803
 20
250.87858117326059
 10
17.564802182810368
 20
250.87858117326059
 10
17.564802182810368
 20
250.2851296043656
 10
14.798772169167803
 20
250.2851296043656
 10
14.798772169167803
 20
248.59345156889495
 10
17.87175989085948
 20
248.59345156889495
 10
17.87175989085948
 20
248.0
  0
LWPOLYLINE
  5
64
330
17
100
AcDbEntity
  8
TEXT
100
AcDbPolyline
 90
5
 70
0
 10
19.57025920873124
 20
250.91950886766713
 10
18.87107776261937
 20
250.91950886766713
 10
18.87107776261937
 20
251.61869031377898
 10
19.57025920873124
 20
251.61869031377898
 10
19.57025920873124
 20
250.91950886766713
  0
LWPOLYLINE
  5
65
330
17
100
AcDbEntity
  8
TEXT
100
AcDbPolyline
 90
5
 70
0
 10
19.57025920873124
 20
248.0
 10
18.87107776261937
 20
248.0
 10
18.87107776261937
 20
248.69918144611188
 10
19.57025920873124
 20
248.69918144611188
 10
19.57025920873124
 20
248.0
  0
LWPOLYLINE
  5
66
330
17
100
AcDbEntity
  8
TEXT
100
AcDbPolyline
 90
7
 70
0
 10
25.77762619372442
 20
248.0
 10
22.65006821282401
 20
248.0
 10
22.65006821282401
 20
253.0
 10
23.311732605729876
 20
253.0
 10
23.311732605729876
 20
248.59345156889495
 10
25.77762619372442
 20
248.59345156889495
 10
25.77762619372442
 20
248.0
  0
LWPOLYLINE
  5
67
330
17
100
AcDbEntity
  8
TEXT
100
AcDbPolyline
 90
5
 70
0
 10
29.542974079126875
 20
247.1268758526603
 10
25.968622100954978
 20
247.1268758526603
 10
25.968622100954978
 20
247.47476125511596
 10
29.542974079126875
 20
247.47476125511596
 10
29.542974079126875
 20
247.1268758526603
  0
LWPOLYLINE
  5
68
330
17
100
AcDbEntity
  8
TEXT
100
AcDbPolyline
 90
44
 70
0
 10
32.86152796725784
 20
250.66030013642566
 10
33.08204723738063
 20
250.5774855047749
 10
33.27293656207367
 20
250.4722885402456
 10
33.434195941336974
 20
250.34470924283767
 10
33.56582537517053
 20
250.19474761255117
 10
33.668038028649384
 20
250.0275196111869
 10
33.741047066848566
 20
249.8481412005457
 10
33.78485248976808
 20
249.65661238062756
 10
33.79945429740791
 20
249.45293315143246
 10
33.7862380627558
 20
249.2474420190996
 10
33.746589358799454
 20
249.05047748976807
 10
33.68050818553888
 20
248.86203956343792
 10
33.58799454297408
 20
248.68212824010914
 10
33.47118008185539
 20
248.5180977148704
 10
33.332196452933154
 20
248.37730218281038
 10
33.17104365620737
 20
248.25974164392906
 10
32.98772169167803
 20
248.16541609822647
 10
32.77604877216917
 20
248.09304655525239
 10
32.52984311050477
 20
248.04135402455663
 10
32.249104706684854
 20
248.01033850613916
 10
31.933833560709413
 20
248.0
 10
30.020463847203274
 20
248.0
 10
30.020463847203274
 20
253.0
 10
31.89631650750341
 20
253.0
 10
32.11558343281037
 20
252.993818212824
 10
32.31806360845839
 20
252.97527285129604
 10
32.503757034447474
 20
252.9443639154161
 10
32.67266371077763
 20
252.90109140518416
 10
32.82478363744884
 20
252.84545532060028
 10
32.96011681446112
 20
252.7774556616644
 10
33.07866324181446
 20
252.69709242837655
 10
33.180422919508864
 20
252.6043656207367
 10
33.343813949522506
 20
252.40100613915416
 10
33.46052182810368
 20
252.18656207366985
 10
33.530546555252386
 20
251.96103342428378
 10
33.55388813096862
 20
251.72442019099591
 10
33.543123294679404
 20
251.56380030695772
 10
33.51082878581173
 20
251.4093622100955
 10
33.45700460436562
 20
251.26110590040926
 10
33.381650750341066
 20
251.11903137789903
 10
33.284554058663026
 20
250.98612295361528
 10
33.16550136425648
 20
250.86536493860845
 10
33.024492667121415
 20
250.75675733287858
 10
32.86152796725784
 20
250.66030013642566
  0
LWPOLYLINE
  5
69
330
17
100
AcDbEntity
  8
TEXT
100
AcDbPolyline
 90
28
 70
0
 10
30.68212824010914
 20
250.90586630286495
 10
31.766712141882675
 20
250.90586630286495
 10
31.92711886084584
 20
250.90821111869033
 10
32.07409618008186
 20
250.91524556616645
 10
32.20764409959072
 20
250.92696964529333
 10
32.32776261937244
 20
250.94338335607094
 10
32.43786238062756
 20
250.96981582537518
 10
32.54135402455662
 20
251.01159618008185
 10
32.63823755115962
 20
251.068724420191
 10
32.72851296043656
 20
251.1412005457026
 10
32.80461289222374
 20
251.23243519781718
 10
32.85896998635744
 20
251.34583901773533
 10
32.89158424283765
 20
251.48141200545703
 10
32.90245566166439
 20
251.63915416098226
 10
32.89147766030013
 20
251.80489000682127
 10
32.85854365620737
 20
251.94739085948157
 10
32.803653649386085
 20
252.06665671896317
 10
32.72680763983629
 20
252.16268758526604
 10
32.634720327421554
 20
252.23889409959074
 10
32.53410641200546
 20
252.2986869031378
 10
32.424965893587995
 20
252.34206599590723
 10
32.30729877216917
 20
252.36903137789903
 10
32.17673516371078
 20
252.38544508867668
 10
32.028905184174626
 20
252.39716916780355
 10
31.86380883356071
 20
252.40420361527967
 10
31.68144611186903
 20
252.40654843110505
 10
30.68212824010914
 20
252.40654843110505
 10
30.68212824010914
 20
250.90586630286495
  0
LWPOLYLINE
  5
6A
330
17
100
AcDbEntity
  8
TEXT
100
AcDbPolyline
 90
20
 70
0
 10
30.68212824010914
 20
248.59345156889495
 10
31.92701227830832
 20
248.59345156889495
 10
32.23567530695771
 20
248.60773362892223
 10
32.49317871759891
 20
248.65057980900409
 10
32.69952251023192
 20
248.72199010914053
 10
32.85470668485675
 20
248.82196452933152
 10
32.9681105047749
 20
248.94709242837655
 10
33.049113233287855
 20
249.09396316507502
 10
33.097714870395635
 20
249.262576739427
 10
33.11391541609822
 20
249.45293315143246
 10
33.09664904502046
 20
249.64467513642563
 10
33.04484993178717
 20
249.81403478854025
 10
32.95851807639836
 20
249.96101210777627
 10
32.83765347885402
 20
250.0856070941337
 10
32.67181105047749
 20
250.18483543656208
 10
32.45054570259209
 20
250.2557128240109
 10
32.17385743519782
 20
250.2982392564802
 10
31.84174624829468
 20
250.31241473396997
 10
30.68212824010914
 20
250.31241473396997
 10
30.68212824010914
 20
248.59345156889495
  0
LWPOLYLINE
  5
6B
330
17
100
AcDbEntity
  8
TEXT
100
AcDbPolyline
 90
57
 70
0
 10
39.1268758526603
 20
248.0
 10
38.294679399727144
 20
248.0
 10
38.11679314461119
 20
248.28079169508868
 10
37.95659959072305
 20
248.5331258526603
 10
37.814098738062754
 20
248.75700247271487
 10
37.689290586630285
 20
248.95242155525239
 10
37.58217513642565
 20
249.11938310027284
 10
37.49275238744884
 20
249.25788710777627
 10
37.42102233969987
 20
249.3679335777626
 10
37.36698499317872
 20
249.44952251023193
 10
37.27543059345157
 20
249.5794466234652
 10
37.18153137789904
 20
249.69977830832195
 10
37.08528734652114
 20
249.81051756480218
 10
36.98669849931787
 20
249.91166439290586
 10
36.888429399727144
 20
249.99916865620736
 10
36.793144611186904
 20
250.06898021828104
 10
36.70084413369713
 20
250.12109907912688
 10
36.61152796725784
 20
250.15552523874487
 10
36.516562926330145
 20
250.17790757162345
 10
36.40731582537517
 20
250.19389495225101
 10
36.283786664392906
 20
250.20348738062756
 10
36.14597544338336
 20
250.20668485675307
 10
35.38199181446112
 20
250.20668485675307
 10
35.38199181446112
 20
248.0
 10
34.72032742155525
 20
248.0
 10
34.72032742155525
 20
253.0
 10
36.93383356070941
 20
253.0
 10
37.15147510231923
 20
252.99637619372442
 10
37.35078444747612
 20
252.98550477489766
 10
37.53176159618008
 20
252.96738574351977
 10
37.694406548431104
 20
252.9420190995907
 10
37.84319577080491
 20
252.9050349590723
 10
37.982605729877214
 20
252.85206343792632
 10
38.11263642564802
 20
252.7831045361528
 10
38.23328785811732
 20
252.6981582537517
 10
38.3425349590723
 20
252.59914307639835
 10
38.43835266030013
 20
252.48797748976807
 10
38.52074096180082
 20
252.36466149386084
 10
38.58969986357435
 20
252.22919508867668
 10
38.644163540245565
 20
252.0857349931787
 10
38.68306616643929
 20
251.93843792633015
 10
38.70640774215553
 20
251.78730388813096
 10
38.71418826739427
 20
251.63233287858117
 10
38.69180593451569
 20
251.3631053888131
 10
38.62465893587994
 20
251.12158935879944
 10
38.51274727148704
 20
250.90778478854025
 10
38.35607094133697
 20
250.72169167803548
 10
38.156548431105044
 20
250.56522851296043
 10
37.91609822646657
 20
250.44031377899046
 10
37.634720327421554
 20
250.3469474761255
 10
37.31241473396999
 20
250.2851296043656
 10
37.31241473396999
 20
250.27148703956343
 10
37.55925989085948
 20
250.131437585266
 10
37.79843110504775
 20
249.9329809004093
 10
38.029928376534784
 20
249.67611698499317
 10
38.253751705320596
 20
249.36084583901774
 10
39.1268758526603
 20
248.0
  0
LWPOLYLINE
  5
6C
330
17
100
AcDbEntity
  8
TEXT
100
AcDbPolyline
 90
24
 70
0
 10
35.38199181446112
 20
250.80013642564802
 10
36.80081855388813
 20
250.80013642564802
 10
37.00449778308322
 20
250.80471947476124
 10
37.18579467939973
 20
250.81846862210097
 10
37.34470924283765
 20
250.8413838676671
 10
37.481241473397
 20
250.87346521145975
 10
37.60029416780355
 20
250.9187627899045
 10
37.706770122783084
 20
250.981326739427
 10
37.8006693383356
 20
251.06115706002728
 10
37.88199181446112
 20
251.15825375170533
 10
37.947646657571624
 20
251.26718110504777
 10
37.994542974079124
 20
251.38250341064122
 10
38.02268076398363
 20
251.5042206684857
 10
38.03206002728513
 20
251.63233287858117
 10
38.01649897680764
 20
251.79646998635744
 10
37.969815825375164
 20
251.94781718963165
 10
37.89201057298772
 20
252.0863744884038
 10
37.78308321964529
 20
252.21214188267393
 10
37.63834413369713
 20
252.31659276944063
 10
37.45310368349249
 20
252.3912005457026
 10
37.22736186903138
 20
252.43596521145975
 10
36.961118690313775
 20
252.45088676671213
 10
35.38199181446112
 20
252.45088676671213
 10
35.38199181446112
 20
250.80013642564802
  0
LWPOLYLINE
  5
6D
330
17
100
AcDbEntity
  8
TEXT
100
AcDbPolyline
 90
9
 70
0
 10
43.87107776261937
 20
248.0
 10
43.12414733969986
 20
248.0
 10
42.537517053206
 20
249.52114597544337
 10
40.45020463847203
 20
249.52114597544337
 10
39.89768076398363
 20
248.0
 10
39.19849931787176
 20
248.0
 10
41.11869031377899
 20
253.0
 10
41.83151432469304
 20
253.0
 10
43.87107776261937
 20
248.0
  0
LWPOLYLINE
  5
6E
330
17
100
AcDbEntity
  8
TEXT
100
AcDbPolyline
 90
20
 70
0
 10
42.33628922237381
 20
250.0463847203274
 10
42.19117709754434
 20
250.43032166609822
 10
42.062798431105044
 20
250.77039989768076
 10
41.95115322305593
 20
251.06661941507502
 10
41.856241473397
 20
251.31898021828104
 10
41.778063182128236
 20
251.52748230729878
 10
41.71661834924966
 20
251.69212568212825
 10
41.67190697476125
 20
251.81291034276944
 10
41.643929058663026
 20
251.8898362892224
 10
41.60364085948158
 20
252.00910214870396
 10
41.5612210095498
 20
252.1469133697135
 10
41.516669508867665
 20
252.30326995225101
 10
41.4699863574352
 20
252.4781718963165
 10
41.45293315143247
 20
252.4781718963165
 10
41.40113403819918
 20
252.23047407912688
 10
41.34123465211459
 20
251.99215552523873
 10
41.27323499317872
 20
251.7632162346521
 10
41.19713506139154
 20
251.54365620736698
 10
40.63778990450204
 20
250.0463847203274
 10
42.33628922237381
 20
250.0463847203274
  0
LWPOLYLINE
  5
6F
330
17
100
AcDbEntity
  8
TEXT
100
AcDbPolyline
 90
91
 70
0
 10
48.63574351978172
 20
249.58594815825376
 10
48.5062457366985
 20
249.19148618690315
 10
48.33603342428377
 20
248.8505286493861
 10
48.12510658253752
 20
248.5630755457026
 10
47.87346521145975
 20
248.32912687585267
 10
47.58793059345157
 20
248.14782997953614
 10
47.27532401091405
 20
248.01833219645292
 10
46.9356454638472
 20
247.940633526603
 10
46.56889495225102
 20
247.91473396998634
 10
46.2723556872442
 20
247.9267511510914
 10
45.99665330832196
 20
247.96280269440655
 10
45.74178781548431
 20
248.02288859993178
 10
45.507759208731244
 20
248.1070088676671
 10
45.294567488062754
 20
248.21516349761254
 10
45.10221265347885
 20
248.34735248976807
 10
44.93069470497954
 20
248.5035758441337
 10
44.7800136425648
 20
248.68383356070942
 10
44.64851743690314
 20
248.88098460948157
 10
44.534554058663026
 20
249.08788796043655
 10
44.43812350784447
 20
249.30454361357434
 10
44.359225784447474
 20
249.53095156889495
 10
44.29786088847203
 20
249.76711182639835
 10
44.25402881991814
 20
250.01302438608457
 10
44.22772957878581
 20
250.2686892479536
 10
44.21896316507503
 20
250.53410641200546
 10
44.22927502557981
 20
250.82526325886766
 10
44.26021060709413
 20
251.10016626875853
 10
44.31176990961801
 20
251.35881544167805
 10
44.383952933151434
 20
251.6012107776262
 10
44.4767596776944
 20
251.82735227660302
 10
44.59019014324693
 20
252.03723993860848
 10
44.724244329809004
 20
252.23087376364256
 10
44.87892223738063
 20
252.40825375170533
 10
45.04980069065484
 20
252.56692850443383
 10
45.232456514324696
 20
252.70444662346523
 10
45.42688970839018
 20
252.82080810879947
 10
45.633100272851294
 20
252.91601296043657
 10
45.851088207708045
 20
252.99006117837655
 10
46.08085351296043
 20
253.0429527626194
 10
46.32239618860846
 20
253.07468771316508
 10
46.57571623465211
 20
253.08526603001366
 10
46.92743860845839
 20
253.06203103683492
 10
47.25272851296044
 20
252.99232605729878
 10
47.551585948158255
 20
252.87615109140518
 10
47.82401091405184
 20
252.71350613915416
 10
48.06382162346521
 20
252.50609652114596
 10
48.26483628922237
 20
252.2556275579809
 10
48.42705491132333
 20
251.96209924965893
 10
48.55047748976808
 20
251.62551159618008
 10
47.90245566166439
 20
251.47203274215553
 10
47.80994201909959
 20
251.71674624829467
 10
47.69611186903138
 20
251.92905866302866
 10
47.56096521145975
 20
252.10896998635744
 10
47.40450204638472
 20
252.25648021828104
 10
47.226935538881314
 20
252.37137619372442
 10
47.028478854024556
 20
252.45344474761254
 10
46.80913199181446
 20
252.50268587994543
 10
46.56889495225102
 20
252.51909959072304
 10
46.37043826739427
 20
252.51070621589358
 10
46.18434515688949
 20
252.48552609140518
 10
46.0106156207367
 20
252.44355921725784
 10
45.84924965893588
 20
252.38480559345157
 10
45.70024727148704
 20
252.30926521998634
 10
45.56360845839018
 20
252.2169380968622
 10
45.43933321964529
 20
252.1078242240791
 10
45.327421555252386
 20
251.9819236016371
 10
45.14239427012278
 20
251.69042036152797
 10
45.01023192360164
 20
251.3530866302865
 10
44.930934515688946
 20
250.9699224079127
 10
44.90450204638472
 20
250.54092769440655
 10
44.91145655695771
 20
250.2883803717599
 10
44.93232008867667
 20
250.0525665075034
 10
44.96709264154161
 20
249.8334861016371
 10
45.015774215552526
 20
249.631139154161
 10
45.07836481070941
 20
249.44552566507502
 10
45.15486442701228
 20
249.27664563437926
 10
45.24527306446112
 20
249.12449906207365
 10
45.34959072305593
 20
248.98908594815825
 10
45.58908168485675
 20
248.7667547748977
 10
45.862465893587995
 20
248.6079467939973
 10
46.16974334924966
 20
248.51266200545703
 10
46.510914051841745
 20
248.48090040927696
 10
46.79048004774898
 20
248.50072476125513
 10
47.04254774897681
 20
248.56019781718965
 10
47.26711715552524
 20
248.65931957708048
 10
47.46418826739427
 20
248.7980900409277
 10
47.6337610845839
 20
248.97672237380627
 10
47.77583560709413
 20
249.19542974079127
 10
47.89041183492496
 20
249.45421214188266
 10
47.977489768076396
 20
249.75306957708048
 10
48.63574351978172
 20
249.58594815825376
  0
LWPOLYLINE
  5
70
330
17
100
AcDbEntity
  8
TEXT
100
AcDbPolyline
 90
13
 70
0
 10
53.55388813096862
 20
248.0
 10
52.68076398362892
 20
248.0
 10
50.90723055934516
 20
250.52728512960437
 10
50.081855388813096
 20
249.7326057298772
 10
50.081855388813096
 20
248.0
 10
49.42019099590723
 20
248.0
 10
49.42019099590723
 20
253.0
 10
50.081855388813096
 20
253.0
 10
50.081855388813096
 20
250.52046384720327
 10
52.568212824010914
 20
253.0
 10
53.46180081855389
 20
253.0
 10
51.367667121418826
 20
250.97407912687586
 10
53.55388813096862
 20
248.0
  0
LWPOLYLINE
  5
71
330
17
100
AcDbEntity
  8
TEXT
100
AcDbPolyline
 90
13
 70
0
 10
57.85470668485675
 20
248.0
 10
54.12005457025921
 20
248.0
 10
54.12005457025921
 20
253.0
 10
57.7387448840382
 20
253.0
 10
57.7387448840382
 20
252.40654843110505
 10
54.781718963165076
 20
252.40654843110505
 10
54.781718963165076
 20
250.87858117326059
 10
57.54774897680764
 20
250.87858117326059
 10
57.54774897680764
 20
250.2851296043656
 10
54.781718963165076
 20
250.2851296043656
 10
54.781718963165076
 20
248.59345156889495
 10
57.85470668485675
 20
248.59345156889495
 10
57.85470668485675
 20
248.0
  0
LWPOLYLINE
  5
72
330
17
100
AcDbEntity
  8
TEXT
100
AcDbPolyline
 90
9
 70
0
 10
62.33969986357435
 20
252.40654843110505
 10
60.68553888130969
 20
252.40654843110505
 10
60.68553888130969
 20
248.0
 10
60.020463847203274
 20
248.0
 10
60.020463847203274
 20
252.40654843110505
 10
58.37994542974079
 20
252.40654843110505
 10
58.37994542974079
 20
253.0
 10
62.33969986357435
 20
253.0
 10
62.33969986357435
 20
252.40654843110505
  0
LWPOLYLINE
  5
74
330
17
100
AcDbEntity
  8
TEXT
100
AcDbPolyline
 90
25
 70
0
 10
5.286493860845839
 20
239.0
 10
4.65893587994543
 20
239.0
 10
4.65893587994543
 20
243.18485675306957
 10
4.645293315143247
 20
243.18485675306957
 10
3.2060027285129604
 20
239.0
 10
2.6125511596180084
 20
239.0
 10
1.180081855388813
 20
243.25306957708048
 10
1.159618008185539
 20
243.25306957708048
 10
1.159618008185539
 20
239.0
 10
0.5320600272851296
 20
239.0
 10
0.5320600272851296
 20
244.0
 10
1.5211459754433834
 20
244.0
 10
2.7046384720327423
 20
240.45975443383355
 10
2.7931019781718964
 20
240.19223226466576
 10
2.860675306957708
 20
239.97970668485675
 10
2.9073584583901773
 20
239.82217769440655
 10
2.9331514324693044
 20
239.71964529331515
 10
2.946793997271487
 20
239.71964529331515
 10
2.997953615279673
 20
239.87845327421556
 10
3.059345156889495
 20
240.0649727148704
 10
3.130968622100955
 20
240.27920361527967
 10
3.212824010914052
 20
240.52114597544337
 10
4.406548431105048
 20
244.0
 10
5.286493860845839
 20
244.0
 10
5.286493860845839
 20
239.0
  0
LWPOLYLINE
  5
75
330
17
100
AcDbEntity
  8
TEXT
100
AcDbPolyline
 90
9
 70
0
 10
10.48431105047749
 20
239.0
 10
9.73738062755798
 20
239.0
 10
9.15075034106412
 20
240.52114597544337
 10
7.06343792633015
 20
240.52114597544337
 10
6.5109140518417465
 20
239.0
 10
5.811732605729877
 20
239.0
 10
7.731923601637107
 20
244.0
 10
8.44474761255116
 20
244.0
 10
10.48431105047749
 20
239.0
  0
LWPOLYLINE
  5
76
330
17
100
AcDbEntity
  8
TEXT
100
AcDbPolyline
 90
20
 70
0
 10
8.949522510231922
 20
241.0463847203274
 10
8.804410385402454
 20
241.43032166609822
 10
8.676031718963165
 20
241.77039989768076
 10
8.564386510914051
 20
242.06661941507502
 10
8.469474761255114
 20
242.31898021828104
 10
8.391296469986356
 20
242.52748230729878
 10
8.329851637107776
 20
242.69212568212825
 10
8.285140262619372
 20
242.81291034276944
 10
8.257162346521145
 20
242.8898362892224
 10
8.216874147339698
 20
243.00910214870396
 10
8.174454297407912
 20
243.1469133697135
 10
8.129902796725784
 20
243.30326995225101
 10
8.083219645293315
 20
243.4781718963165
 10
8.066166439290587
 20
243.4781718963165
 10
8.014367326057299
 20
243.23047407912688
 10
7.954467939972715
 20
242.99215552523873
 10
7.886468281036835
 20
242.7632162346521
 10
7.810368349249659
 20
242.54365620736698
 10
7.251023192360163
 20
241.0463847203274
 10
8.949522510231922
 20
241.0463847203274
  0
LWPOLYLINE
  5
77
330
17
100
AcDbEntity
  8
TEXT
100
AcDbPolyline
 90
9
 70
0
 10
14.590723055934516
 20
243.40654843110505
 10
12.936562073669851
 20
243.40654843110505
 10
12.936562073669851
 20
239.0
 10
12.27148703956344
 20
239.0
 10
12.27148703956344
 20
243.40654843110505
 10
10.630968622100955
 20
243.40654843110505
 10
10.630968622100955
 20
244.0
 10
14.590723055934516
 20
244.0
 10
14.590723055934516
 20
243.40654843110505
  0
LWPOLYLINE
  5
78
330
17
100
AcDbEntity
  8
TEXT
100
AcDbPolyline
 90
13
 70
0
 10
19.031377899045022
 20
239.0
 10
15.296725784447478
 20
239.0
 10
15.296725784447478
 20
244.0
 10
18.91541609822647
 20
244.0
 10
18.91541609822647
 20
243.40654843110505
 10
15.958390177353344
 20
243.40654843110505
 10
15.958390177353344
 20
241.87858117326059
 10
18.724420190995907
 20
241.87858117326059
 10
18.724420190995907
 20
241.2851296043656
 10
15.958390177353344
 20
241.2851296043656
 10
15.958390177353344
 20
239.59345156889495
 10
19.031377899045022
 20
239.59345156889495
 10
19.031377899045022
 20
239.0
  0
LWPOLYLINE
  5
79
330
17
100
AcDbEntity
  8
TEXT
100
AcDbPolyline
 90
57
 70
0
 10
24.36903137789905
 20
239.0
 10
23.5368349249659
 20
239.0
 10
23.358948669849937
 20
239.28079169508868
 10
23.198755115961806
 20
239.5331258526603
 10
23.056254263301504
 20
239.75700247271487
 10
22.931446111869036
 20
239.95242155525239
 10
22.824330661664398
 20
240.11938310027284
 10
22.73490791268759
 20
240.25788710777627
 10
22.66317786493861
 20
240.3679335777626
 10
22.609140518417465
 20
240.44952251023193
 10
22.517586118690318
 20
240.5794466234652
 10
22.423686903137792
 20
240.69977830832195
 10
22.327442871759892
 20
240.81051756480218
 10
22.228854024556618
 20
240.91166439290586
 10
22.130584924965895
 20
240.99916865620736
 10
22.03530013642565
 20
241.06898021828104
 10
21.942999658935882
 20
241.12109907912688
 10
21.853683492496593
 20
241.15552523874487
 10
21.7587184515689
 20
241.17790757162345
 10
21.64947135061392
 20
241.19389495225101
 10
21.525942189631653
 20
241.20348738062756
 10
21.388130968622104
 20
241.20668485675307
 10
20.624147339699867
 20
241.20668485675307
 10
20.624147339699867
 20
239.0
 10
19.962482946794
 20
239.0
 10
19.962482946794
 20
244.0
 10
22.17598908594816
 20
244.0
 10
22.393630627557982
 20
243.99637619372442
 10
22.592939972714873
 20
243.98550477489766
 10
22.77391712141883
 20
243.96738574351977
 10
22.936562073669855
 20
243.9420190995907
 10
23.08535129604366
 20
243.9050349590723
 10
23.224761255115965
 20
243.85206343792632
 10
23.35479195088677
 20
243.7831045361528
 10
23.475443383356073
 20
243.6981582537517
 10
23.584690484311054
 20
243.59914307639835
 10
23.680508185538883
 20
243.48797748976807
 10
23.762896487039566
 20
243.36466149386084
 10
23.8318553888131
 20
243.22919508867668
 10
23.886319065484315
 20
243.0857349931787
 10
23.92522169167804
 20
242.93843792633015
 10
23.948563267394274
 20
242.78730388813096
 10
23.956343792633017
 20
242.63233287858117
 10
23.933961459754435
 20
242.3631053888131
 10
23.866814461118693
 20
242.12158935879944
 10
23.754902796725787
 20
241.90778478854025
 10
23.59822646657572
 20
241.72169167803548
 10
23.398703956343795
 20
241.56522851296043
 10
23.158253751705324
 20
241.44031377899046
 10
22.876875852660305
 20
241.3469474761255
 10
22.554570259208734
 20
241.2851296043656
 10
22.554570259208734
 20
241.27148703956343
 10
22.80141541609823
 20
241.131437585266
 10
23.040586630286498
 20
240.9329809004093
 10
23.272083901773534
 20
240.67611698499317
 10
23.495907230559347
 20
240.36084583901774
 10
24.36903137789905
 20
239.0
  0
LWPOLYLINE
  5
7A
330
17
100
AcDbEntity
  8
TEXT
100
AcDbPolyline
 90
24
 70
0
 10
20.624147339699867
 20
241.80013642564802
 10
22.04297407912688
 20
241.80013642564802
 10
22.246653308321967
 20
241.80471947476124
 10
22.427950204638474
 20
241.81846862210097
 10
22.586864768076403
 20
241.8413838676671
 10
22.723396998635746
 20
241.87346521145975
 10
22.842449693042294
 20
241.9187627899045
 10
22.94892564802183
 20
241.981326739427
 10
23.042824863574356
 20
242.06115706002728
 10
23.124147339699867
 20
242.15825375170533
 10
23.18980218281037
 20
242.26718110504777
 10
23.236698499317875
 20
242.38250341064122
 10
23.264836289222377
 20
242.5042206684857
 10
23.274215552523877
 20
242.63233287858117
 10
23.258654502046387
 20
242.79646998635744
 10
23.21197135061392
 20
242.94781718963165
 10
23.13416609822647
 20
243.0863744884038
 10
23.025238744884042
 20
243.21214188267393
 10
22.880499658935882
 20
243.31659276944063
 10
22.695259208731244
 20
243.3912005457026
 10
22.469517394270124
 20
243.43596521145975
 10
22.203274215552526
 20
243.45088676671213
 10
20.624147339699867
 20
243.45088676671213
 10
20.624147339699867
 20
241.80013642564802
  0
LWPOLYLINE
  5
7B
330
17
100
AcDbEntity
  8
TEXT
100
AcDbPolyline
 90
5
 70
0
 10
25.753751705320603
 20
239.0
 10
25.08867667121419
 20
239.0
 10
25.08867667121419
 20
244.0
 10
25.753751705320603
 20
244.0
 10
25.753751705320603
 20
239.0
  0
LWPOLYLINE
  5
7C
330
17
100
AcDbEntity
  8
TEXT
100
AcDbPolyline
 90
9
 70
0
 10
31.053888130968623
 20
239.0
 10
30.306957708049115
 20
239.0
 10
29.720327421555254
 20
240.52114597544337
 10
27.633015006821285
 20
240.52114597544337
 10
27.08049113233288
 20
239.0
 10
26.381309686221012
 20
239.0
 10
28.301500682128243
 20
244.0
 10
29.014324693042294
 20
244.0
 10
31.053888130968623
 20
239.0
  0
LWPOLYLINE
  5
7D
330
17
100
AcDbEntity
  8
TEXT
100
AcDbPolyline
 90
20
 70
0
 10
29.51909959072306
 20
241.0463847203274
 10
29.37398746589359
 20
241.43032166609822
 10
29.2456087994543
 20
241.77039989768076
 10
29.133963591405188
 20
242.06661941507502
 10
29.03905184174625
 20
242.31898021828104
 10
28.960873550477494
 20
242.52748230729878
 10
28.899428717598912
 20
242.69212568212825
 10
28.854717343110508
 20
242.81291034276944
 10
28.82673942701228
 20
242.8898362892224
 10
28.786451227830835
 20
243.00910214870396
 10
28.74403137789905
 20
243.1469133697135
 10
28.69947987721692
 20
243.30326995225101
 10
28.65279672578445
 20
243.4781718963165
 10
28.635743519781723
 20
243.4781718963165
 10
28.583944406548433
 20
243.23047407912688
 10
28.52404502046385
 20
242.99215552523873
 10
28.45604536152797
 20
242.7632162346521
 10
28.379945429740793
 20
242.54365620736698
 10
27.820600272851298
 20
241.0463847203274
 10
29.51909959072306
 20
241.0463847203274
  0
LWPOLYLINE
  5
7E
330
17
100
AcDbEntity
  8
TEXT
100
AcDbPolyline
 90
7
 70
0
 10
34.69986357435198
 20
239.0
 10
31.57230559345157
 20
239.0
 10
31.57230559345157
 20
244.0
 10
32.23396998635744
 20
244.0
 10
32.23396998635744
 20
239.59345156889495
 10
34.69986357435198
 20
239.59345156889495
 10
34.69986357435198
 20
239.0
  0
LWPOLYLINE
  5
7F
330
17
100
AcDbEntity
  8
TEXT
100
AcDbPolyline
 90
5
 70
0
 10
36.258526603001364
 20
241.91950886766713
 10
35.55934515688949
 20
241.91950886766713
 10
35.55934515688949
 20
242.61869031377898
 10
36.258526603001364
 20
242.61869031377898
 10
36.258526603001364
 20
241.91950886766713
  0
LWPOLYLINE
  5
80
330
17
100
AcDbEntity
  8
TEXT
100
AcDbPolyline
 90
5
 70
0
 10
36.258526603001364
 20
239.0
 10
35.55934515688949
 20
239.0
 10
35.55934515688949
 20
239.69918144611188
 10
36.258526603001364
 20
239.69918144611188
 10
36.258526603001364
 20
239.0
  0
LWPOLYLINE
  5
81
330
17
100
AcDbEntity
  8
TEXT
100
AcDbPolyline
 90
9
 70
0
 10
43.478854024556625
 20
239.0
 10
42.731923601637114
 20
239.0
 10
42.145293315143256
 20
240.52114597544337
 10
40.057980900409284
 20
240.52114597544337
 10
39.50545702592088
 20
239.0
 10
38.80627557980901
 20
239.0
 10
40.726466575716245
 20
244.0
 10
41.43929058663029
 20
244.0
 10
43.478854024556625
 20
239.0
  0
LWPOLYLINE
  5
82
330
17
100
AcDbEntity
  8
TEXT
100
AcDbPolyline
 90
20
 70
0
 10
41.944065484311054
 20
241.0463847203274
 10
41.79895335948159
 20
241.43032166609822
 10
41.6705746930423
 20
241.77039989768076
 10
41.558929484993186
 20
242.06661941507502
 10
41.46401773533425
 20
242.31898021828104
 10
41.38583944406549
 20
242.52748230729878
 10
41.32439461118691
 20
242.69212568212825
 10
41.2796832366985
 20
242.81291034276944
 10
41.25170532060028
 20
242.8898362892224
 10
41.21141712141883
 20
243.00910214870396
 10
41.168997271487044
 20
243.1469133697135
 10
41.12444577080492
 20
243.30326995225101
 10
41.07776261937245
 20
243.4781718963165
 10
41.06070941336972
 20
243.4781718963165
 10
41.008910300136435
 20
243.23047407912688
 10
40.949010914051854
 20
242.99215552523873
 10
40.88101125511597
 20
242.7632162346521
 10
40.804911323328795
 20
242.54365620736698
 10
40.245566166439296
 20
241.0463847203274
 10
41.944065484311054
 20
241.0463847203274
  0
LWPOLYLINE
  5
83
330
17
100
AcDbEntity
  8
TEXT
100
AcDbPolyline
 90
5
 70
0
 10
44.55320600272852
 20
239.0
 10
43.93929058663029
 20
239.0
 10
43.93929058663029
 20
244.0
 10
44.55320600272852
 20
244.0
 10
44.55320600272852
 20
239.0
  0
LWPOLYLINE
  5
84
330
17
100
AcDbEntity
  8
TEXT
100
AcDbPolyline
 90
50
 70
0
 10
48.424283765347894
 20
239.0
 10
47.87517053206003
 20
239.0
 10
47.87517053206003
 20
239.53206002728513
 10
47.858117326057304
 20
239.53206002728513
 10
47.74934984652115
 20
239.38737423260574
 10
47.631096521145984
 20
239.2619798772169
 10
47.5033573499318
 20
239.15587696111868
 10
47.366132332878585
 20
239.06906548431104
 10
47.219421469986365
 20
239.00154544679398
 10
47.06322476125512
 20
238.9533168485675
 10
46.89754220668486
 20
238.92437968963165
 10
46.722373806275584
 20
238.91473396998634
 10
46.536600443383364
 20
238.9257119713506
 10
46.357861527967266
 20
238.95864597544337
 10
46.18615706002729
 20
239.01353598226467
 10
46.021487039563446
 20
239.09038199181447
 10
45.87376364256481
 20
239.18651944065485
 10
45.75289904502047
 20
239.2992837653479
 10
45.65889324693043
 20
239.42867496589358
 10
45.59174624829468
 20
239.57469304229195
 10
45.544743349249664
 20
239.74042888813096
 10
45.51116984993179
 20
239.92897339699863
 10
45.491025750341066
 20
240.14032656889495
 10
45.484311050477494
 20
240.37448840381992
 10
45.484311050477494
 20
242.61869031377898
 10
46.098226466575724
 20
242.61869031377898
 10
46.098226466575724
 20
240.61323328785812
 10
46.10110419508869
 20
240.3898362892224
 10
46.109737380627564
 20
240.20054570259208
 10
46.12412602319237
 20
240.04536152796726
 10
46.14427012278309
 20
239.9242837653479
 10
46.176564631650756
 20
239.82484225784447
 10
46.22740450204639
 20
239.73456684856754
 10
46.296789733969995
 20
239.65345753751706
 10
46.38472032742156
 20
239.58151432469305
 10
46.48661323328786
 20
239.52257418144612
 10
46.59788540245567
 20
239.48047407912688
 10
46.71853683492497
 20
239.45521401773536
 10
46.848567530695775
 20
239.4467939972715
 10
47.0199522510232
 20
239.4618221350614
 10
47.186221009549804
 20
239.50690654843112
 10
47.347373806275584
 20
239.58204723738064
 10
47.50341064120055
 20
239.68724420190995
 10
47.63770463847204
 20
239.83976381309685
 10
47.733628922237386
 20
240.05687244201908
 10
47.79118349249659
 20
240.33857008867668
 10
47.810368349249664
 20
240.68485675306957
 10
47.810368349249664
 20
242.61869031377898
 10
48.424283765347894
 20
242.61869031377898
 10
48.424283765347894
 20
239.0
  0
LWPOLYLINE
  5
85
330
17
100
AcDbEntity
  8
TEXT
100
AcDbPolyline
 90
81
 70
0
 10
54.28035470668486
 20
239.0
 10
53.66643929058664
 20
239.0
 10
53.66643929058664
 20
241.2851296043656
 10
53.664307639836295
 20
241.4067402796726
 10
53.657912687585274
 20
241.51918485675307
 10
53.64725443383357
 20
241.6224633356071
 10
53.63233287858118
 20
241.71657571623464
 10
53.60856497271488
 20
241.80354706684855
 10
53.57136766712143
 20
241.88540245566168
 10
53.520740961800826
 20
241.96214188267393
 10
53.45668485675308
 20
242.0337653478854
 10
53.376001875852666
 20
242.0941976466576
 10
53.27549454297409
 20
242.13736357435198
 10
53.155162858117336
 20
242.16326313096863
 10
53.015006821282405
 20
242.1718963165075
 10
52.840424624829474
 20
242.156122100955
 10
52.678206002728516
 20
242.1087994542974
 10
52.528350954979544
 20
242.0299283765348
 10
52.390859481582545
 20
241.91950886766713
 10
52.27596350613916
 20
241.7737039563438
 10
52.19389495225103
 20
241.5886766712142
 10
52.144653819918155
 20
241.3644270122783
 10
52.12824010914053
 20
241.10095497953614
 10
52.12824010914053
 20
239.0
 10
51.5143246930423
 20
239.0
 10
51.5143246930423
 20
241.35334242837652
 10
51.50398618690314
 20
241.57013130968622
 10
51.47297066848568
 20
241.74982946793997
 10
51.42127813778991
 20
241.8924369031378
 10
51.34890859481583
 20
241.99795361527967
 10
51.25756736016372
 20
242.07405354706685
 10
51.14895975443384
 20
242.12841064120056
 10
51.0230857776262
 20
242.16102489768076
 10
50.8799454297408
 20
242.1718963165075
 10
50.690974590723066
 20
242.15484311050477
 10
50.51969645293316
 20
242.1036834924966
 10
50.366111016371086
 20
242.01841746248294
 10
50.23021828103684
 20
241.89904502046386
 10
50.119052694406555
 20
241.73298942701228
 10
50.03964870395635
 20
241.50767394270125
 10
49.992006309686225
 20
241.2230985675307
 10
49.97612551159619
 20
240.87926330150069
 10
49.97612551159619
 20
239.0
 10
49.36221009549796
 20
239.0
 10
49.36221009549796
 20
242.61869031377898
 10
49.914733969986365
 20
242.61869031377898
 10
49.914733969986365
 20
242.11391541609822
 10
49.92837653478855
 20
242.11391541609822
 10
50.025846265347894
 20
242.25140688949523
 10
50.13408083219646
 20
242.3705661664393
 10
50.25308023533425
 20
242.4713932469304
 10
50.382844474761264
 20
242.55388813096863
 10
50.523373550477494
 20
242.61805081855388
 10
50.67466746248295
 20
242.66388130968622
 10
50.836726210777634
 20
242.6913796043656
 10
51.009549795361536
 20
242.70054570259208
 10
51.200225954979544
 20
242.690633526603
 10
51.37320941336972
 20
242.66089699863574
 10
51.52850017053206
 20
242.6113361186903
 10
51.66609822646658
 20
242.5419508867667
 10
51.78600358117326
 20
242.45274130286492
 10
51.88821623465212
 20
242.343707366985
 10
51.97273618690314
 20
242.21484907912688
 10
52.03956343792633
 20
242.06616643929058
 10
52.14502685879946
 20
242.21484907912688
 10
52.26018929058664
 20
242.343707366985
 10
52.38505073328786
 20
242.45274130286492
 10
52.51961118690314
 20
242.5419508867667
 10
52.663870651432475
 20
242.6113361186903
 10
52.81782912687586
 20
242.66089699863574
 10
52.981486613233294
 20
242.690633526603
 10
53.15484311050478
 20
242.70054570259208
 10
53.41863489085949
 20
242.68157401091403
 10
53.64725443383357
 20
242.62465893587995
 10
53.84070173942702
 20
242.52980047748977
 10
53.99897680763984
 20
242.39699863574353
 10
54.12207963847204
 20
242.2262534106412
 10
54.210010231923604
 20
242.01756480218282
 10
54.26276858799455
 20
241.77093281036835
 10
54.28035470668486
 20
241.48635743519782
 10
54.28035470668486
 20
239.0
  0
LWPOLYLINE
  5
86
330
17
100
AcDbEntity
  8
TEXT
100
AcDbPolyline
 90
5
 70
0
 10
55.80832196452934
 20
239.0
 10
55.19440654843111
 20
239.0
 10
55.19440654843111
 20
242.61869031377898
 10
55.80832196452934
 20
242.61869031377898
 10
55.80832196452934
 20
239.0
  0
LWPOLYLINE
  5
87
330
17
100
AcDbEntity
  8
TEXT
100
AcDbPolyline
 90
5
 70
0
 10
55.80832196452934
 20
243.30422919508868
 10
55.19440654843111
 20
243.30422919508868
 10
55.19440654843111
 20
244.0
 10
55.80832196452934
 20
244.0
 10
55.80832196452934
 20
243.30422919508868
  0
LWPOLYLINE
  5
88
330
17
100
AcDbEntity
  8
TEXT
100
AcDbPolyline
 90
54
 70
0
 10
59.70327421555253
 20
239.0
 10
59.08594815825376
 20
239.0
 10
59.08594815825376
 20
241.19986357435198
 10
59.073478001364265
 20
241.45608799454297
 10
59.036067530695775
 20
241.668826739427
 10
58.9737167462483
 20
241.83807980900409
 10
58.886425648021834
 20
241.9638472032742
 10
58.77696538199182
 20
242.05486869031378
 10
58.64810709413371
 20
242.1198840381992
 10
58.49985078444748
 20
242.15889324693043
 10
58.33219645293316
 20
242.1718963165075
 10
58.19758270804912
 20
242.1635828785812
 10
58.06659276944066
 20
242.13864256480218
 10
57.93922663710778
 20
242.09707537517053
 10
57.81548431105048
 20
242.03888130968622
 10
57.70240023874489
 20
241.9655525238745
 10
57.607008867667126
 20
241.87858117326059
 10
57.529310197817196
 20
241.77796725784447
 10
57.469304229195096
 20
241.6637107776262
 10
57.42453956343793
 20
241.5300562755798
 10
57.39256480218282
 20
241.3712482946794
 10
57.37337994542975
 20
241.18728683492495
 10
57.366984993178725
 20
240.9781718963165
 10
57.366984993178725
 20
239.0
 10
56.753069577080495
 20
239.0
 10
56.753069577080495
 20
242.61869031377898
 10
57.3055934515689
 20
242.61869031377898
 10
57.3055934515689
 20
242.10709413369713
 10
57.319236016371086
 20
242.10709413369713
 10
57.42208816507504
 20
242.2461843451569
 10
57.53623806275581
 20
242.36672919508868
 10
57.661685709413376
 20
242.4687286834925
 10
57.798431105047754
 20
242.55218281036835
 10
57.94647424965894
 20
242.61709157571624
 10
58.105815143246936
 20
242.66345497953614
 10
58.27645378581174
 20
242.6912730218281
 10
58.45839017735335
 20
242.70054570259208
 10
58.6012107776262
 20
242.69415075034107
 10
58.743178717598916
 20
242.674965893588
 10
58.88429399727149
 20
242.64299113233287
 10
59.024556616643935
 20
242.5982264665757
 10
59.156825545702596
 20
242.5406718963165
 10
59.27395975443384
 20
242.47032742155525
 10
59.37595924283766
 20
242.38719304229195
 10
59.46282401091406
 20
242.2912687585266
 10
59.53476722373807
 20
242.18724420190995
 10
59.59200204638473
 20
242.07980900409277
 10
59.63452847885404
 20
241.96896316507502
 10
59.662346521145984
 20
241.85470668485675
 10
59.680252387448846
 20
241.72851296043655
 10
59.693042291950896
 20
241.5818553888131
 10
59.70071623465212
 20
241.41473396998634
 10
59.70327421555253
 20
241.22714870395635
 10
59.70327421555253
 20
239.0
  0
LWPOLYLINE
  5
89
330
17
100
AcDbEntity
  8
TEXT
100
AcDbPolyline
 90
5
 70
0
 10
61.24488403819919
 20
239.0
 10
60.63096862210096
 20
239.0
 10
60.63096862210096
 20
242.61869031377898
 10
61.24488403819919
 20
242.61869031377898
 10
61.24488403819919
 20
239.0
  0
LWPOLYLINE
  5
8A
330
17
100
AcDbEntity
  8
TEXT
100
AcDbPolyline
 90
5
 70
0
 10
61.24488403819919
 20
243.30422919508868
 10
60.63096862210096
 20
243.30422919508868
 10
60.63096862210096
 20
244.0
 10
61.24488403819919
 20
244.0
 10
61.24488403819919
 20
243.30422919508868
  0
LWPOLYLINE
  5
8B
330
17
100
AcDbEntity
  8
TEXT
100
AcDbPolyline
 90
50
 70
0
 10
65.11596180081855
 20
239.0
 10
64.5668485675307
 20
239.0
 10
64.5668485675307
 20
239.53206002728513
 10
64.54979536152797
 20
239.53206002728513
 10
64.44102788199181
 20
239.38737423260574
 10
64.32277455661665
 20
239.2619798772169
 10
64.19503538540246
 20
239.15587696111868
 10
64.05781036834925
 20
239.06906548431104
 10
63.91109950545703
 20
239.00154544679398
 10
63.75490279672579
 20
238.9533168485675
 10
63.58922024215553
 20
238.92437968963165
 10
63.41405184174625
 20
238.91473396998634
 10
63.22827847885403
 20
238.9257119713506
 10
63.04953956343793
 20
238.95864597544337
 10
62.87783509549796
 20
239.01353598226467
 10
62.71316507503411
 20
239.09038199181447
 10
62.56544167803548
 20
239.18651944065485
 10
62.444577080491136
 20
239.2992837653479
 10
62.3505712824011
 20
239.42867496589358
 10
62.28342428376535
 20
239.57469304229195
 10
62.23642138472033
 20
239.74042888813096
 10
62.202847885402456
 20
239.92897339699863
 10
62.18270378581173
 20
240.14032656889495
 10
62.17598908594816
 20
240.37448840381992
 10
62.17598908594816
 20
242.61869031377898
 10
62.78990450204639
 20
242.61869031377898
 10
62.78990450204639
 20
240.61323328785812
 10
62.792782230559354
 20
240.3898362892224
 10
62.80141541609823
 20
240.20054570259208
 10
62.81580405866303
 20
240.04536152796726
 10
62.83594815825376
 20
239.9242837653479
 10
62.86824266712142
 20
239.82484225784447
 10
62.919082537517056
 20
239.73456684856754
 10
62.98846776944066
 20
239.65345753751706
 10
63.07639836289223
 20
239.58151432469305
 10
63.17829126875853
 20
239.52257418144612
 10
63.28956343792633
 20
239.48047407912688
 10
63.410214870395635
 20
239.45521401773536
 10
63.54024556616644
 20
239.4467939972715
 10
63.711630286493865
 20
239.4618221350614
 10
63.87789904502047
 20
239.50690654843112
 10
64.03905184174626
 20
239.58204723738064
 10
64.19508867667122
 20
239.68724420190995
 10
64.3293826739427
 20
239.83976381309685
 10
64.42530695770805
 20
240.05687244201908
 10
64.48286152796726
 20
240.33857008867668
 10
64.50204638472033
 20
240.68485675306957
 10
64.50204638472033
 20
242.61869031377898
 10
65.11596180081855
 20
242.61869031377898
 10
65.11596180081855
 20
239.0
  0
LWPOLYLINE
  5
8C
330
17
100
AcDbEntity
  8
TEXT
100
AcDbPolyline
 90
81
 70
0
 10
70.97203274215553
 20
239.0
 10
70.35811732605731
 20
239.0
 10
70.35811732605731
 20
241.2851296043656
 10
70.35598567530697
 20
241.4067402796726
 10
70.34959072305594
 20
241.51918485675307
 10
70.33893246930424
 20
241.6224633356071
 10
70.32401091405185
 20
241.71657571623464
 10
70.30024300818555
 20
241.80354706684855
 10
70.2630457025921
 20
241.88540245566168
 10
70.2124189972715
 20
241.96214188267393
 10
70.14836289222374
 20
242.0337653478854
 10
70.06767991132334
 20
242.0941976466576
 10
69.96717257844476
 20
242.13736357435198
 10
69.84684089358801
 20
242.16326313096863
 10
69.70668485675309
 20
242.1718963165075
 10
69.53210266030015
 20
242.156122100955
 10
69.36988403819919
 20
242.1087994542974
 10
69.2200289904502
 20
242.0299283765348
 10
69.08253751705321
 20
241.91950886766713
 10
68.96764154160982
 20
241.7737039563438
 10
68.8855729877217
 20
241.5886766712142
 10
68.83633185538882
 20
241.3644270122783
 10
68.8199181446112
 20
241.10095497953614
 10
68.8199181446112
 20
239.0
 10
68.20600272851297
 20
239.0
 10
68.20600272851297
 20
241.35334242837652
 10
68.19566422237382
 20
241.57013130968622
 10
68.16464870395635
 20
241.74982946793997
 10
68.11295617326059
 20
241.8924369031378
 10
68.0405866302865
 20
241.99795361527967
 10
67.94924539563439
 20
242.07405354706685
 10
67.84063778990452
 20
242.12841064120056
 10
67.71476381309688
 20
242.16102489768076
 10
67.57162346521147
 20
242.1718963165075
 10
67.38265262619373
 20
242.15484311050477
 10
67.21137448840383
 20
242.1036834924966
 10
67.05778905184175
 20
242.01841746248294
 10
66.92189631650751
 20
241.89904502046386
 10
66.81073072987722
 20
241.73298942701228
 10
66.73132673942702
 20
241.50767394270125
 10
66.68368434515689
 20
241.2230985675307
 10
66.66780354706685
 20
240.87926330150069
 10
66.66780354706685
 20
239.0
 10
66.05388813096863
 20
239.0
 10
66.05388813096863
 20
242.61869031377898
 10
66.60641200545703
 20
242.61869031377898
 10
66.60641200545703
 20
242.11391541609822
 10
66.62005457025921
 20
242.11391541609822
 10
66.71752430081857
 20
242.25140688949523
 10
66.82575886766713
 20
242.3705661664393
 10
66.94475827080493
 20
242.4713932469304
 10
67.07452251023193
 20
242.55388813096863
 10
67.21505158594817
 20
242.61805081855388
 10
67.36634549795363
 20
242.66388130968622
 10
67.52840424624831
 20
242.6913796043656
 10
67.70122783083221
 20
242.70054570259208
 10
67.89190399045022
 20
242.690633526603
 10
68.0648874488404
 20
242.66089699863574
 10
68.22017820600274
 20
242.6113361186903
 10
68.35777626193726
 20
242.5419508867667
 10
68.47768161664393
 20
242.45274130286492
 10
68.5798942701228
 20
242.343707366985
 10
68.66441422237381
 20
242.21484907912688
 10
68.731241473397
 20
242.06616643929058
 10
68.83670489427013
 20
242.21484907912688
 10
68.95186732605731
 20
242.343707366985
 10
69.07672876875853
 20
242.45274130286492
 10
69.21128922237381
 20
242.5419508867667
 10
69.35554868690315
 20
242.6113361186903
 10
69.50950716234654
 20
242.66089699863574
 10
69.67316464870397
 20
242.690633526603
 10
69.84652114597546
 20
242.70054570259208
 10
70.11031292633017
 20
242.68157401091403
 10
70.33893246930424
 20
242.62465893587995
 10
70.53237977489769
 20
242.52980047748977
 10
70.69065484311052
 20
242.39699863574353
 10
70.81375767394272
 20
242.2262534106412
 10
70.90168826739428
 20
242.01756480218282
 10
70.95444662346522
 20
241.77093281036835
 10
70.97203274215553
 20
241.48635743519782
 10
70.97203274215553
 20
239.0
  0
LWPOLYLINE
  5
8D
330
17
100
AcDbEntity
  8
TEXT
100
AcDbPolyline
 90
64
 70
0
 10
74.46452933151433
 20
242.00477489768076
 10
74.69517394270123
 20
242.1420532060027
 10
74.93008185538882
 20
242.24010914051843
 10
75.1692530695771
 20
242.29894270122782
 10
75.41268758526604
 20
242.31855388813096
 10
75.71474249658937
 20
242.29094901091406
 10
75.9967598908595
 20
242.2081343792633
 10
76.25873976807641
 20
242.07010999317873
 10
76.50068212824011
 20
241.8768758526603
 10
76.70361527967259
 20
241.63759805593452
 10
76.84856753069577
 20
241.36144270122782
 10
76.9355388813097
 20
241.04840978854023
 10
76.96452933151433
 20
240.69849931787175
 10
76.93511255115962
 20
240.340701739427
 10
76.84686221009551
 20
240.01082878581173
 10
76.69977830832197
 20
239.7088804570259
 10
76.49386084583902
 20
239.43485675306957
 10
76.24019440654844
 20
239.20730303547066
 10
75.94986357435198
 20
239.04476466575716
 10
75.62286834924967
 20
238.94724164392903
 10
75.25920873124149
 20
238.91473396998634
 10
74.95758015006822
 20
238.93679655525239
 10
74.6768417462483
 20
239.00298431105045
 10
74.41699351978173
 20
239.11329723738064
 10
74.17803547066849
 20
239.26773533424284
 10
73.97382332878581
 20
239.46544594133698
 10
73.81821282401091
 20
239.7055763983629
 10
73.7112039563438
 20
239.9881267053206
 10
73.65279672578446
 20
240.3130968622101
 10
74.29399727148704
 20
240.36084583901774
 10
74.34430422919509
 20
240.13883441336972
 10
74.41678035470669
 20
239.9468792633015
 10
74.51142564802184
 20
239.7849803888131
 10
74.62824010914053
 20
239.6531377899045
 10
74.7635999317872
 20
239.55092513642563
 10
74.91388130968623
 20
239.47791609822647
 10
75.07908424283767
 20
239.43411067530695
 10
75.25920873124149
 20
239.41950886766713
 10
75.4817530695771
 20
239.44157145293318
 10
75.68212824010915
 20
239.50775920873124
 10
75.86033424283767
 20
239.6180721350614
 10
76.01637107776263
 20
239.7725102319236
 10
76.14320429740792
 20
239.95913625511596
 10
76.23379945429741
 20
240.16601296043655
 10
76.28815654843112
 20
240.3931403478854
 10
76.30627557980901
 20
240.6405184174625
 10
76.28773021828104
 20
240.88928206002728
 10
76.23209413369715
 20
241.11033424283767
 10
76.13936732605731
 20
241.30367496589358
 10
76.00954979536154
 20
241.46930422919507
 10
75.85052864938609
 20
241.60210607094132
 10
75.67019099590723
 20
241.69696452933152
 10
75.46853683492498
 20
241.7538796043656
 10
75.2455661664393
 20
241.77285129604365
 10
74.96759890859482
 20
241.74279502046386
 10
74.72373806275581
 20
241.65262619372442
 10
74.51398362892225
 20
241.50234481582538
 10
74.33833560709414
 20
241.2919508867667
 10
73.75852660300137
 20
241.3601637107776
 10
74.2462482946794
 20
243.9317871759891
 10
76.72578444747613
 20
243.9317871759891
 10
76.72578444747613
 20
243.33833560709414
 10
74.73396998635745
 20
243.33833560709414
 10
74.46452933151433
 20
242.00477489768076
  0
LWPOLYLINE
  5
8E
330
17
100
AcDbEntity
  8
TEXT
100
AcDbPolyline
 90
65
 70
0
 10
79.1848567530696
 20
244.0238744884038
 10
79.38227425818556
 20
244.01388237551157
 10
79.56695515006822
 20
243.98390603683492
 10
79.73889942871762
 20
243.93394547237378
 10
79.8981070941337
 20
243.86400068212822
 10
80.04457814631652
 20
243.77407166609822
 10
80.17831258526604
 20
243.66415842428376
 10
80.29931041098227
 20
243.53426095668485
 10
80.40757162346523
 20
243.3843792633015
 10
80.50309622271489
 20
243.21451334413368
 10
80.58588420873126
 20
243.02466319918145
 10
80.65593558151434
 20
242.81482882844475
 10
80.71325034106412
 20
242.5850102319236
 10
80.75782848738064
 20
242.335207409618
 10
80.78967002046386
 20
242.06542036152797
 10
80.80877494031378
 20
241.77564908765348
 10
80.81514324693043
 20
241.46589358799454
 10
80.80856177523876
 20
241.15310048601637
 10
80.78881736016372
 20
240.86103768758525
 10
80.75591000170533
 20
240.58970519270122
 10
80.70983969986358
 20
240.33910300136426
 10
80.65060645463849
 20
240.10923111357434
 10
80.57821026603003
 20
239.9000895293315
 10
80.49265113403821
 20
239.71167824863574
 10
80.39392905866305
 20
239.54399727148703
 10
80.28289670020466
 20
239.39651368519782
 10
80.16040671896319
 20
239.26869457708048
 10
80.02645911493863
 20
239.16053994713505
 10
79.88105388813099
 20
239.07204979536152
 10
79.72419103854027
 20
239.00322412175987
 10
79.55587056616646
 20
238.95406292633012
 10
79.37609247100957
 20
238.92456620907228
 10
79.1848567530696
 20
238.91473396998634
 10
78.98785225528651
 20
238.9246994372442
 10
78.80355772510234
 20
238.9545958390177
 10
78.63197316251707
 20
239.00442317530695
 10
78.47309856753071
 20
239.07418144611185
 10
78.32693394014326
 20
239.16387065143246
 10
78.19347928035472
 20
239.27349079126876
 10
78.07273458816509
 20
239.40304186562074
 10
77.96469986357437
 20
239.5525238744884
 10
77.86937510658255
 20
239.72193681787175
 10
77.78676031718965
 20
239.91128069577078
 10
77.71685549539565
 20
240.12055550818553
 10
77.65966064120056
 20
240.34976125511596
 10
77.61517575460438
 20
240.59889793656208
 10
77.58340083560711
 20
240.86796555252388
 10
77.56433588420875
 20
241.15696410300137
 10
77.55798090040929
 20
241.46589358799454
 10
77.56456237210097
 20
241.77873998124147
 10
77.584306787176
 20
242.07096265347886
 10
77.61721414563439
 20
242.34256160470667
 10
77.66328444747614
 20
242.59353683492498
 10
77.72251769270125
 20
242.8238883441337
 10
77.7949138813097
 20
243.03361613233287
 10
77.88047301330151
 20
243.2227201995225
 10
77.97919508867669
 20
243.3912005457026
 10
78.09017415586632
 20
243.5394835010232
 10
78.21250426330151
 20
243.66799539563436
 10
78.34618541098227
 20
243.77673622953614
 10
78.4912175989086
 20
243.8657060027285
 10
78.64760082708051
 20
243.93490471521145
 10
78.81533509549797
 20
243.98433236698497
 10
78.994420404161
 20
244.0139889580491
 10
79.1848567530696
 20
244.0238744884038
  0
LWPOLYLINE
  5
8F
330
17
100
AcDbEntity
  8
TEXT
100
AcDbPolyline
 90
49
 70
0
 10
79.1848567530696
 20
239.41950886766713
 10
79.41699351978174
 20
239.44945856070942
 10
79.61886084583904
 20
239.5393076398363
 10
79.79045873124149
 20
239.68905610504774
 10
79.9317871759891
 20
239.89870395634378
 10
79.99094048431107
 20
240.02801521998634
 10
80.04220668485677
 20
240.1763514665757
 10
80.0855857776262
 20
240.34371269611185
 10
80.1210777626194
 20
240.53009890859482
 10
80.14868263983631
 20
240.73551010402454
 10
80.16840040927696
 20
240.9599462824011
 10
80.18023107094135
 20
241.20340744372442
 10
80.18417462482948
 20
241.46589358799454
 10
80.17724675989088
 20
241.8243306616644
 10
80.15646316507505
 20
242.1424795361528
 10
80.121823840382
 20
242.42034021145975
 10
80.07332878581175
 20
242.65791268758525
 10
80.01087141882675
 20
242.86148533424284
 10
79.93434515688952
 20
243.037346521146
 10
79.84375000000001
 20
243.1854962482947
 10
79.73908594815828
 20
243.30593451568896
 10
79.62024641882675
 20
243.39919423601637
 10
79.48712482946796
 20
243.46580832196452
 10
79.33972118008188
 20
243.50577677353343
 10
79.1780354706685
 20
243.51909959072304
 10
78.9461118690314
 20
243.48861698499317
 10
78.7448840381992
 20
243.39716916780355
 10
78.5743519781719
 20
243.24475613915416
 10
78.43451568894953
 20
243.03137789904503
 10
78.37616174965895
 20
242.90022808663028
 10
78.32558833560711
 20
242.7506394952251
 10
78.28279544679401
 20
242.58261212482947
 10
78.24778308321966
 20
242.39614597544337
 10
78.22055124488405
 20
242.19124104706685
 10
78.20109993178718
 20
241.96789733969987
 10
78.18942914392908
 20
241.72611485334244
 10
78.1855388813097
 20
241.46589358799454
 10
78.19257332878583
 20
241.1118263983629
 10
78.2136766712142
 20
240.79655525238744
 10
78.24884890859482
 20
240.5200801500682
 10
78.2980900409277
 20
240.28240109140518
 10
78.3611869031378
 20
240.07808236698497
 10
78.43792633015008
 20
239.90168826739426
 10
78.52830832196454
 20
239.753218792633
 10
78.6323328785812
 20
239.63267394270122
 10
78.75000000000003
 20
239.5394142223738
 10
78.88130968622103
 20
239.47280013642566
 10
79.02626193724421
 20
239.43283168485675
 10
79.1848567530696
 20
239.41950886766713
  0
LWPOLYLINE
  5
90
330
17
100
AcDbEntity
  8
TEXT
100
AcDbPolyline
 90
64
 70
0
 10
82.23396998635745
 20
242.00477489768076
 10
82.46461459754435
 20
242.1420532060027
 10
82.69952251023194
 20
242.24010914051843
 10
82.93869372442022
 20
242.29894270122782
 10
83.18212824010917
 20
242.31855388813096
 10
83.48418315143249
 20
242.29094901091406
 10
83.76620054570262
 20
242.2081343792633
 10
84.02818042291953
 20
242.07010999317873
 10
84.27012278308324
 20
241.8768758526603
 10
84.47305593451571
 20
241.63759805593452
 10
84.6180081855389
 20
241.36144270122782
 10
84.70497953615282
 20
241.04840978854023
 10
84.73396998635745
 20
240.69849931787175
 10
84.70455320600274
 20
240.340701739427
 10
84.61630286493863
 20
240.01082878581173
 10
84.46921896316509
 20
239.7088804570259
 10
84.26330150068215
 20
239.43485675306957
 10
84.00963506139156
 20
239.20730303547066
 10
83.7193042291951
 20
239.04476466575716
 10
83.3923090040928
 20
238.94724164392903
 10
83.02864938608461
 20
238.91473396998634
 10
82.72702080491135
 20
238.93679655525239
 10
82.44628240109142
 20
239.00298431105045
 10
82.18643417462485
 20
239.11329723738064
 10
81.94747612551161
 20
239.26773533424284
 10
81.74326398362894
 20
239.46544594133698
 10
81.58765347885404
 20
239.7055763983629
 10
81.48064461118692
 20
239.9881267053206
 10
81.42223738062758
 20
240.3130968622101
 10
82.06343792633017
 20
240.36084583901774
 10
82.11374488403821
 20
240.13883441336972
 10
82.18622100954981
 20
239.9468792633015
 10
82.28086630286496
 20
239.7849803888131
 10
82.39768076398366
 20
239.6531377899045
 10
82.53304058663032
 20
239.55092513642563
 10
82.68332196452936
 20
239.47791609822647
 10
82.84852489768079
 20
239.43411067530695
 10
83.02864938608461
 20
239.41950886766713
 10
83.25119372442022
 20
239.44157145293318
 10
83.45156889495227
 20
239.50775920873124
 10
83.62977489768079
 20
239.6180721350614
 10
83.78581173260575
 20
239.7725102319236
 10
83.91264495225104
 20
239.95913625511596
 10
84.00324010914053
 20
240.16601296043655
 10
84.05759720327424
 20
240.3931403478854
 10
84.07571623465213
 20
240.6405184174625
 10
84.05717087312416
 20
240.88928206002728
 10
84.00153478854027
 20
241.11033424283767
 10
83.90880798090043
 20
241.30367496589358
 10
83.77899045020466
 20
241.46930422919507
 10
83.61996930422922
 20
241.60210607094132
 10
83.43963165075036
 20
241.69696452933152
 10
83.2379774897681
 20
241.7538796043656
 10
83.01500682128243
 20
241.77285129604365
 10
82.73703956343795
 20
241.74279502046386
 10
82.49317871759894
 20
241.65262619372442
 10
82.28342428376537
 20
241.50234481582538
 10
82.10777626193726
 20
241.2919508867667
 10
81.5279672578445
 20
241.3601637107776
 10
82.01568894952253
 20
243.9317871759891
 10
84.49522510231925
 20
243.9317871759891
 10
84.49522510231925
 20
243.33833560709414
 10
82.50341064120057
 20
243.33833560709414
 10
82.23396998635745
 20
242.00477489768076
  0
LWPOLYLINE
  5
91
330
17
100
AcDbEntity
  8
TEXT
100
AcDbPolyline
 90
69
 70
0
 10
88.54024556616646
 20
239.0
 10
85.22851296043659
 20
239.0
 10
85.24695173942703
 20
239.21209924965893
 10
85.30226807639839
 20
239.42547748976807
 10
85.39446197135064
 20
239.64013472032744
 10
85.5235334242838
 20
239.85607094133698
 10
85.70312500000003
 20
240.0862892223738
 10
85.94687926330153
 20
240.343792633015
 10
86.2547962141883
 20
240.62858117326059
 10
86.62687585266033
 20
240.9406548431105
 10
86.86753922237384
 20
241.14092343110505
 10
87.09498635743523
 20
241.34609481582538
 10
87.30921725784451
 20
241.55616899727147
 10
87.51023192360167
 20
241.77114597544337
 10
87.68033765347889
 20
241.9888940995907
 10
87.80184174624833
 20
242.20728171896317
 10
87.87474420190999
 20
242.4263088335607
 10
87.89904502046387
 20
242.64597544338335
 10
87.8823115620737
 20
242.82705917462482
 10
87.83211118690316
 20
242.99172919508868
 10
87.74844389495229
 20
243.1399855047749
 10
87.63130968622104
 20
243.2718281036835
 10
87.48859566848571
 20
243.3800093792633
 10
87.32818894952254
 20
243.45728171896315
 10
87.15008952933155
 20
243.50364512278307
 10
86.95429740791272
 20
243.51909959072304
 10
86.75626705320603
 20
243.503218792633
 10
86.57486357435201
 20
243.4555763983629
 10
86.41008697135064
 20
243.3761724079127
 10
86.26193724420193
 20
243.2650068212824
 10
86.13936732605733
 20
243.12229280354708
 10
86.05133015006824
 20
242.94824351978173
 10
85.99782571623467
 20
242.74285896998637
 10
85.97885402455664
 20
242.506139154161
 10
85.34788540245569
 20
242.57776261937244
 10
85.40085692360167
 20
242.90838165075033
 10
85.5017905866303
 20
243.19764665757162
 10
85.65068639154164
 20
243.4455576398363
 10
85.84754433833564
 20
243.65211459754434
 10
86.08319832878584
 20
243.81475954979535
 10
86.34848226466579
 20
243.93093451568893
 10
86.64339614597547
 20
244.0006394952251
 10
86.9679399727149
 20
244.0238744884038
 10
87.31593195770807
 20
243.99840126193723
 10
87.62320941336975
 20
243.9219815825375
 10
87.88977233969989
 20
243.79461545020462
 10
88.11562073669853
 20
243.6163028649386
 10
88.2954254774898
 20
243.4019653819918
 10
88.42385743519785
 20
243.16652455661665
 10
88.50091660982267
 20
242.9099803888131
 10
88.52660300136428
 20
242.63233287858117
 10
88.50496674624831
 20
242.39113659618008
 10
88.44005798090043
 20
242.14844815825376
 10
88.33187670532062
 20
241.90426756480218
 10
88.1804229195089
 20
241.65859481582538
 10
88.0831397083902
 20
241.5301895037517
 10
87.96438011596183
 20
241.39139239427013
 10
87.82414414222377
 20
241.24220348738064
 10
87.66243178717602
 20
241.08262278308322
 10
87.47924305081858
 20
240.9126502813779
 10
87.27457793315146
 20
240.73228598226467
 10
87.04843643417466
 20
240.54152988574353
 10
86.80081855388816
 20
240.34038199181447
 10
86.55248124147343
 20
240.13126705320602
 10
86.349761255116
 20
239.93707366984992
 10
86.19265859481585
 20
239.75780184174624
 10
86.08117326057301
 20
239.59345156889495
 10
88.54024556616646
 20
239.59345156889495
 10
88.54024556616646
 20
239.0
  0
LWPOLYLINE
  5
93
330
17
100
AcDbEntity
  8
TEXT
100
AcDbPolyline
 90
9
 70
0
 10
4.113233287858117
 20
234.40654843110505
 10
2.459072305593452
 20
234.40654843110505
 10
2.459072305593452
 20
230.0
 10
1.7939972714870396
 20
230.0
 10
1.7939972714870396
 20
234.40654843110505
 10
0.15347885402455663
 20
234.40654843110505
 10
0.15347885402455663
 20
235.0
 10
4.113233287858117
 20
235.0
 10
4.113233287858117
 20
234.40654843110505
  0
LWPOLYLINE
  5
94
330
17
100
AcDbEntity
  8
TEXT
100
AcDbPolyline
 90
13
 70
0
 10
8.751705320600273
 20
230.0
 10
8.086630286493861
 20
230.0
 10
8.086630286493861
 20
232.35334242837652
 10
5.487721691678035
 20
232.35334242837652
 10
5.487721691678035
 20
230.0
 10
4.826057298772169
 20
230.0
 10
4.826057298772169
 20
235.0
 10
5.487721691678035
 20
235.0
 10
5.487721691678035
 20
232.9467939972715
 10
8.086630286493861
 20
232.9467939972715
 10
8.086630286493861
 20
235.0
 10
8.751705320600273
 20
235.0
 10
8.751705320600273
 20
230.0
  0
LWPOLYLINE
  5
95
330
17
100
AcDbEntity
  8
TEXT
100
AcDbPolyline
 90
5
 70
0
 10
10.617326057298772
 20
230.0
 10
9.95225102319236
 20
230.0
 10
9.95225102319236
 20
235.0
 10
10.617326057298772
 20
235.0
 10
10.617326057298772
 20
230.0
  0
LWPOLYLINE
  5
96
330
17
100
AcDbEntity
  8
TEXT
100
AcDbPolyline
 90
91
 70
0
 10
16.023192360163712
 20
231.58594815825376
 10
15.893694577080492
 20
231.19148618690315
 10
15.723482264665757
 20
230.8505286493861
 10
15.512555422919508
 20
230.5630755457026
 10
15.260914051841747
 20
230.32912687585267
 10
14.975379433833561
 20
230.14782997953614
 10
14.662772851296044
 20
230.01833219645292
 10
14.323094304229196
 20
229.940633526603
 10
13.956343792633016
 20
229.91473396998634
 10
13.659804527626195
 20
229.9267511510914
 10
13.384102148703956
 20
229.96280269440655
 10
13.129236655866304
 20
230.02288859993178
 10
12.895208049113233
 20
230.1070088676671
 10
12.682016328444748
 20
230.21516349761254
 10
12.489661493860845
 20
230.34735248976807
 10
12.318143545361528
 20
230.5035758441337
 10
12.167462482946794
 20
230.68383356070942
 10
12.03596627728513
 20
230.88098460948157
 10
11.92200289904502
 20
231.08788796043655
 10
11.825572348226466
 20
231.30454361357434
 10
11.746674624829467
 20
231.53095156889495
 10
11.685309728854024
 20
231.76711182639835
 10
11.641477660300136
 20
232.01302438608457
 10
11.615178419167803
 20
232.2686892479536
 10
11.606412005457026
 20
232.53410641200546
 10
11.6167238659618
 20
232.82526325886766
 10
11.647659447476125
 20
233.10016626875853
 10
11.69921875
 20
233.35881544167805
 10
11.771401773533423
 20
233.6012107776262
 10
11.864208518076397
 20
233.82735227660302
 10
11.977638983628921
 20
234.03723993860848
 10
12.111693170190996
 20
234.23087376364256
 10
12.266371077762619
 20
234.40825375170533
 10
12.437249531036834
 20
234.56692850443383
 10
12.619905354706685
 20
234.70444662346523
 10
12.814338548772168
 20
234.82080810879947
 10
13.020549113233287
 20
234.91601296043657
 10
13.238537048090041
 20
234.99006117837655
 10
13.468302353342429
 20
235.0429527626194
 10
13.70984502899045
 20
235.07468771316508
 10
13.963165075034107
 20
235.08526603001366
 10
14.314887448840382
 20
235.06203103683492
 10
14.640177353342429
 20
234.99232605729878
 10
14.939034788540246
 20
234.87615109140518
 10
15.211459754433834
 20
234.71350613915416
 10
15.451270463847203
 20
234.50609652114596
 10
15.652285129604365
 20
234.2556275579809
 10
15.81450375170532
 20
233.96209924965893
 10
15.937926330150068
 20
233.62551159618008
 10
15.289904502046385
 20
233.47203274215553
 10
15.197390859481583
 20
233.71674624829467
 10
15.08356070941337
 20
233.92905866302866
 10
14.948414051841747
 20
234.10896998635744
 10
14.791950886766713
 20
234.25648021828104
 10
14.614384379263303
 20
234.37137619372442
 10
14.415927694406548
 20
234.45344474761254
 10
14.196580832196453
 20
234.50268587994543
 10
13.956343792633016
 20
234.51909959072304
 10
13.757887107776263
 20
234.51070621589358
 10
13.571793997271488
 20
234.48552609140518
 10
13.39806446111869
 20
234.44355921725784
 10
13.236698499317871
 20
234.38480559345157
 10
13.087696111869032
 20
234.30926521998634
 10
12.95105729877217
 20
234.2169380968622
 10
12.826782060027286
 20
234.1078242240791
 10
12.71487039563438
 20
233.9819236016371
 10
12.529843110504775
 20
233.69042036152797
 10
12.39768076398363
 20
233.3530866302865
 10
12.31838335607094
 20
232.9699224079127
 10
12.291950886766712
 20
232.54092769440655
 10
12.298905397339698
 20
232.2883803717599
 10
12.319768929058663
 20
232.0525665075034
 10
12.3545414819236
 20
231.8334861016371
 10
12.403223055934514
 20
231.631139154161
 10
12.465813651091405
 20
231.44552566507502
 10
12.54231326739427
 20
231.27664563437926
 10
12.63272190484311
 20
231.12449906207365
 10
12.737039563437927
 20
230.98908594815825
 10
12.976530525238745
 20
230.7667547748977
 10
13.249914733969986
 20
230.6079467939973
 10
13.55719218963165
 20
230.51266200545703
 10
13.898362892223737
 20
230.48090040927696
 10
14.177928888130968
 20
230.50072476125513
 10
14.4299965893588
 20
230.56019781718965
 10
14.65456599590723
 20
230.65931957708048
 10
14.851637107776263
 20
230.7980900409277
 10
15.021209924965895
 20
230.97672237380627
 10
15.163284447476126
 20
231.19542974079127
 10
15.277860675306957
 20
231.45421214188266
 10
15.36493860845839
 20
231.75306957708048
 10
16.023192360163712
 20
231.58594815825376
  0
LWPOLYLINE
  5
97
330
17
100
AcDbEntity
  8
TEXT
100
AcDbPolyline
 90
13
 70
0
 10
20.941336971350616
 20
230.0
 10
20.068212824010914
 20
230.0
 10
18.294679399727148
 20
232.52728512960437
 10
17.46930422919509
 20
231.7326057298772
 10
17.46930422919509
 20
230.0
 10
16.807639836289223
 20
230.0
 10
16.807639836289223
 20
235.0
 10
17.46930422919509
 20
235.0
 10
17.46930422919509
 20
232.52046384720327
 10
19.955661664392906
 20
235.0
 10
20.84924965893588
 20
235.0
 10
18.75511596180082
 20
232.97407912687586
 10
20.941336971350616
 20
230.0
  0
LWPOLYLINE
  5
98
330
17
100
AcDbEntity
  8
TEXT
100
AcDbPolyline
 90
13
 70
0
 10
25.439972714870397
 20
230.0
 10
24.761255115961802
 20
230.0
 10
22.148703956343795
 20
233.9256480218281
 10
22.135061391541612
 20
233.9256480218281
 10
22.135061391541612
 20
230.0
 10
21.507503410641203
 20
230.0
 10
21.507503410641203
 20
235.0
 10
22.18281036834925
 20
235.0
 10
24.79536152796726
 20
231.0743519781719
 10
24.80900409276944
 20
231.0743519781719
 10
24.80900409276944
 20
235.0
 10
25.439972714870397
 20
235.0
 10
25.439972714870397
 20
230.0
  0
LWPOLYLINE
  5
99
330
17
100
AcDbEntity
  8
TEXT
100
AcDbPolyline
 90
13
 70
0
 10
30.28649386084584
 20
230.0
 10
26.551841746248297
 20
230.0
 10
26.551841746248297
 20
235.0
 10
30.170532060027288
 20
235.0
 10
30.170532060027288
 20
234.40654843110505
 10
27.213506139154163
 20
234.40654843110505
 10
27.213506139154163
 20
232.87858117326059
 10
29.979536152796726
 20
232.87858117326059
 10
29.979536152796726
 20
232.2851296043656
 10
27.213506139154163
 20
232.2851296043656
 10
27.213506139154163
 20
230.59345156889495
 10
30.28649386084584
 20
230.59345156889495
 10
30.28649386084584
 20
230.0
  0
LWPOLYLINE
  5
9A
330
17
100
AcDbEntity
  8
TEXT
100
AcDbPolyline
 90
107
 70
0
 10
34.16439290586631
 20
233.53342428376536
 10
34.12751534788541
 20
233.75735419508868
 10
34.05781036834925
 20
233.9516541609823
 10
33.95527796725785
 20
234.11632418144612
 10
33.819918144611194
 20
234.25136425648023
 10
33.651730900409284
 20
234.35656122100954
 10
33.45071623465212
 20
234.43170190995906
 10
33.2168741473397
 20
234.47678632332878
 10
32.95020463847204
 20
234.49181446111868
 10
32.70634379263302
 20
234.47987721691678
 10
32.48635743519782
 20
234.44406548431104
 10
32.29024556616644
 20
234.3843792633015
 10
32.11800818553888
 20
234.30081855388812
 10
31.97774556616644
 20
234.1944491814461
 10
31.877557980900413
 20
234.0663369713506
 10
31.817445429740793
 20
233.91648192360162
 10
31.79740791268759
 20
233.7448840381992
 10
31.81286238062756
 20
233.5932170873124
 10
31.85922578444748
 20
233.46222714870396
 10
31.93649812414734
 20
233.3519142223738
 10
32.04467939972715
 20
233.26227830832195
 10
32.19655951568895
 20
233.1830874829468
 10
32.40492837653479
 20
233.10410982264665
 10
32.66978598226467
 20
233.02534532742158
 10
32.991132332878585
 20
232.9467939972715
 10
33.28721862210096
 20
232.8781548431105
 10
33.55474079126876
 20
232.8086630286494
 10
33.79369884038199
 20
232.73831855388815
 10
34.00409276944066
 20
232.66712141882675
 10
34.193170190995914
 20
232.5855857776262
 10
34.36817871759891
 20
232.4842257844475
 10
34.529118349249664
 20
232.3630414392906
 10
34.67598908594816
 20
232.22203274215553
 10
34.798345839017735
 20
232.05821538199183
 10
34.88574351978172
 20
231.86860504774899
 10
34.93818212824011
 20
231.653201739427
 10
34.955661664392906
 20
231.4120054570259
 10
34.92358032060027
 20
231.10334242837652
 10
34.82733628922237
 20
230.82196452933152
 10
34.666929570259214
 20
230.56787175989086
 10
34.44236016371078
 20
230.34106412005457
 10
34.1662048090041
 20
230.15454467939972
 10
33.85104024556617
 20
230.0213165075034
 10
33.496866473397006
 20
229.9413796043656
 10
33.10368349249659
 20
229.91473396998634
 10
32.84849825204639
 20
229.92208816507502
 10
32.60988659618008
 20
229.94415075034107
 10
32.387848524897684
 20
229.98092172578444
 10
32.18238403819918
 20
230.03240109140518
 10
31.993493136084588
 20
230.09858884720327
 10
31.82117581855389
 20
230.17948499317873
 10
31.665432085607097
 20
230.27508952933152
 10
31.526261937244204
 20
230.38540245566168
 10
31.29529757844475
 20
230.63821623465213
 10
31.125937926330153
 20
230.92598908594817
 10
31.018182980900413
 20
231.2487210095498
 10
30.972032742155527
 20
231.60641200545703
 10
31.59959072305594
 20
231.66098226466576
 10
31.645208049113236
 20
231.3812031036835
 10
31.73772169167804
 20
231.14213847203274
 10
31.877131650750343
 20
230.9437883697135
 10
32.06343792633015
 20
230.7861527967258
 10
32.28406377899045
 20
230.66603427694406
 10
32.52643246930423
 20
230.58023533424284
 10
32.79054399727149
 20
230.5287559686221
 10
33.07639836289223
 20
230.51159618008185
 10
33.34104280354707
 20
230.52587824010914
 10
33.57904160982265
 20
230.568724420191
 10
33.790394781718966
 20
230.64013472032744
 10
33.97510231923602
 20
230.74010914051843
 10
34.12506394952251
 20
230.86459754433835
 10
34.23217939972715
 20
231.00954979536152
 10
34.29644866984994
 20
231.174965893588
 10
34.31787175989086
 20
231.36084583901774
 10
34.295489427012285
 20
231.55162858117328
 10
34.228342428376536
 20
231.71469986357437
 10
34.11643076398364
 20
231.85005968622102
 10
33.95975443383357
 20
231.95770804911322
 10
33.75031974761256
 20
232.05118093451568
 10
33.48013301500683
 20
232.14401432469305
 10
33.14919423601638
 20
232.23620821964528
 10
32.757503410641206
 20
232.32776261937244
 10
32.364959924965895
 20
232.42826995225101
 10
32.03146316507504
 20
232.54732264665756
 10
31.757013130968623
 20
232.68492070259208
 10
31.54160982264666
 20
232.84106412005457
 10
31.378964870395638
 20
233.01884379263302
 10
31.26278990450205
 20
233.22135061391543
 10
31.1930849249659
 20
233.44858458390178
 10
31.16984993178718
 20
233.70054570259208
 10
31.19926671214189
 20
233.98767905866302
 10
31.287517053206006
 20
234.2488062755798
 10
31.43460095497954
 20
234.48392735334244
 10
31.640518417462488
 20
234.6930422919509
 10
31.89716916780355
 20
234.86464017735335
 10
32.196452933151434
 20
234.98721009549797
 10
32.53836971350614
 20
235.06075204638472
 10
32.92291950886767
 20
235.08526603001366
 10
33.31866047066849
 20
235.06085862892226
 10
33.67368690313779
 20
234.98763642564802
 10
33.987998806275584
 20
234.86559942019102
 10
34.26159618008186
 20
234.69474761255117
 10
34.48509976125512
 20
234.47891797407914
 10
34.649130286493865
 20
234.2219474761255
 10
34.75368775579809
 20
233.9238361186903
 10
34.798772169167805
 20
233.58458390177353
 10
34.16439290586631
 20
233.53342428376536
  0
LWPOLYLINE
  5
9B
330
17
100
AcDbEntity
  8
TEXT
100
AcDbPolyline
 90
107
 70
0
 10
38.82332878581174
 20
233.53342428376536
 10
38.78645122783084
 20
233.75735419508868
 10
38.71674624829468
 20
233.9516541609823
 10
38.61421384720328
 20
234.11632418144612
 10
38.478854024556625
 20
234.25136425648023
 10
38.310666780354715
 20
234.35656122100954
 10
38.10965211459755
 20
234.43170190995906
 10
37.875810027285134
 20
234.47678632332878
 10
37.60914051841747
 20
234.49181446111868
 10
37.36527967257845
 20
234.47987721691678
 10
37.14529331514325
 20
234.44406548431104
 10
36.94918144611187
 20
234.3843792633015
 10
36.776944065484315
 20
234.30081855388812
 10
36.63668144611187
 20
234.1944491814461
 10
36.536493860845844
 20
234.0663369713506
 10
36.476381309686225
 20
233.91648192360162
 10
36.45634379263302
 20
233.7448840381992
 10
36.471798260572996
 20
233.5932170873124
 10
36.51816166439291
 20
233.46222714870396
 10
36.59543400409277
 20
233.3519142223738
 10
36.70361527967258
 20
233.26227830832195
 10
36.855495395634385
 20
233.1830874829468
 10
37.06386425648022
 20
233.10410982264665
 10
37.3287218622101
 20
233.02534532742158
 10
37.65006821282402
 20
232.9467939972715
 10
37.94615450204639
 20
232.8781548431105
 10
38.213676671214195
 20
232.8086630286494
 10
38.452634720327424
 20
232.73831855388815
 10
38.66302864938609
 20
232.66712141882675
 10
38.852106070941346
 20
232.5855857776262
 10
39.02711459754434
 20
232.4842257844475
 10
39.188054229195096
 20
232.3630414392906
 10
39.33492496589359
 20
232.22203274215553
 10
39.457281718963166
 20
232.05821538199183
 10
39.54467939972715
 20
231.86860504774899
 10
39.59711800818554
 20
231.653201739427
 10
39.61459754433834
 20
231.4120054570259
 10
39.582516200545705
 20
231.10334242837652
 10
39.486272169167805
 20
230.82196452933152
 10
39.325865450204645
 20
230.56787175989086
 10
39.10129604365621
 20
230.34106412005457
 10
38.82514068894953
 20
230.15454467939972
 10
38.5099761255116
 20
230.0213165075034
 10
38.15580235334244
 20
229.9413796043656
 10
37.762619372442025
 20
229.91473396998634
 10
37.50743413199182
 20
229.92208816507502
 10
37.268822476125514
 20
229.94415075034107
 10
37.046784404843116
 20
229.98092172578444
 10
36.84131991814462
 20
230.03240109140518
 10
36.65242901603002
 20
230.09858884720327
 10
36.48011169849932
 20
230.17948499317873
 10
36.32436796555253
 20
230.27508952933152
 10
36.18519781718964
 20
230.38540245566168
 10
35.954233458390185
 20
230.63821623465213
 10
35.784873806275584
 20
230.92598908594817
 10
35.677118860845844
 20
231.2487210095498
 10
35.63096862210096
 20
231.60641200545703
 10
36.25852660300137
 20
231.66098226466576
 10
36.30414392905867
 20
231.3812031036835
 10
36.39665757162347
 20
231.14213847203274
 10
36.536067530695775
 20
230.9437883697135
 10
36.722373806275584
 20
230.7861527967258
 10
36.94299965893588
 20
230.66603427694406
 10
37.185368349249664
 20
230.58023533424284
 10
37.44947987721692
 20
230.5287559686221
 10
37.73533424283766
 20
230.51159618008185
 10
37.9999786834925
 20
230.52587824010914
 10
38.237977489768085
 20
230.568724420191
 10
38.4493306616644
 20
230.64013472032744
 10
38.634038199181454
 20
230.74010914051843
 10
38.783999829467945
 20
230.86459754433835
 10
38.89111527967258
 20
231.00954979536152
 10
38.95538454979537
 20
231.174965893588
 10
38.976807639836295
 20
231.36084583901774
 10
38.95442530695772
 20
231.55162858117328
 10
38.88727830832197
 20
231.71469986357437
 10
38.77536664392907
 20
231.85005968622102
 10
38.618690313779
 20
231.95770804911322
 10
38.40925562755799
 20
232.05118093451568
 10
38.13906889495226
 20
232.14401432469305
 10
37.80813011596181
 20
232.23620821964528
 10
37.41643929058664
 20
232.32776261937244
 10
37.023895804911334
 20
232.42826995225101
 10
36.69039904502047
 20
232.54732264665756
 10
36.41594901091406
 20
232.68492070259208
 10
36.200545702592095
 20
232.84106412005457
 10
36.037900750341066
 20
233.01884379263302
 10
35.92172578444748
 20
233.22135061391543
 10
35.85202080491133
 20
233.44858458390178
 10
35.82878581173261
 20
233.70054570259208
 10
35.858202592087316
 20
233.98767905866302
 10
35.946452933151434
 20
234.2488062755798
 10
36.09353683492497
 20
234.48392735334244
 10
36.29945429740792
 20
234.6930422919509
 10
36.556105047748986
 20
234.86464017735335
 10
36.855388813096866
 20
234.98721009549797
 10
37.197305593451574
 20
235.06075204638472
 10
37.5818553888131
 20
235.08526603001366
 10
37.97759635061392
 20
235.06085862892226
 10
38.332622783083224
 20
234.98763642564802
 10
38.646934686221016
 20
234.86559942019102
 10
38.92053206002729
 20
234.69474761255117
 10
39.14403564120055
 20
234.47891797407914
 10
39.308066166439296
 20
234.2219474761255
 10
39.41262363574352
 20
233.9238361186903
 10
39.457708049113236
 20
233.58458390177353
 10
38.82332878581174
 20
233.53342428376536
  0
LWPOLYLINE
  5
9C
330
17
100
AcDbEntity
  8
TEXT
100
AcDbPolyline
 90
5
 70
0
 10
41.302864938608465
 20
232.91950886766713
 10
40.6036834924966
 20
232.91950886766713
 10
40.6036834924966
 20
233.61869031377898
 10
41.302864938608465
 20
233.61869031377898
 10
41.302864938608465
 20
232.91950886766713
  0
LWPOLYLINE
  5
9D
330
17
100
AcDbEntity
  8
TEXT
100
AcDbPolyline
 90
5
 70
0
 10
41.302864938608465
 20
230.0
 10
40.6036834924966
 20
230.0
 10
40.6036834924966
 20
230.69918144611188
 10
41.302864938608465
 20
230.69918144611188
 10
41.302864938608465
 20
230.0
  0
LWPOLYLINE
  5
9E
330
17
100
AcDbEntity
  8
TEXT
100
AcDbPolyline
 90
69
 70
0
 10
47.38403819918146
 20
230.0
 10
44.07230559345158
 20
230.0
 10
44.09074437244203
 20
230.21209924965893
 10
44.14606070941338
 20
230.42547748976807
 10
44.23825460436563
 20
230.64013472032744
 10
44.36732605729878
 20
230.85607094133698
 10
44.54691763301502
 20
231.0862892223738
 10
44.790671896316525
 20
231.343792633015
 10
45.09858884720329
 20
231.62858117326059
 10
45.47066848567532
 20
231.9406548431105
 10
45.71133185538883
 20
232.14092343110505
 10
45.93877899045022
 20
232.34609481582538
 10
46.153009890859494
 20
232.55616899727147
 10
46.35402455661666
 20
232.77114597544337
 10
46.52413028649387
 20
232.9888940995907
 10
46.64563437926331
 20
233.20728171896317
 10
46.718536834924976
 20
233.4263088335607
 10
46.742837653478865
 20
233.64597544338335
 10
46.72610419508869
 20
233.82705917462482
 10
46.675903819918155
 20
233.99172919508868
 10
46.59223652796727
 20
234.1399855047749
 10
46.47510231923603
 20
234.2718281036835
 10
46.33238830150069
 20
234.3800093792633
 10
46.17198158253753
 20
234.45728171896315
 10
45.99388216234654
 20
234.50364512278307
 10
45.79809004092771
 20
234.51909959072304
 10
45.60005968622102
 20
234.503218792633
 10
45.418656207367
 20
234.4555763983629
 10
45.253879604365636
 20
234.3761724079127
 10
45.10572987721693
 20
234.2650068212824
 10
44.98315995907232
 20
234.12229280354708
 10
44.89512278308324
 20
233.94824351978173
 10
44.84161834924967
 20
233.74285896998637
 10
44.82264665757164
 20
233.506139154161
 10
44.19167803547068
 20
233.57776261937244
 10
44.24464955661666
 20
233.90838165075033
 10
44.345583219645306
 20
234.19764665757162
 10
44.49447902455663
 20
234.4455576398363
 10
44.69133697135063
 20
234.65211459754434
 10
44.92699096180083
 20
234.81475954979535
 10
45.192274897680775
 20
234.93093451568893
 10
45.487188778990465
 20
235.0006394952251
 10
45.811732605729894
 20
235.0238744884038
 10
46.15972459072307
 20
234.99840126193723
 10
46.467002046384735
 20
234.9219815825375
 10
46.73356497271488
 20
234.79461545020462
 10
46.959413369713516
 20
234.6163028649386
 10
47.139218110504785
 20
234.4019653819918
 10
47.26765006821284
 20
234.16652455661665
 10
47.344709242837666
 20
233.9099803888131
 10
47.37039563437928
 20
233.63233287858117
 10
47.34875937926331
 20
233.39113659618008
 10
47.28385061391543
 20
233.14844815825376
 10
47.175669338335624
 20
232.90426756480218
 10
47.02421555252389
 20
232.65859481582538
 10
46.9269323414052
 20
232.5301895037517
 10
46.80817274897682
 20
232.39139239427013
 10
46.66793677523876
 20
232.24220348738064
 10
46.50622442019101
 20
232.08262278308322
 10
46.323035683833574
 20
231.9126502813779
 10
46.11837056616645
 20
231.73228598226467
 10
45.892229067189646
 20
231.54152988574353
 10
45.64461118690315
 20
231.34038199181447
 10
45.396273874488415
 20
231.13126705320602
 10
45.19355388813098
 20
230.93707366984992
 10
45.036451227830845
 20
230.75780184174624
 10
44.92496589358801
 20
230.59345156889495
 10
47.38403819918146
 20
230.59345156889495
 10
47.38403819918146
 20
230.0
  0
LWPOLYLINE
  5
9F
330
17
100
AcDbEntity
  8
TEXT
100
AcDbPolyline
 90
5
 70
0
 10
49.062073669849944
 20
230.0
 10
48.36289222373807
 20
230.0
 10
48.36289222373807
 20
230.69918144611188
 10
49.062073669849944
 20
230.69918144611188
 10
49.062073669849944
 20
230.0
  0
LWPOLYLINE
  5
A0
330
17
100
AcDbEntity
  8
TEXT
100
AcDbPolyline
 90
65
 70
0
 10
51.623465211459774
 20
235.0238744884038
 10
51.82088271657574
 20
235.01388237551157
 10
52.00556360845841
 20
234.98390603683492
 10
52.177507887107794
 20
234.93394547237378
 10
52.33671555252389
 20
234.86400068212822
 10
52.4831866047067
 20
234.77407166609822
 10
52.61692104365623
 20
234.66415842428376
 10
52.73791886937246
 20
234.53426095668485
 10
52.84618008185541
 20
234.3843792633015
 10
52.941704681105065
 20
234.21451334413368
 10
53.024492667121436
 20
234.02466319918145
 10
53.09454403990452
 20
233.81482882844475
 10
53.15185879945432
 20
233.5850102319236
 10
53.19643694577082
 20
233.335207409618
 10
53.228278478854044
 20
233.06542036152797
 10
53.247383398703974
 20
232.77564908765348
 10
53.25375170532062
 20
232.46589358799454
 10
53.24717023362894
 20
232.15310048601637
 10
53.227425818553904
 20
231.86103768758525
 10
53.194518460095516
 20
231.58970519270122
 10
53.14844815825377
 20
231.33910300136426
 10
53.08921491302867
 20
231.10923111357434
 10
53.01681872442021
 20
230.9000895293315
 10
52.9312595924284
 20
230.71167824863574
 10
52.832537517053225
 20
230.54399727148703
 10
52.72150515859484
 20
230.39651368519782
 10
52.59901517735336
 20
230.26869457708048
 10
52.4650675733288
 20
230.16053994713505
 10
52.31966234652116
 20
230.07204979536152
 10
52.16279949693044
 20
230.00322412175987
 10
51.99447902455663
 20
229.95406292633012
 10
51.81470092939975
 20
229.92456620907228
 10
51.623465211459774
 20
229.91473396998634
 10
51.42646071367669
 20
229.9246994372442
 10
51.242166183492515
 20
229.9545958390177
 10
51.07058162090725
 20
230.00442317530695
 10
50.91170702592089
 20
230.07418144611185
 10
50.76554239853344
 20
230.16387065143246
 10
50.6320877387449
 20
230.27349079126876
 10
50.51134304655527
 20
230.40304186562074
 10
50.403308321964545
 20
230.5525238744884
 10
50.30798356497273
 20
230.72193681787175
 10
50.225368775579824
 20
230.91128069577078
 10
50.15546395378583
 20
231.12055550818553
 10
50.09826909959074
 20
231.34976125511596
 10
50.05378421299456
 20
231.59889793656208
 10
50.022009293997286
 20
231.86796555252388
 10
50.00294434259892
 20
232.15696410300137
 10
49.99658935879947
 20
232.46589358799454
 10
50.00317083049114
 20
232.77873998124147
 10
50.02291524556618
 20
233.07096265347886
 10
50.05582260402457
 20
233.34256160470667
 10
50.10189290586632
 20
233.59353683492498
 10
50.16112615109142
 20
233.8238883441337
 10
50.23352233969988
 20
234.03361613233287
 10
50.319081471691696
 20
234.2227201995225
 10
50.41780354706687
 20
234.3912005457026
 10
50.5287826142565
 20
234.5394835010232
 10
50.651112721691696
 20
234.66799539563436
 10
50.78479386937246
 20
234.77673622953614
 10
50.92982605729879
 20
234.8657060027285
 10
51.08620928547069
 20
234.93490471521145
 10
51.25394355388815
 20
234.98433236698497
 10
51.433028862551176
 20
235.0139889580491
 10
51.623465211459774
 20
235.0238744884038
  0
LWPOLYLINE
  5
A1
330
17
100
AcDbEntity
  8
TEXT
100
AcDbPolyline
 90
49
 70
0
 10
51.623465211459774
 20
230.41950886766713
 10
51.85560197817191
 20
230.44945856070942
 10
52.057469304229215
 20
230.5393076398363
 10
52.229067189631664
 20
230.68905610504774
 10
52.37039563437928
 20
230.89870395634378
 10
52.429548942701246
 20
231.02801521998634
 10
52.48081514324694
 20
231.1763514665757
 10
52.524194236016385
 20
231.34371269611185
 10
52.559686221009564
 20
231.53009890859482
 10
52.58729109822648
 20
231.73551010402454
 10
52.60700886766713
 20
231.9599462824011
 10
52.61883952933153
 20
232.20340744372442
 10
52.62278308321966
 20
232.46589358799454
 10
52.61585521828105
 20
232.8243306616644
 10
52.59507162346522
 20
233.1424795361528
 10
52.560432298772184
 20
233.42034021145975
 10
52.511937244201924
 20
233.65791268758525
 10
52.44947987721693
 20
233.86148533424284
 10
52.372953615279684
 20
234.037346521146
 10
52.28235845839019
 20
234.1854962482947
 10
52.17769440654845
 20
234.30593451568896
 10
52.05885487721693
 20
234.39919423601637
 10
51.92573328785814
 20
234.46580832196452
 10
51.77832963847205
 20
234.50577677353343
 10
51.61664392905868
 20
234.51909959072304
 10
51.384720327421576
 20
234.48861698499317
 10
51.18349249658937
 20
234.39716916780355
 10
51.01296043656209
 20
234.24475613915416
 10
50.873124147339716
 20
234.03137789904503
 10
50.81477020804913
 20
233.90022808663028
 10
50.764196793997286
 20
233.7506394952251
 10
50.72140390518419
 20
233.58261212482947
 10
50.68639154160984
 20
233.39614597544337
 10
50.659159703274234
 20
233.19124104706685
 10
50.63970839017737
 20
232.96789733969987
 10
50.62803760231925
 20
232.72611485334244
 10
50.62414733969988
 20
232.46589358799454
 10
50.631181787176004
 20
232.1118263983629
 10
50.65228512960438
 20
231.79655525238744
 10
50.68745736698501
 20
231.5200801500682
 10
50.73669849931789
 20
231.28240109140518
 10
50.799795361527984
 20
231.07808236698497
 10
50.87653478854026
 20
230.90168826739426
 10
50.96691678035472
 20
230.753218792633
 10
51.070941336971366
 20
230.63267394270122
 10
51.18860845839019
 20
230.5394142223738
 10
51.3199181446112
 20
230.47280013642566
 10
51.4648703956344
 20
230.43283168485675
 10
51.623465211459774
 20
230.41950886766713
  0
LWPOLYLINE
  5
A2
330
17
100
AcDbEntity
  8
TEXT
100
AcDbPolyline
 90
65
 70
0
 10
55.50818553888133
 20
235.0238744884038
 10
55.70560304399729
 20
235.01388237551157
 10
55.890283935879964
 20
234.98390603683492
 10
56.06222821452935
 20
234.93394547237378
 10
56.221435879945446
 20
234.86400068212822
 10
56.36790693212826
 20
234.77407166609822
 10
56.50164137107778
 20
234.66415842428376
 10
56.62263919679401
 20
234.53426095668485
 10
56.73090040927696
 20
234.3843792633015
 10
56.82642500852662
 20
234.21451334413368
 10
56.90921299454299
 20
234.02466319918145
 10
56.979264367326074
 20
233.81482882844475
 10
57.03657912687587
 20
233.5850102319236
 10
57.081157273192375
 20
233.335207409618
 10
57.1129988062756
 20
233.06542036152797
 10
57.13210372612553
 20
232.77564908765348
 10
57.13847203274217
 20
232.46589358799454
 10
57.1318905610505
 20
232.15310048601637
 10
57.11214614597546
 20
231.86103768758525
 10
57.07923878751707
 20
231.58970519270122
 10
57.033168485675326
 20
231.33910300136426
 10
56.973935240450224
 20
231.10923111357434
 10
56.901539051841766
 20
230.9000895293315
 10
56.81597991984995
 20
230.71167824863574
 10
56.71725784447478
 20
230.54399727148703
 10
56.60622548601639
 20
230.39651368519782
 10
56.48373550477491
 20
230.26869457708048
 10
56.34978790075036
 20
230.16053994713505
 10
56.20438267394272
 20
230.07204979536152
 10
56.047519824351994
 20
230.00322412175987
 10
55.87919935197819
 20
229.95406292633012
 10
55.6994212568213
 20
229.92456620907228
 10
55.50818553888133
 20
229.91473396998634
 10
55.311181041098244
 20
229.9246994372442
 10
55.12688651091407
 20
229.9545958390177
 10
54.9553019483288
 20
230.00442317530695
 10
54.796427353342445
 20
230.07418144611185
 10
54.650262725954995
 20
230.16387065143246
 10
54.516808066166455
 20
230.27349079126876
 10
54.39606337397682
 20
230.40304186562074
 10
54.2880286493861
 20
230.5525238744884
 10
54.192703892394285
 20
230.72193681787175
 10
54.11008910300138
 20
230.91128069577078
 10
54.04018428120738
 20
231.12055550818553
 10
53.98298942701229
 20
231.34976125511596
 10
53.93850454041611
 20
231.59889793656208
 10
53.90672962141884
 20
231.86796555252388
 10
53.88766467002048
 20
232.15696410300137
 10
53.88130968622102
 20
232.46589358799454
 10
53.8878911579127
 20
232.77873998124147
 10
53.907635572987736
 20
233.07096265347886
 10
53.940542931446124
 20
233.34256160470667
 10
53.98661323328787
 20
233.59353683492498
 10
54.04584647851298
 20
233.8238883441337
 10
54.118242667121436
 20
234.03361613233287
 10
54.20380179911325
 20
234.2227201995225
 10
54.30252387448842
 20
234.3912005457026
 10
54.413502941678054
 20
234.5394835010232
 10
54.53583304911325
 20
234.66799539563436
 10
54.66951419679401
 20
234.77673622953614
 10
54.814546384720344
 20
234.8657060027285
 10
54.97092961289224
 20
234.93490471521145
 10
55.138663881309704
 20
234.98433236698497
 10
55.31774918997273
 20
235.0139889580491
 10
55.50818553888133
 20
235.0238744884038
  0
LWPOLYLINE
  5
A3
330
17
100
AcDbEntity
  8
TEXT
100
AcDbPolyline
 90
49
 70
0
 10
55.50818553888133
 20
230.41950886766713
 10
55.740322305593466
 20
230.44945856070942
 10
55.94218963165076
 20
230.5393076398363
 10
56.11378751705322
 20
230.68905610504774
 10
56.25511596180083
 20
230.89870395634378
 10
56.3142692701228
 20
231.02801521998634
 10
56.3655354706685
 20
231.1763514665757
 10
56.40891456343794
 20
231.34371269611185
 10
56.44440654843112
 20
231.53009890859482
 10
56.472011425648034
 20
231.73551010402454
 10
56.49172919508869
 20
231.9599462824011
 10
56.503559856753085
 20
232.20340744372442
 10
56.50750341064121
 20
232.46589358799454
 10
56.5005755457026
 20
232.8243306616644
 10
56.47979195088678
 20
233.1424795361528
 10
56.44515262619374
 20
233.42034021145975
 10
56.39665757162348
 20
233.65791268758525
 10
56.334200204638485
 20
233.86148533424284
 10
56.257673942701246
 20
234.037346521146
 10
56.167078785811746
 20
234.1854962482947
 10
56.06241473397
 20
234.30593451568896
 10
55.943575204638485
 20
234.39919423601637
 10
55.81045361527969
 20
234.46580832196452
 10
55.663049965893606
 20
234.50577677353343
 10
55.50136425648024
 20
234.51909959072304
 10
55.26944065484313
 20
234.48861698499317
 10
55.06821282401093
 20
234.39716916780355
 10
54.897680763983644
 20
234.24475613915416
 10
54.75784447476127
 20
234.03137789904503
 10
54.69949053547069
 20
233.90022808663028
 10
54.64891712141884
 20
233.7506394952251
 10
54.606124232605744
 20
233.58261212482947
 10
54.5711118690314
 20
233.39614597544337
 10
54.54388003069579
 20
233.19124104706685
 10
54.52442871759892
 20
232.96789733969987
 10
54.51275792974081
 20
232.72611485334244
 10
54.508867667121436
 20
232.46589358799454
 10
54.51590211459756
 20
232.1118263983629
 10
54.53700545702594
 20
231.79655525238744
 10
54.57217769440656
 20
231.5200801500682
 10
54.62141882673944
 20
231.28240109140518
 10
54.68451568894954
 20
231.07808236698497
 10
54.761255115961816
 20
230.90168826739426
 10
54.85163710777628
 20
230.753218792633
 10
54.95566166439292
 20
230.63267394270122
 10
55.073328785811746
 20
230.5394142223738
 10
55.204638472032755
 20
230.47280013642566
 10
55.349590723055954
 20
230.43283168485675
 10
55.50818553888133
 20
230.41950886766713
  0
LWPOLYLINE
  5
A4
330
17
100
AcDbEntity
  8
TEXT
100
AcDbPolyline
 90
81
 70
0
 10
64.76466575716236
 20
230.0
 10
64.15075034106414
 20
230.0
 10
64.15075034106414
 20
232.2851296043656
 10
64.1486186903138
 20
232.4067402796726
 10
64.14222373806277
 20
232.51918485675307
 10
64.13156548431107
 20
232.6224633356071
 10
64.11664392905868
 20
232.71657571623464
 10
64.09287602319237
 20
232.80354706684855
 10
64.05567871759892
 20
232.88540245566168
 10
64.00505201227833
 20
232.96214188267393
 10
63.94099590723058
 20
233.0337653478854
 10
63.86031292633017
 20
233.0941976466576
 10
63.75980559345159
 20
233.13736357435198
 10
63.63947390859484
 20
233.16326313096863
 10
63.49931787175991
 20
233.1718963165075
 10
63.324735675306975
 20
233.156122100955
 10
63.16251705320602
 20
233.1087994542974
 10
63.012662005457045
 20
233.0299283765348
 10
62.87517053206005
 20
232.91950886766713
 10
62.760274556616665
 20
232.7737039563438
 10
62.67820600272853
 20
232.5886766712142
 10
62.628964870395656
 20
232.3644270122783
 10
62.61255115961803
 20
232.10095497953614
 10
62.61255115961803
 20
230.0
 10
61.9986357435198
 20
230.0
 10
61.9986357435198
 20
232.35334242837652
 10
61.98829723738064
 20
232.57013130968622
 10
61.95728171896318
 20
232.74982946793997
 10
61.90558918826741
 20
232.8924369031378
 10
61.83321964529333
 20
232.99795361527967
 10
61.74187841064122
 20
233.07405354706685
 10
61.63327080491134
 20
233.12841064120056
 10
61.5073968281037
 20
233.16102489768076
 10
61.3642564802183
 20
233.1718963165075
 10
61.17528564120057
 20
233.15484311050477
 10
61.00400750341066
 20
233.1036834924966
 10
60.85042206684859
 20
233.01841746248294
 10
60.71452933151434
 20
232.89904502046386
 10
60.60336374488406
 20
232.73298942701228
 10
60.523959754433854
 20
232.50767394270125
 10
60.476317360163726
 20
232.2230985675307
 10
60.46043656207369
 20
231.87926330150069
 10
60.46043656207369
 20
230.0
 10
59.84652114597546
 20
230.0
 10
59.84652114597546
 20
233.61869031377898
 10
60.399045020463866
 20
233.61869031377898
 10
60.399045020463866
 20
233.11391541609822
 10
60.41268758526605
 20
233.11391541609822
 10
60.510157315825396
 20
233.25140688949523
 10
60.61839188267396
 20
233.3705661664393
 10
60.73739128581175
 20
233.4713932469304
 10
60.867155525238765
 20
233.55388813096863
 10
61.007684600954995
 20
233.61805081855388
 10
61.15897851296045
 20
233.66388130968622
 10
61.321037261255135
 20
233.6913796043656
 10
61.49386084583904
 20
233.70054570259208
 10
61.684537005457045
 20
233.690633526603
 10
61.85752046384722
 20
233.66089699863574
 10
62.012811221009564
 20
233.6113361186903
 10
62.15040927694408
 20
233.5419508867667
 10
62.27031463165076
 20
233.45274130286492
 10
62.37252728512962
 20
233.343707366985
 10
62.45704723738064
 20
233.21484907912688
 10
62.523874488403834
 20
233.06616643929058
 10
62.62933790927696
 20
233.21484907912688
 10
62.74450034106414
 20
233.343707366985
 10
62.86936178376536
 20
233.45274130286492
 10
63.00392223738064
 20
233.5419508867667
 10
63.14818170190998
 20
233.6113361186903
 10
63.30214017735336
 20
233.66089699863574
 10
63.465797663710795
 20
233.690633526603
 10
63.63915416098228
 20
233.70054570259208
 10
63.90294594133699
 20
233.68157401091403
 10
64.13156548431107
 20
233.62465893587995
 10
64.32501278990452
 20
233.52980047748977
 10
64.48328785811735
 20
233.39699863574353
 10
64.60639068894955
 20
233.2262534106412
 10
64.6943212824011
 20
233.01756480218282
 10
64.74707963847204
 20
232.77093281036835
 10
64.76466575716236
 20
232.48635743519782
 10
64.76466575716236
 20
230.0
  0
LWPOLYLINE
  5
A5
330
17
100
AcDbEntity
  8
TEXT
100
AcDbPolyline
 90
81
 70
0
 10
70.58321964529333
 20
230.0
 10
69.9693042291951
 20
230.0
 10
69.9693042291951
 20
232.2851296043656
 10
69.96717257844476
 20
232.4067402796726
 10
69.96077762619373
 20
232.51918485675307
 10
69.95011937244203
 20
232.6224633356071
 10
69.93519781718965
 20
232.71657571623464
 10
69.91142991132334
 20
232.80354706684855
 10
69.87423260572989
 20
232.88540245566168
 10
69.82360590040929
 20
232.96214188267393
 10
69.75954979536154
 20
233.0337653478854
 10
69.67886681446113
 20
233.0941976466576
 10
69.57835948158255
 20
233.13736357435198
 10
69.4580277967258
 20
233.16326313096863
 10
69.31787175989088
 20
233.1718963165075
 10
69.14328956343795
 20
233.156122100955
 10
68.98107094133698
 20
233.1087994542974
 10
68.831215893588
 20
233.0299283765348
 10
68.693724420191
 20
232.91950886766713
 10
68.57882844474761
 20
232.7737039563438
 10
68.4967598908595
 20
232.5886766712142
 10
68.44751875852661
 20
232.3644270122783
 10
68.43110504774899
 20
232.10095497953614
 10
68.43110504774899
 20
230.0
 10
67.81718963165076
 20
230.0
 10
67.81718963165076
 20
232.35334242837652
 10
67.80685112551161
 20
232.57013130968622
 10
67.77583560709414
 20
232.74982946793997
 10
67.72414307639838
 20
232.8924369031378
 10
67.65177353342429
 20
232.99795361527967
 10
67.56043229877218
 20
233.07405354706685
 10
67.45182469304231
 20
233.12841064120056
 10
67.32595071623467
 20
233.16102489768076
 10
67.18281036834927
 20
233.1718963165075
 10
66.99383952933152
 20
233.15484311050477
 10
66.82256139154163
 20
233.1036834924966
 10
66.66897595497954
 20
233.01841746248294
 10
66.5330832196453
 20
232.89904502046386
 10
66.42191763301501
 20
232.73298942701228
 10
66.34251364256481
 20
232.50767394270125
 10
66.29487124829468
 20
232.2230985675307
 10
66.27899045020465
 20
231.87926330150069
 10
66.27899045020465
 20
230.0
 10
65.66507503410642
 20
230.0
 10
65.66507503410642
 20
233.61869031377898
 10
66.21759890859482
 20
233.61869031377898
 10
66.21759890859482
 20
233.11391541609822
 10
66.231241473397
 20
233.11391541609822
 10
66.32871120395636
 20
233.25140688949523
 10
66.43694577080493
 20
233.3705661664393
 10
66.55594517394272
 20
233.4713932469304
 10
66.68570941336972
 20
233.55388813096863
 10
66.82623848908597
 20
233.61805081855388
 10
66.97753240109142
 20
233.66388130968622
 10
67.1395911493861
 20
233.6913796043656
 10
67.31241473397
 20
233.70054570259208
 10
67.50309089358801
 20
233.690633526603
 10
67.67607435197819
 20
233.66089699863574
 10
67.83136510914053
 20
233.6113361186903
 10
67.96896316507505
 20
233.5419508867667
 10
68.08886851978173
 20
233.45274130286492
 10
68.19108117326059
 20
233.343707366985
 10
68.2756011255116
 20
233.21484907912688
 10
68.3424283765348
 20
233.06616643929058
 10
68.44789179740792
 20
233.21484907912688
 10
68.5630542291951
 20
233.343707366985
 10
68.68791567189632
 20
233.45274130286492
 10
68.8224761255116
 20
233.5419508867667
 10
68.96673559004094
 20
233.6113361186903
 10
69.12069406548433
 20
233.66089699863574
 10
69.28435155184177
 20
233.690633526603
 10
69.45770804911325
 20
233.70054570259208
 10
69.72149982946796
 20
233.68157401091403
 10
69.95011937244203
 20
233.62465893587995
 10
70.14356667803548
 20
233.52980047748977
 10
70.30184174624831
 20
233.39699863574353
 10
70.42494457708051
 20
233.2262534106412
 10
70.51287517053207
 20
233.01756480218282
 10
70.56563352660301
 20
232.77093281036835
 10
70.58321964529333
 20
232.48635743519782
 10
70.58321964529333
 20
230.0
  0
LWPOLYLINE
  5
A7
330
17
100
AcDbEntity
  8
TEXT
100
AcDbPolyline
 90
11
 70
0
 10
3.9324693042291954
 20
225.40654843110505
 10
1.2210095497953615
 20
225.40654843110505
 10
1.2210095497953615
 20
223.8581173260573
 10
3.5709413369713507
 20
223.8581173260573
 10
3.5709413369713507
 20
223.26466575716233
 10
1.2210095497953615
 20
223.26466575716233
 10
1.2210095497953615
 20
221.0
 10
0.5593451568894953
 20
221.0
 10
0.5593451568894953
 20
226.0
 10
3.9324693042291954
 20
226.0
 10
3.9324693042291954
 20
225.40654843110505
  0
LWPOLYLINE
  5
A8
330
17
100
AcDbEntity
  8
TEXT
100
AcDbPolyline
 90
7
 70
0
 10
7.919508867667121
 20
221.0
 10
4.7919508867667115
 20
221.0
 10
4.7919508867667115
 20
226.0
 10
5.4536152796725785
 20
226.0
 10
5.4536152796725785
 20
221.59345156889495
 10
7.919508867667121
 20
221.59345156889495
 10
7.919508867667121
 20
221.0
  0
LWPOLYLINE
  5
A9
330
17
100
AcDbEntity
  8
TEXT
100
AcDbPolyline
 90
9
 70
0
 10
12.81718963165075
 20
221.0
 10
12.07025920873124
 20
221.0
 10
11.483628922237381
 20
222.52114597544337
 10
9.39631650750341
 20
222.52114597544337
 10
8.843792633015006
 20
221.0
 10
8.144611186903138
 20
221.0
 10
10.064802182810368
 20
226.0
 10
10.77762619372442
 20
226.0
 10
12.81718963165075
 20
221.0
  0
LWPOLYLINE
  5
AA
330
17
100
AcDbEntity
  8
TEXT
100
AcDbPolyline
 90
20
 70
0
 10
11.282401091405184
 20
223.0463847203274
 10
11.137288966575715
 20
223.43032166609822
 10
11.008910300136426
 20
223.77039989768076
 10
10.897265092087313
 20
224.06661941507502
 10
10.802353342428376
 20
224.31898021828104
 10
10.724175051159618
 20
224.52748230729878
 10
10.662730218281038
 20
224.69212568212825
 10
10.618018843792633
 20
224.81291034276944
 10
10.590040927694407
 20
224.8898362892224
 10
10.54975272851296
 20
225.00910214870396
 10
10.507332878581174
 20
225.1469133697135
 10
10.462781377899045
 20
225.30326995225101
 10
10.416098226466575
 20
225.4781718963165
 10
10.399045020463847
 20
225.4781718963165
 10
10.347245907230558
 20
225.23047407912688
 10
10.287346521145976
 20
224.99215552523873
 10
10.219346862210095
 20
224.7632162346521
 10
10.143246930422919
 20
224.54365620736698
 10
9.583901773533425
 20
223.0463847203274
 10
11.282401091405184
 20
223.0463847203274
  0
LWPOLYLINE
  5
AB
330
17
100
AcDbEntity
  8
TEXT
100
AcDbPolyline
 90
9
 70
0
 10
16.923601637107776
 20
225.40654843110505
 10
15.26944065484311
 20
225.40654843110505
 10
15.26944065484311
 20
221.0
 10
14.604365620736699
 20
221.0
 10
14.604365620736699
 20
225.40654843110505
 10
12.963847203274216
 20
225.40654843110505
 10
12.963847203274216
 20
226.0
 10
16.923601637107776
 20
226.0
 10
16.923601637107776
 20
225.40654843110505
  0
LWPOLYLINE
  5
AC
330
17
100
AcDbEntity
  8
TEXT
100
AcDbPolyline
 90
107
 70
0
 10
22.52387448840382
 20
224.53342428376536
 10
22.48699693042292
 20
224.75735419508868
 10
22.417291950886767
 20
224.9516541609823
 10
22.31475954979536
 20
225.11632418144612
 10
22.179399727148702
 20
225.25136425648023
 10
22.011212482946792
 20
225.35656122100954
 10
21.810197817189632
 20
225.43170190995906
 10
21.576355729877218
 20
225.47678632332878
 10
21.30968622100955
 20
225.49181446111868
 10
21.065825375170533
 20
225.47987721691678
 10
20.845839017735333
 20
225.44406548431104
 10
20.649727148703953
 20
225.3843792633015
 10
20.477489768076396
 20
225.30081855388812
 10
20.337227148703953
 20
225.1944491814461
 10
20.237039563437925
 20
225.0663369713506
 10
20.176927012278306
 20
224.91648192360162
 10
20.1568894952251
 20
224.7448840381992
 10
20.172343963165073
 20
224.5932170873124
 10
20.218707366984994
 20
224.46222714870396
 10
20.295979706684854
 20
224.3519142223738
 10
20.404160982264663
 20
224.26227830832195
 10
20.556041098226466
 20
224.1830874829468
 10
20.764409959072303
 20
224.10410982264665
 10
21.029267564802183
 20
224.02534532742158
 10
21.350613915416098
 20
223.9467939972715
 10
21.64670020463847
 20
223.8781548431105
 10
21.914222373806275
 20
223.8086630286494
 10
22.153180422919508
 20
223.73831855388815
 10
22.36357435197817
 20
223.66712141882675
 10
22.552651773533423
 20
223.5855857776262
 10
22.727660300136424
 20
223.4842257844475
 10
22.888599931787173
 20
223.3630414392906
 10
23.035470668485672
 20
223.22203274215553
 10
23.15782742155525
 20
223.05821538199183
 10
23.245225102319235
 20
222.86860504774899
 10
23.297663710777623
 20
222.653201739427
 10
23.315143246930422
 20
222.4120054570259
 10
23.28306190313779
 20
222.10334242837652
 10
23.18681787175989
 20
221.82196452933152
 10
23.026411152796726
 20
221.56787175989086
 10
22.801841746248293
 20
221.34106412005457
 10
22.52568639154161
 20
221.15454467939972
 10
22.21052182810368
 20
221.0213165075034
 10
21.856348055934514
 20
220.9413796043656
 10
21.463165075034105
 20
220.91473396998634
 10
21.2079798345839
 20
220.92208816507502
 10
20.9693681787176
 20
220.94415075034107
 10
20.747330107435197
 20
220.98092172578444
 10
20.541865620736697
 20
221.03240109140518
 10
20.3529747186221
 20
221.09858884720327
 10
20.180657401091402
 20
221.17948499317873
 10
20.02491366814461
 20
221.27508952933152
 10
19.885743519781716
 20
221.38540245566168
 10
19.65477916098226
 20
221.63821623465213
 10
19.485419508867665
 20
221.92598908594817
 10
19.377664563437925
 20
222.2487210095498
 10
19.33151432469304
 20
222.60641200545703
 10
19.959072305593452
 20
222.66098226466576
 10
20.00468963165075
 20
222.3812031036835
 10
20.097203274215552
 20
222.14213847203274
 10
20.236613233287855
 20
221.9437883697135
 10
20.422919508867665
 20
221.7861527967258
 10
20.643545361527966
 20
221.66603427694406
 10
20.885914051841745
 20
221.58023533424284
 10
21.150025579809004
 20
221.5287559686221
 10
21.43587994542974
 20
221.51159618008185
 10
21.700524386084584
 20
221.52587824010914
 10
21.93852319236016
 20
221.568724420191
 10
22.149876364256478
 20
221.64013472032744
 10
22.33458390177353
 20
221.74010914051843
 10
22.484545532060025
 20
221.86459754433835
 10
22.591660982264663
 20
222.00954979536152
 10
22.65593025238745
 20
222.174965893588
 10
22.677353342428376
 20
222.36084583901774
 10
22.654971009549794
 20
222.55162858117328
 10
22.58782401091405
 20
222.71469986357437
 10
22.475912346521145
 20
222.85005968622102
 10
22.319236016371075
 20
222.95770804911322
 10
22.109801330150066
 20
223.05118093451568
 10
21.839614597544337
 20
223.14401432469305
 10
21.508675818553886
 20
223.23620821964528
 10
21.116984993178715
 20
223.32776261937244
 10
20.724441507503407
 20
223.42826995225101
 10
20.39094474761255
 20
223.54732264665756
 10
20.116494713506135
 20
223.68492070259208
 10
19.90109140518417
 20
223.84106412005457
 10
19.73844645293315
 20
224.01884379263302
 10
19.622271487039562
 20
224.22135061391543
 10
19.55256650750341
 20
224.44858458390178
 10
19.529331514324692
 20
224.70054570259208
 10
19.5587482946794
 20
224.98767905866302
 10
19.64699863574352
 20
225.2488062755798
 10
19.794082537517053
 20
225.48392735334244
 10
20.0
 20
225.6930422919509
 10
20.256650750341063
 20
225.86464017735335
 10
20.555934515688946
 20
225.98721009549797
 10
20.897851296043655
 20
226.06075204638472
 10
21.282401091405184
 20
226.08526603001366
 10
21.678142053206003
 20
226.06085862892226
 10
22.033168485675304
 20
225.98763642564802
 10
22.347480388813096
 20
225.86559942019102
 10
22.62107776261937
 20
225.69474761255117
 10
22.84458134379263
 20
225.47891797407914
 10
23.008611869031377
 20
225.2219474761255
 10
23.113169338335606
 20
224.9238361186903
 10
23.15825375170532
 20
224.58458390177353
 10
22.52387448840382
 20
224.53342428376536
  0
LWPOLYLINE
  5
AD
330
17
100
AcDbEntity
  8
TEXT
100
AcDbPolyline
 90
5
 70
0
 10
24.98294679399727
 20
221.0
 10
24.31787175989086
 20
221.0
 10
24.31787175989086
 20
226.0
 10
24.98294679399727
 20
226.0
 10
24.98294679399727
 20
221.0
  0
LWPOLYLINE
  5
AE
330
17
100
AcDbEntity
  8
TEXT
100
AcDbPolyline
 90
20
 70
0
 10
29.696452933151434
 20
221.0
 10
25.743519781718962
 20
221.0
 10
25.743519781718962
 20
221.62073669849931
 10
28.304911323328785
 20
224.8130968622101
 10
28.316209072305593
 20
224.83089614597543
 10
28.350102319236015
 20
224.87406207366985
 10
28.406591064120054
 20
224.9425946452933
 10
28.48567530695771
 20
225.03649386084584
 10
28.574565143246932
 20
225.13955917462482
 10
28.660470668485676
 20
225.2355900409277
 10
28.743391882673944
 20
225.32458645975444
 10
28.823328785811732
 20
225.40654843110505
 10
26.030013642564803
 20
225.40654843110505
 10
26.030013642564803
 20
226.0
 10
29.61118690313779
 20
226.0
 10
29.61118690313779
 20
225.40654843110505
 10
26.804229195088677
 20
221.95156889495226
 10
26.504092769440653
 20
221.59345156889495
 10
29.696452933151434
 20
221.59345156889495
 10
29.696452933151434
 20
221.0
  0
LWPOLYLINE
  5
AF
330
17
100
AcDbEntity
  8
TEXT
100
AcDbPolyline
 90
13
 70
0
 10
34.1712141882674
 20
221.0
 10
30.43656207366985
 20
221.0
 10
30.43656207366985
 20
226.0
 10
34.05525238744884
 20
226.0
 10
34.05525238744884
 20
225.40654843110505
 10
31.098226466575717
 20
225.40654843110505
 10
31.098226466575717
 20
223.87858117326059
 10
33.86425648021828
 20
223.87858117326059
 10
33.86425648021828
 20
223.2851296043656
 10
31.098226466575717
 20
223.2851296043656
 10
31.098226466575717
 20
221.59345156889495
 10
34.1712141882674
 20
221.59345156889495
 10
34.1712141882674
 20
221.0
  0
LWPOLYLINE
  5
B0
330
17
100
AcDbEntity
  8
TEXT
100
AcDbPolyline
 90
5
 70
0
 10
35.869713506139156
 20
223.91950886766713
 10
35.170532060027284
 20
223.91950886766713
 10
35.170532060027284
 20
224.61869031377898
 10
35.869713506139156
 20
224.61869031377898
 10
35.869713506139156
 20
223.91950886766713
  0
LWPOLYLINE
  5
B1
330
17
100
AcDbEntity
  8
TEXT
100
AcDbPolyline
 90
5
 70
0
 10
35.869713506139156
 20
221.0
 10
35.170532060027284
 20
221.0
 10
35.170532060027284
 20
221.69918144611188
 10
35.869713506139156
 20
221.69918144611188
 10
35.869713506139156
 20
221.0
  0
LWPOLYLINE
  5
B2
330
17
100
AcDbEntity
  8
TEXT
100
AcDbPolyline
 90
18
 70
0
 10
41.04365620736699
 20
221.0
 10
40.42974079126877
 20
221.0
 10
40.42974079126877
 20
224.9120054570259
 10
40.18012448840383
 20
224.7020378581173
 10
39.891712141882685
 20
224.5086971350614
 10
39.56450375170533
 20
224.33198328785812
 10
39.19849931787177
 20
224.1718963165075
 10
39.19849931787177
 20
224.76534788540246
 10
39.45312500000001
 20
224.89617795020465
 10
39.686647339699874
 20
225.03457537517053
 10
39.89906633697136
 20
225.18054016030013
 10
40.09038199181447
 20
225.33407230559345
 10
40.2605943042292
 20
225.49517181105045
 10
40.40970327421556
 20
225.6638386766712
 10
40.53770890177354
 20
225.84007290245566
 10
40.64461118690315
 20
226.0238744884038
 10
41.04365620736699
 20
226.0238744884038
 10
41.04365620736699
 20
221.0
  0
LWPOLYLINE
  5
B3
330
17
100
AcDbEntity
  8
TEXT
100
AcDbPolyline
 90
12
 70
0
 10
45.86971350613916
 20
222.193724420191
 10
45.19440654843111
 20
222.193724420191
 10
45.19440654843111
 20
221.0
 10
44.58049113233289
 20
221.0
 10
44.58049113233289
 20
222.193724420191
 10
42.414733969986365
 20
222.193724420191
 10
42.414733969986365
 20
222.75989085948157
 10
44.68963165075035
 20
226.0
 10
45.19440654843111
 20
226.0
 10
45.19440654843111
 20
222.75989085948157
 10
45.86971350613916
 20
222.75989085948157
 10
45.86971350613916
 20
222.193724420191
  0
LWPOLYLINE
  5
B4
330
17
100
AcDbEntity
  8
TEXT
100
AcDbPolyline
 90
5
 70
0
 10
44.58049113233289
 20
222.75989085948157
 10
44.58049113233289
 20
225.01773533424284
 10
44.566848567530705
 20
225.01773533424284
 10
43.01500682128241
 20
222.75989085948157
 10
44.58049113233289
 20
222.75989085948157
  0
LWPOLYLINE
  5
B5
330
17
100
AcDbEntity
  8
TEXT
100
AcDbPolyline
 90
12
 70
0
 10
49.75443383356072
 20
222.193724420191
 10
49.079126875852666
 20
222.193724420191
 10
49.079126875852666
 20
221.0
 10
48.46521145975444
 20
221.0
 10
48.46521145975444
 20
222.193724420191
 10
46.29945429740792
 20
222.193724420191
 10
46.29945429740792
 20
222.75989085948157
 10
48.574351978171904
 20
226.0
 10
49.079126875852666
 20
226.0
 10
49.079126875852666
 20
222.75989085948157
 10
49.75443383356072
 20
222.75989085948157
 10
49.75443383356072
 20
222.193724420191
  0
LWPOLYLINE
  5
B6
330
17
100
AcDbEntity
  8
TEXT
100
AcDbPolyline
 90
5
 70
0
 10
48.46521145975444
 20
222.75989085948157
 10
48.46521145975444
 20
225.01773533424284
 10
48.45156889495226
 20
225.01773533424284
 10
46.89972714870397
 20
222.75989085948157
 10
48.46521145975444
 20
222.75989085948157
  0
LWPOLYLINE
  5
B7
330
17
100
AcDbEntity
  8
TEXT
100
AcDbPolyline
 90
5
 70
0
 10
51.398362892223744
 20
221.0
 10
50.69918144611188
 20
221.0
 10
50.69918144611188
 20
221.69918144611188
 10
51.398362892223744
 20
221.69918144611188
 10
51.398362892223744
 20
221.0
  0
LWPOLYLINE
  5
B8
330
17
100
AcDbEntity
  8
TEXT
100
AcDbPolyline
 90
113
 70
0
 10
54.66575716234653
 20
223.70463847203274
 10
54.88350528649387
 20
223.64335351296043
 10
55.072902455661676
 20
223.54817530695772
 10
55.233948669849944
 20
223.41910385402457
 10
55.366643929058675
 20
223.256139154161
 10
55.47034873806277
 20
223.07228427694406
 10
55.54442360163712
 20
222.8805422919509
 10
55.58886851978173
 20
222.68091319918145
 10
55.6036834924966
 20
222.47339699863574
 10
55.57266797407914
 20
222.14757418144612
 10
55.47962141882675
 20
221.85223396998634
 10
55.324543826739436
 20
221.58737636425647
 10
55.107435197817196
 20
221.35300136425647
 10
54.84705405866303
 20
221.1612593792633
 10
54.56215893587996
 20
221.02430081855388
 10
54.25274982946795
 20
220.94212568212822
 10
53.918826739427026
 20
220.91473396998634
 10
53.60248976807641
 20
220.9388216234652
 10
53.31514324693043
 20
221.01108458390178
 10
53.0567871759891
 20
221.13152285129604
 10
52.8274215552524
 20
221.30013642564802
 10
52.6349334924966
 20
221.50839870395635
 10
52.487210095497964
 20
221.74778308321964
 10
52.384251364256485
 20
222.01828956343795
 10
52.32605729877218
 20
222.3199181446112
 10
52.93997271487041
 20
222.40518417462482
 10
52.99550221691679
 20
222.17347373806277
 10
53.07000341064121
 20
221.97288540245566
 10
53.16347629604367
 20
221.80341916780355
 10
53.27592087312416
 20
221.66507503410642
 10
53.40755030695772
 20
221.55763983628924
 10
53.55857776261938
 20
221.48090040927696
 10
53.72900324010915
 20
221.4348567530696
 10
53.918826739427026
 20
221.41950886766713
 10
54.12549027967259
 20
221.43837397680764
 10
54.31574010914053
 20
221.4949693042292
 10
54.489576227830845
 20
221.58929484993178
 10
54.64699863574353
 20
221.7213506139154
 10
54.77756224420192
 20
221.8806915075034
 10
54.87082196452934
 20
222.05687244201908
 10
54.926777796725794
 20
222.2498934174625
 10
54.945429740791276
 20
222.45975443383355
 10
54.92848311732607
 20
222.66055593451568
 10
54.87764324693043
 20
222.84345156889495
 10
54.79291012960437
 20
223.00844133697134
 10
54.674283765347894
 20
223.15552523874487
 10
54.52837227148705
 20
223.2763898362892
 10
54.361783765347894
 20
223.36272169167802
 10
54.17451824693043
 20
223.41452080491132
 10
53.966575716234665
 20
223.4317871759891
 10
53.87299624829469
 20
223.42773703956343
 10
53.76961118690315
 20
223.4155866302865
 10
53.65642053206003
 20
223.39533594815825
 10
53.533424283765356
 20
223.3669849931787
 10
53.605047748976816
 20
223.90586630286495
 10
53.72143587994544
 20
223.90735845839018
 10
53.82503410641201
 20
223.9118349249659
 10
53.91584242837654
 20
223.91929570259208
 10
53.99386084583903
 20
223.92974079126876
 10
54.06761596180083
 20
223.94594133697134
 10
54.14563437926331
 20
223.9706684856753
 10
54.22791609822648
 20
224.00392223738064
 10
54.314461118690325
 20
224.0457025920873
 10
54.3993008185539
 20
224.09675562755797
 10
54.476466575716245
 20
224.15782742155525
 10
54.54595839017736
 20
224.22891797407914
 10
54.60777626193725
 20
224.3100272851296
 10
54.65850954979537
 20
224.4013685197817
 10
54.69474761255117
 20
224.5031548431105
 10
54.716490450204645
 20
224.61538625511596
 10
54.72373806275581
 20
224.7380627557981
 10
54.70828359481583
 20
224.91349761255117
 10
54.661920190995914
 20
225.0680422919509
 10
54.584647851296054
 20
225.20169679399726
 10
54.476466575716245
 20
225.3144611186903
 10
54.3480346180082
 20
225.40399045020462
 10
54.21001023192361
 20
225.46793997271487
 10
54.062393417462495
 20
225.506309686221
 10
53.90518417462484
 20
225.51909959072304
 10
53.72793741473398
 20
225.50439120054568
 10
53.56795702592088
 20
225.46026603001363
 10
53.42524300818555
 20
225.38672407912688
 10
53.29979536152798
 20
225.2837653478854
 10
53.19374573669851
 20
225.15352148703957
 10
53.10922578444749
 20
224.9981241473397
 10
53.046235504774906
 20
224.8175733287858
 10
53.004774897680775
 20
224.6118690313779
 10
52.390859481582545
 20
224.72442019099591
 10
52.468558151432475
 20
225.02967257844475
 10
52.58228171896317
 20
225.29399727148703
 10
52.73203018417463
 20
225.5173942701228
 10
52.91780354706686
 20
225.69986357435198
 10
53.13150153478855
 20
225.84161834924964
 10
53.365023874488415
 20
225.94287175989086
 10
53.61837056616645
 20
226.00362380627556
 10
53.89154160982265
 20
226.0238744884038
 10
54.19071879263302
 20
226.00031974761254
 10
54.464103001364265
 20
225.92965552523873
 10
54.71169423601638
 20
225.8118818212824
 10
54.933492496589366
 20
225.64699863574353
 10
55.11628154843112
 20
225.4480090381992
 10
55.246845156889506
 20
225.22791609822647
 10
55.325183321964545
 20
224.98671981582538
 10
55.35129604365622
 20
224.72442019099591
 10
55.34058449863576
 20
224.55575332537518
 10
55.30844986357437
 20
224.3993434515689
 10
55.254892138472044
 20
224.25519056957708
 10
55.179911323328795
 20
224.12329467939972
 10
55.08350741814462
 20
224.00365578103683
 10
54.96568042291952
 20
223.8962738744884
 10
54.82643033765349
 20
223.80114895975444
 10
54.66575716234653
 20
223.71828103683492
 10
54.66575716234653
 20
223.70463847203274
  0
LWPOLYLINE
  5
B9
330
17
100
AcDbEntity
  8
TEXT
100
AcDbPolyline
 90
12
 70
0
 10
59.464529331514335
 20
222.193724420191
 10
58.78922237380628
 20
222.193724420191
 10
58.78922237380628
 20
221.0
 10
58.17530695770806
 20
221.0
 10
58.17530695770806
 20
222.193724420191
 10
56.009549795361536
 20
222.193724420191
 10
56.009549795361536
 20
222.75989085948157
 10
58.28444747612552
 20
226.0
 10
58.78922237380628
 20
226.0
 10
58.78922237380628
 20
222.75989085948157
 10
59.464529331514335
 20
222.75989085948157
 10
59.464529331514335
 20
222.193724420191
  0
LWPOLYLINE
  5
BA
330
17
100
AcDbEntity
  8
TEXT
100
AcDbPolyline
 90
5
 70
0
 10
58.17530695770806
 20
222.75989085948157
 10
58.17530695770806
 20
225.01773533424284
 10
58.16166439290588
 20
225.01773533424284
 10
56.609822646657584
 20
222.75989085948157
 10
58.17530695770806
 20
222.75989085948157
  0
LWPOLYLINE
  5
BB
330
17
100
AcDbEntity
  8
TEXT
100
AcDbPolyline
 90
20
 70
0
 10
65.17394270122784
 20
221.0
 10
64.4167803547067
 20
221.0
 10
63.47544338335608
 20
222.4324693042292
 10
62.523874488403834
 20
221.0
 10
61.77694406548432
 20
221.0
 10
63.1036834924966
 20
222.88608458390178
 10
61.88267394270124
 20
224.61869031377898
 10
62.64324693042293
 20
224.61869031377898
 10
62.818575204638485
 20
224.35367283424284
 10
62.97280013642566
 20
224.11967087312414
 10
63.105921725784455
 20
223.91668443042292
 10
63.21793997271488
 20
223.74471350613914
 10
63.30885487721692
 20
223.60375810027284
 10
63.3786664392906
 20
223.493818212824
 10
63.42737465893589
 20
223.4148938437926
 10
63.454979536152806
 20
223.3669849931787
 10
64.3417462482947
 20
224.61869031377898
 10
65.07503410641202
 20
224.61869031377898
 10
63.823328785811746
 20
222.92019099590723
 10
65.17394270122784
 20
221.0
  0
LWPOLYLINE
  5
BC
330
17
100
AcDbEntity
  8
TEXT
100
AcDbPolyline
 90
69
 70
0
 10
70.68894952251024
 20
221.0
 10
67.37721691678037
 20
221.0
 10
67.39565569577081
 20
221.21209924965893
 10
67.45097203274217
 20
221.42547748976807
 10
67.54316592769442
 20
221.64013472032744
 10
67.67223738062758
 20
221.85607094133698
 10
67.85182895634381
 20
222.0862892223738
 10
68.0955832196453
 20
222.343792633015
 10
68.40350017053208
 20
222.62858117326059
 10
68.77557980900411
 20
222.9406548431105
 10
69.01624317871762
 20
223.14092343110505
 10
69.24369031377901
 20
223.34609481582538
 10
69.45792121418829
 20
223.55616899727147
 10
69.65893587994545
 20
223.77114597544337
 10
69.82904160982267
 20
223.9888940995907
 10
69.95054570259211
 20
224.20728171896317
 10
70.02344815825377
 20
224.4263088335607
 10
70.04774897680765
 20
224.64597544338335
 10
70.03101551841748
 20
224.82705917462482
 10
69.98081514324694
 20
224.99172919508868
 10
69.89714785129607
 20
225.1399855047749
 10
69.78001364256482
 20
225.2718281036835
 10
69.6372996248295
 20
225.3800093792633
 10
69.47689290586632
 20
225.45728171896315
 10
69.29879348567533
 20
225.50364512278307
 10
69.1030013642565
 20
225.51909959072304
 10
68.90497100954981
 20
225.503218792633
 10
68.72356753069579
 20
225.4555763983629
 10
68.55879092769442
 20
225.3761724079127
 10
68.41064120054571
 20
225.2650068212824
 10
68.2880712824011
 20
225.12229280354708
 10
68.20003410641202
 20
224.94824351978173
 10
68.14652967257845
 20
224.74285896998637
 10
68.12755798090042
 20
224.506139154161
 10
67.49658935879947
 20
224.57776261937244
 10
67.54956087994545
 20
224.90838165075033
 10
67.65049454297409
 20
225.19764665757162
 10
67.79939034788542
 20
225.4455576398363
 10
67.99624829467942
 20
225.65211459754434
 10
68.23190228512962
 20
225.81475954979535
 10
68.49718622100957
 20
225.93093451568893
 10
68.79210010231925
 20
226.0006394952251
 10
69.11664392905868
 20
226.0238744884038
 10
69.46463591405185
 20
225.99840126193723
 10
69.77191336971353
 20
225.9219815825375
 10
70.03847629604367
 20
225.79461545020462
 10
70.26432469304231
 20
225.6163028649386
 10
70.44412943383358
 20
225.4019653819918
 10
70.57256139154163
 20
225.16652455661665
 10
70.64962056616645
 20
224.9099803888131
 10
70.67530695770806
 20
224.63233287858117
 10
70.6536707025921
 20
224.39113659618008
 10
70.58876193724421
 20
224.14844815825376
 10
70.4805806616644
 20
223.90426756480218
 10
70.32912687585268
 20
223.65859481582538
 10
70.23184366473399
 20
223.5301895037517
 10
70.11308407230561
 20
223.39139239427013
 10
69.97284809856755
 20
223.24220348738064
 10
69.8111357435198
 20
223.08262278308322
 10
69.62794700716236
 20
222.9126502813779
 10
69.42328188949524
 20
222.73228598226467
 10
69.19714039051844
 20
222.54152988574353
 10
68.94952251023194
 20
222.34038199181447
 10
68.70118519781721
 20
222.13126705320602
 10
68.49846521145977
 20
221.93707366984992
 10
68.34136255115963
 20
221.75780184174624
 10
68.22987721691679
 20
221.59345156889495
 10
70.68894952251024
 20
221.59345156889495
 10
70.68894952251024
 20
221.0
  0
LWPOLYLINE
  5
BD
330
17
100
AcDbEntity
  8
TEXT
100
AcDbPolyline
 90
65
 70
0
 10
72.98772169167806
 20
226.0238744884038
 10
73.18513919679403
 20
226.01388237551157
 10
73.36982008867669
 20
225.98390603683492
 10
73.54176436732608
 20
225.93394547237378
 10
73.70097203274217
 20
225.86400068212822
 10
73.84744308492499
 20
225.77407166609822
 10
73.9811775238745
 20
225.66415842428376
 10
74.10217534959074
 20
225.53426095668485
 10
74.21043656207368
 20
225.3843792633015
 10
74.30596116132335
 20
225.21451334413368
 10
74.38874914733972
 20
225.02466319918145
 10
74.45880052012281
 20
224.81482882844475
 10
74.51611527967259
 20
224.5850102319236
 10
74.5606934259891
 20
224.335207409618
 10
74.59253495907232
 20
224.06542036152797
 10
74.61163987892225
 20
223.77564908765348
 10
74.6180081855389
 20
223.46589358799454
 10
74.61142671384722
 20
223.15310048601637
 10
74.59168229877218
 20
222.86103768758525
 10
74.5587749403138
 20
222.58970519270122
 10
74.51270463847206
 20
222.33910300136426
 10
74.45347139324696
 20
222.10923111357434
 10
74.38107520463849
 20
221.9000895293315
 10
74.29551607264668
 20
221.71167824863574
 10
74.19679399727151
 20
221.54399727148703
 10
74.08576163881312
 20
221.39651368519782
 10
73.96327165757165
 20
221.26869457708048
 10
73.8293240535471
 20
221.16053994713505
 10
73.68391882673944
 20
221.07204979536152
 10
73.52705597714873
 20
221.00322412175987
 10
73.35873550477493
 20
220.95406292633012
 10
73.17895740961804
 20
220.92456620907228
 10
72.98772169167806
 20
220.91473396998634
 10
72.79071719389498
 20
220.9246994372442
 10
72.6064226637108
 20
220.9545958390177
 10
72.43483810112554
 20
221.00442317530695
 10
72.27596350613918
 20
221.07418144611185
 10
72.12979887875173
 20
221.16387065143246
 10
71.99634421896319
 20
221.27349079126876
 10
71.87559952677356
 20
221.40304186562074
 10
71.76756480218283
 20
221.5525238744884
 10
71.67224004519102
 20
221.72193681787175
 10
71.58962525579811
 20
221.91128069577078
 10
71.51972043400411
 20
222.12055550818553
 10
71.46252557980903
 20
222.34976125511596
 10
71.41804069321284
 20
222.59889793656208
 10
71.38626577421557
 20
222.86796555252388
 10
71.36720082281721
 20
223.15696410300137
 10
71.36084583901776
 20
223.46589358799454
 10
71.36742731070943
 20
223.77873998124147
 10
71.38717172578447
 20
224.07096265347886
 10
71.42007908424286
 20
224.34256160470667
 10
71.46614938608461
 20
224.59353683492498
 10
71.52538263130971
 20
224.8238883441337
 10
71.59777881991816
 20
225.03361613233287
 10
71.68333795190998
 20
225.2227201995225
 10
71.78206002728516
 20
225.3912005457026
 10
71.89303909447479
 20
225.5394835010232
 10
72.01536920190998
 20
225.66799539563436
 10
72.14905034959074
 20
225.77673622953614
 10
72.29408253751707
 20
225.8657060027285
 10
72.45046576568897
 20
225.93490471521145
 10
72.61820003410644
 20
225.98433236698497
 10
72.79728534276947
 20
226.0139889580491
 10
72.98772169167806
 20
226.0238744884038
  0
LWPOLYLINE
  5
BE
330
17
100
AcDbEntity
  8
TEXT
100
AcDbPolyline
 90
49
 70
0
 10
72.98772169167806
 20
221.41950886766713
 10
73.2198584583902
 20
221.44945856070942
 10
73.4217257844475
 20
221.5393076398363
 10
73.59332366984995
 20
221.68905610504774
 10
73.73465211459757
 20
221.89870395634378
 10
73.79380542291953
 20
222.02801521998634
 10
73.84507162346523
 20
222.1763514665757
 10
73.88845071623467
 20
222.34371269611185
 10
73.92394270122784
 20
222.53009890859482
 10
73.95154757844477
 20
222.73551010402454
 10
73.97126534788542
 20
222.9599462824011
 10
73.98309600954981
 20
223.20340744372442
 10
73.98703956343795
 20
223.46589358799454
 10
73.98011169849934
 20
223.8243306616644
 10
73.95932810368352
 20
224.1424795361528
 10
73.92468877899047
 20
224.42034021145975
 10
73.87619372442022
 20
224.65791268758525
 10
73.81373635743522
 20
224.86148533424284
 10
73.73721009549797
 20
225.037346521146
 10
73.64661493860848
 20
225.1854962482947
 10
73.54195088676673
 20
225.30593451568896
 10
73.42311135743522
 20
225.39919423601637
 10
73.28998976807642
 20
225.46580832196452
 10
73.14258611869033
 20
225.50577677353343
 10
72.98090040927697
 20
225.51909959072304
 10
72.74897680763986
 20
225.48861698499317
 10
72.54774897680767
 20
225.39716916780355
 10
72.37721691678037
 20
225.24475613915416
 10
72.237380627558
 20
225.03137789904503
 10
72.17902668826741
 20
224.90022808663028
 10
72.12845327421557
 20
224.7506394952251
 10
72.08566038540248
 20
224.58261212482947
 10
72.05064802182812
 20
224.39614597544337
 10
72.02341618349251
 20
224.19124104706685
 10
72.00396487039565
 20
223.96789733969987
 10
71.99229408253754
 20
223.72611485334244
 10
71.98840381991816
 20
223.46589358799454
 10
71.99543826739429
 20
223.1118263983629
 10
72.01654160982267
 20
222.79655525238744
 10
72.05171384720329
 20
222.5200801500682
 10
72.10095497953617
 20
222.28240109140518
 10
72.16405184174627
 20
222.07808236698497
 10
72.24079126875854
 20
221.90168826739426
 10
72.33117326057301
 20
221.753218792633
 10
72.43519781718966
 20
221.63267394270122
 10
72.55286493860848
 20
221.5394142223738
 10
72.6841746248295
 20
221.47280013642566
 10
72.8291268758527
 20
221.43283168485675
 10
72.98772169167806
 20
221.41950886766713
  0
LWPOLYLINE
  5
BF
330
17
100
AcDbEntity
  8
TEXT
100
AcDbPolyline
 90
65
 70
0
 10
76.87244201909962
 20
226.0238744884038
 10
77.06985952421559
 20
226.01388237551157
 10
77.25454041609825
 20
225.98390603683492
 10
77.42648469474764
 20
225.93394547237378
 10
77.58569236016373
 20
225.86400068212822
 10
77.73216341234655
 20
225.77407166609822
 10
77.86589785129607
 20
225.66415842428376
 10
77.9868956770123
 20
225.53426095668485
 10
78.09515688949526
 20
225.3843792633015
 10
78.19068148874491
 20
225.21451334413368
 10
78.27346947476128
 20
225.02466319918145
 10
78.34352084754437
 20
224.81482882844475
 10
78.40083560709415
 20
224.5850102319236
 10
78.44541375341066
 20
224.335207409618
 10
78.47725528649389
 20
224.06542036152797
 10
78.49636020634381
 20
223.77564908765348
 10
78.50272851296046
 20
223.46589358799454
 10
78.49614704126878
 20
223.15310048601637
 10
78.47640262619375
 20
222.86103768758525
 10
78.44349526773536
 20
222.58970519270122
 10
78.3974249658936
 20
222.33910300136426
 10
78.33819172066852
 20
222.10923111357434
 10
78.26579553206005
 20
221.9000895293315
 10
78.18023640006824
 20
221.71167824863574
 10
78.08151432469307
 20
221.54399727148703
 10
77.97048196623469
 20
221.39651368519782
 10
77.84799198499321
 20
221.26869457708048
 10
77.71404438096866
 20
221.16053994713505
 10
77.56863915416102
 20
221.07204979536152
 10
77.4117763045703
 20
221.00322412175987
 10
77.24345583219649
 20
220.95406292633012
 10
77.0636777370396
 20
220.92456620907228
 10
76.87244201909962
 20
220.91473396998634
 10
76.67543752131654
 20
220.9246994372442
 10
76.49114299113236
 20
220.9545958390177
 10
76.3195584285471
 20
221.00442317530695
 10
76.16068383356074
 20
221.07418144611185
 10
76.01451920617329
 20
221.16387065143246
 10
75.88106454638475
 20
221.27349079126876
 10
75.76031985419512
 20
221.40304186562074
 10
75.6522851296044
 20
221.5525238744884
 10
75.55696037261258
 20
221.72193681787175
 10
75.47434558321967
 20
221.91128069577078
 10
75.40444076142568
 20
222.12055550818553
 10
75.34724590723059
 20
222.34976125511596
 10
75.3027610206344
 20
222.59889793656208
 10
75.27098610163713
 20
222.86796555252388
 10
75.25192115023877
 20
223.15696410300137
 10
75.24556616643932
 20
223.46589358799454
 10
75.25214763813099
 20
223.77873998124147
 10
75.27189205320603
 20
224.07096265347886
 10
75.30479941166442
 20
224.34256160470667
 10
75.35086971350617
 20
224.59353683492498
 10
75.41010295873127
 20
224.8238883441337
 10
75.48249914733972
 20
225.03361613233287
 10
75.56805827933154
 20
225.2227201995225
 10
75.66678035470672
 20
225.3912005457026
 10
75.77775942189635
 20
225.5394835010232
 10
75.90008952933154
 20
225.66799539563436
 10
76.0337706770123
 20
225.77673622953614
 10
76.17880286493863
 20
225.8657060027285
 10
76.33518609311054
 20
225.93490471521145
 10
76.502920361528
 20
225.98433236698497
 10
76.68200567019103
 20
226.0139889580491
 10
76.87244201909962
 20
226.0238744884038
  0
LWPOLYLINE
  5
C0
330
17
100
AcDbEntity
  8
TEXT
100
AcDbPolyline
 90
49
 70
0
 10
76.87244201909962
 20
221.41950886766713
 10
77.10457878581177
 20
221.44945856070942
 10
77.30644611186906
 20
221.5393076398363
 10
77.47804399727151
 20
221.68905610504774
 10
77.61937244201913
 20
221.89870395634378
 10
77.6785257503411
 20
222.02801521998634
 10
77.72979195088679
 20
222.1763514665757
 10
77.77317104365623
 20
222.34371269611185
 10
77.80866302864942
 20
222.53009890859482
 10
77.83626790586634
 20
222.73551010402454
 10
77.85598567530698
 20
222.9599462824011
 10
77.86781633697137
 20
223.20340744372442
 10
77.87175989085951
 20
223.46589358799454
 10
77.8648320259209
 20
223.8243306616644
 10
77.84404843110508
 20
224.1424795361528
 10
77.80940910641203
 20
224.42034021145975
 10
77.76091405184178
 20
224.65791268758525
 10
77.69845668485678
 20
224.86148533424284
 10
77.62193042291955
 20
225.037346521146
 10
77.53133526603004
 20
225.1854962482947
 10
77.4266712141883
 20
225.30593451568896
 10
77.30783168485678
 20
225.39919423601637
 10
77.17471009549799
 20
225.46580832196452
 10
77.02730644611191
 20
225.50577677353343
 10
76.86562073669853
 20
225.51909959072304
 10
76.63369713506142
 20
225.48861698499317
 10
76.43246930422923
 20
225.39716916780355
 10
76.26193724420193
 20
225.24475613915416
 10
76.12210095497956
 20
225.03137789904503
 10
76.06374701568897
 20
224.90022808663028
 10
76.01317360163713
 20
224.7506394952251
 10
75.97038071282404
 20
224.58261212482947
 10
75.93536834924969
 20
224.39614597544337
 10
75.90813651091408
 20
224.19124104706685
 10
75.88868519781721
 20
223.96789733969987
 10
75.8770144099591
 20
223.72611485334244
 10
75.87312414733972
 20
223.46589358799454
 10
75.88015859481585
 20
223.1118263983629
 10
75.90126193724423
 20
222.79655525238744
 10
75.93643417462485
 20
222.5200801500682
 10
75.98567530695773
 20
222.28240109140518
 10
76.04877216916783
 20
222.07808236698497
 10
76.1255115961801
 20
221.90168826739426
 10
76.21589358799457
 20
221.753218792633
 10
76.31991814461122
 20
221.63267394270122
 10
76.43758526603006
 20
221.5394142223738
 10
76.56889495225106
 20
221.47280013642566
 10
76.71384720327424
 20
221.43283168485675
 10
76.87244201909962
 20
221.41950886766713
  0
LWPOLYLINE
  5
C1
330
17
100
AcDbEntity
  8
TEXT
100
AcDbPolyline
 90
5
 70
0
 10
80.13642564802187
 20
221.0
 10
79.43724420190999
 20
221.0
 10
79.43724420190999
 20
221.69918144611188
 10
80.13642564802187
 20
221.69918144611188
 10
80.13642564802187
 20
221.0
  0
LWPOLYLINE
  5
C2
330
17
100
AcDbEntity
  8
TEXT
100
AcDbPolyline
 90
65
 70
0
 10
82.69781718963169
 20
226.0238744884038
 10
82.89523469474766
 20
226.01388237551157
 10
83.07991558663032
 20
225.98390603683492
 10
83.25185986527971
 20
225.93394547237378
 10
83.4110675306958
 20
225.86400068212822
 10
83.55753858287862
 20
225.77407166609822
 10
83.69127302182814
 20
225.66415842428376
 10
83.81227084754437
 20
225.53426095668485
 10
83.92053206002731
 20
225.3843792633015
 10
84.01605665927698
 20
225.21451334413368
 10
84.09884464529335
 20
225.02466319918145
 10
84.16889601807644
 20
224.81482882844475
 10
84.22621077762622
 20
224.5850102319236
 10
84.27078892394273
 20
224.335207409618
 10
84.30263045702596
 20
224.06542036152797
 10
84.32173537687588
 20
223.77564908765348
 10
84.32810368349253
 20
223.46589358799454
 10
84.32152221180085
 20
223.15310048601637
 10
84.30177779672582
 20
222.86103768758525
 10
84.26887043826743
 20
222.58970519270122
 10
84.22280013642569
 20
222.33910300136426
 10
84.16356689120059
 20
222.10923111357434
 10
84.09117070259212
 20
221.9000895293315
 10
84.00561157060031
 20
221.71167824863574
 10
83.90688949522514
 20
221.54399727148703
 10
83.79585713676676
 20
221.39651368519782
 10
83.67336715552528
 20
221.26869457708048
 10
83.53941955150073
 20
221.16053994713505
 10
83.39401432469307
 20
221.07204979536152
 10
83.23715147510237
 20
221.00322412175987
 10
83.06883100272856
 20
220.95406292633012
 10
82.88905290757167
 20
220.92456620907228
 10
82.69781718963169
 20
220.91473396998634
 10
82.50081269184861
 20
220.9246994372442
 10
82.31651816166443
 20
220.9545958390177
 10
82.14493359907917
 20
221.00442317530695
 10
81.98605900409281
 20
221.07418144611185
 10
81.83989437670536
 20
221.16387065143246
 10
81.70643971691682
 20
221.27349079126876
 10
81.58569502472719
 20
221.40304186562074
 10
81.47766030013646
 20
221.5525238744884
 10
81.38233554314465
 20
221.72193681787175
 10
81.29972075375174
 20
221.91128069577078
 10
81.22981593195775
 20
222.12055550818553
 10
81.17262107776266
 20
222.34976125511596
 10
81.12813619116648
 20
222.59889793656208
 10
81.0963612721692
 20
222.86796555252388
 10
81.07729632077084
 20
223.15696410300137
 10
81.07094133697139
 20
223.46589358799454
 10
81.07752280866306
 20
223.77873998124147
 10
81.0972672237381
 20
224.07096265347886
 10
81.13017458219649
 20
224.34256160470667
 10
81.17624488403824
 20
224.59353683492498
 10
81.23547812926334
 20
224.8238883441337
 10
81.30787431787179
 20
225.03361613233287
 10
81.39343344986361
 20
225.2227201995225
 10
81.49215552523879
 20
225.3912005457026
 10
81.60313459242842
 20
225.5394835010232
 10
81.72546469986361
 20
225.66799539563436
 10
81.85914584754437
 20
225.77673622953614
 10
82.0041780354707
 20
225.8657060027285
 10
82.1605612636426
 20
225.93490471521145
 10
82.32829553206007
 20
225.98433236698497
 10
82.5073808407231
 20
226.0139889580491
 10
82.69781718963169
 20
226.0238744884038
  0
LWPOLYLINE
  5
C3
330
17
100
AcDbEntity
  8
TEXT
100
AcDbPolyline
 90
49
 70
0
 10
82.69781718963169
 20
221.41950886766713
 10
82.92995395634384
 20
221.44945856070942
 10
83.13182128240113
 20
221.5393076398363
 10
83.30341916780358
 20
221.68905610504774
 10
83.4447476125512
 20
221.89870395634378
 10
83.50390092087316
 20
222.02801521998634
 10
83.55516712141886
 20
222.1763514665757
 10
83.5985462141883
 20
222.34371269611185
 10
83.63403819918148
 20
222.53009890859482
 10
83.6616430763984
 20
222.73551010402454
 10
83.68136084583905
 20
222.9599462824011
 10
83.69319150750344
 20
223.20340744372442
 10
83.69713506139158
 20
223.46589358799454
 10
83.69020719645297
 20
223.8243306616644
 10
83.66942360163715
 20
224.1424795361528
 10
83.6347842769441
 20
224.42034021145975
 10
83.58628922237385
 20
224.65791268758525
 10
83.52383185538885
 20
224.86148533424284
 10
83.4473055934516
 20
225.037346521146
 10
83.35671043656211
 20
225.1854962482947
 10
83.25204638472036
 20
225.30593451568896
 10
83.13320685538885
 20
225.39919423601637
 10
83.00008526603006
 20
225.46580832196452
 10
82.85268161664396
 20
225.50577677353343
 10
82.6909959072306
 20
225.51909959072304
 10
82.4590723055935
 20
225.48861698499317
 10
82.2578444747613
 20
225.39716916780355
 10
82.087312414734
 20
225.24475613915416
 10
81.94747612551163
 20
225.03137789904503
 10
81.88912218622104
 20
224.90022808663028
 10
81.8385487721692
 20
224.7506394952251
 10
81.79575588335611
 20
224.58261212482947
 10
81.76074351978176
 20
224.39614597544337
 10
81.73351168144615
 20
224.19124104706685
 10
81.71406036834928
 20
223.96789733969987
 10
81.70238958049117
 20
223.72611485334244
 10
81.69849931787179
 20
223.46589358799454
 10
81.70553376534792
 20
223.1118263983629
 10
81.7266371077763
 20
222.79655525238744
 10
81.76180934515692
 20
222.5200801500682
 10
81.8110504774898
 20
222.28240109140518
 10
81.8741473396999
 20
222.07808236698497
 10
81.95088676671217
 20
221.90168826739426
 10
82.04126875852664
 20
221.753218792633
 10
82.14529331514329
 20
221.63267394270122
 10
82.26296043656211
 20
221.5394142223738
 10
82.39427012278313
 20
221.47280013642566
 10
82.53922237380633
 20
221.43283168485675
 10
82.69781718963169
 20
221.41950886766713
  0
LWPOLYLINE
  5
C4
330
17
100
AcDbEntity
  8
TEXT
100
AcDbPolyline
 90
65
 70
0
 10
86.58253751705325
 20
226.0238744884038
 10
86.77995502216922
 20
226.01388237551157
 10
86.96463591405188
 20
225.98390603683492
 10
87.13658019270127
 20
225.93394547237378
 10
87.29578785811736
 20
225.86400068212822
 10
87.44225891030018
 20
225.77407166609822
 10
87.5759933492497
 20
225.66415842428376
 10
87.69699117496593
 20
225.53426095668485
 10
87.80525238744889
 20
225.3843792633015
 10
87.90077698669855
 20
225.21451334413368
 10
87.98356497271492
 20
225.02466319918145
 10
88.053616345498
 20
224.81482882844475
 10
88.11093110504778
 20
224.5850102319236
 10
88.1555092513643
 20
224.335207409618
 10
88.18735078444752
 20
224.06542036152797
 10
88.20645570429744
 20
223.77564908765348
 10
88.21282401091409
 20
223.46589358799454
 10
88.20624253922242
 20
223.15310048601637
 10
88.18649812414738
 20
222.86103768758525
 10
88.15359076568899
 20
222.58970519270122
 10
88.10752046384724
 20
222.33910300136426
 10
88.04828721862215
 20
222.10923111357434
 10
87.97589103001368
 20
221.9000895293315
 10
87.89033189802187
 20
221.71167824863574
 10
87.7916098226467
 20
221.54399727148703
 10
87.68057746418832
 20
221.39651368519782
 10
87.55808748294685
 20
221.26869457708048
 10
87.42413987892229
 20
221.16053994713505
 10
87.27873465211465
 20
221.07204979536152
 10
87.12187180252393
 20
221.00322412175987
 10
86.95355133015012
 20
220.95406292633012
 10
86.77377323499323
 20
220.92456620907228
 10
86.58253751705325
 20
220.91473396998634
 10
86.38553301927017
 20
220.9246994372442
 10
86.201238489086
 20
220.9545958390177
 10
86.02965392650073
 20
221.00442317530695
 10
85.87077933151437
 20
221.07418144611185
 10
85.72461470412692
 20
221.16387065143246
 10
85.59116004433838
 20
221.27349079126876
 10
85.47041535214875
 20
221.40304186562074
 10
85.36238062755803
 20
221.5525238744884
 10
85.26705587056621
 20
221.72193681787175
 10
85.1844410811733
 20
221.91128069577078
 10
85.1145362593793
 20
222.12055550818553
 10
85.05734140518422
 20
222.34976125511596
 10
85.01285651858804
 20
222.59889793656208
 10
84.98108159959077
 20
222.86796555252388
 10
84.9620166481924
 20
223.15696410300137
 10
84.95566166439295
 20
223.46589358799454
 10
84.96224313608462
 20
223.77873998124147
 10
84.98198755115966
 20
224.07096265347886
 10
85.01489490961805
 20
224.34256160470667
 10
85.0609652114598
 20
224.59353683492498
 10
85.1201984566849
 20
224.8238883441337
 10
85.19259464529335
 20
225.03361613233287
 10
85.27815377728517
 20
225.2227201995225
 10
85.37687585266035
 20
225.3912005457026
 10
85.48785491984998
 20
225.5394835010232
 10
85.61018502728517
 20
225.66799539563436
 10
85.74386617496593
 20
225.77673622953614
 10
85.88889836289226
 20
225.8657060027285
 10
86.04528159106417
 20
225.93490471521145
 10
86.21301585948163
 20
225.98433236698497
 10
86.39210116814466
 20
226.0139889580491
 10
86.58253751705325
 20
226.0238744884038
  0
LWPOLYLINE
  5
C5
330
17
100
AcDbEntity
  8
TEXT
100
AcDbPolyline
 90
49
 70
0
 10
86.58253751705325
 20
221.41950886766713
 10
86.8146742837654
 20
221.44945856070942
 10
87.0165416098227
 20
221.5393076398363
 10
87.18813949522514
 20
221.68905610504774
 10
87.32946793997276
 20
221.89870395634378
 10
87.38862124829473
 20
222.02801521998634
 10
87.43988744884042
 20
222.1763514665757
 10
87.48326654160986
 20
222.34371269611185
 10
87.51875852660305
 20
222.53009890859482
 10
87.54636340381997
 20
222.73551010402454
 10
87.56608117326061
 20
222.9599462824011
 10
87.577911834925
 20
223.20340744372442
 10
87.58185538881314
 20
223.46589358799454
 10
87.57492752387454
 20
223.8243306616644
 10
87.55414392905871
 20
224.1424795361528
 10
87.51950460436566
 20
224.42034021145975
 10
87.47100954979541
 20
224.65791268758525
 10
87.40855218281041
 20
224.86148533424284
 10
87.33202592087318
 20
225.037346521146
 10
87.24143076398367
 20
225.1854962482947
 10
87.13676671214193
 20
225.30593451568896
 10
87.01792718281041
 20
225.39919423601637
 10
86.88480559345162
 20
225.46580832196452
 10
86.73740194406554
 20
225.50577677353343
 10
86.57571623465216
 20
225.51909959072304
 10
86.34379263301506
 20
225.48861698499317
 10
86.14256480218286
 20
225.39716916780355
 10
85.97203274215556
 20
225.24475613915416
 10
85.83219645293319
 20
225.03137789904503
 10
85.7738425136426
 20
224.90022808663028
 10
85.72326909959077
 20
224.7506394952251
 10
85.68047621077767
 20
224.58261212482947
 10
85.64546384720332
 20
224.39614597544337
 10
85.61823200886771
 20
224.19124104706685
 10
85.59878069577084
 20
223.96789733969987
 10
85.58710990791273
 20
223.72611485334244
 10
85.58321964529335
 20
223.46589358799454
 10
85.59025409276948
 20
223.1118263983629
 10
85.61135743519786
 20
222.79655525238744
 10
85.64652967257848
 20
222.5200801500682
 10
85.69577080491136
 20
222.28240109140518
 10
85.75886766712146
 20
222.07808236698497
 10
85.83560709413374
 20
221.90168826739426
 10
85.9259890859482
 20
221.753218792633
 10
86.03001364256485
 20
221.63267394270122
 10
86.14768076398369
 20
221.5394142223738
 10
86.27899045020469
 20
221.47280013642566
 10
86.42394270122787
 20
221.43283168485675
 10
86.58253751705325
 20
221.41950886766713
  0
LWPOLYLINE
  5
C6
330
17
100
AcDbEntity
  8
TEXT
100
AcDbPolyline
 90
81
 70
0
 10
95.8390177353343
 20
221.0
 10
95.22510231923607
 20
221.0
 10
95.22510231923607
 20
223.2851296043656
 10
95.22297066848573
 20
223.4067402796726
 10
95.2165757162347
 20
223.51918485675307
 10
95.205917462483
 20
223.6224633356071
 10
95.19099590723062
 20
223.71657571623464
 10
95.16722800136431
 20
223.80354706684855
 10
95.13003069577086
 20
223.88540245566168
 10
95.07940399045026
 20
223.96214188267393
 10
95.0153478854025
 20
224.0337653478854
 10
94.9346649045021
 20
224.0941976466576
 10
94.83415757162352
 20
224.13736357435198
 10
94.71382588676677
 20
224.16326313096863
 10
94.57366984993185
 20
224.1718963165075
 10
94.39908765347892
 20
224.156122100955
 10
94.23686903137795
 20
224.1087994542974
 10
94.08701398362896
 20
224.0299283765348
 10
93.94952251023197
 20
223.91950886766713
 10
93.83462653478858
 20
223.7737039563438
 10
93.75255798090046
 20
223.5886766712142
 10
93.70331684856758
 20
223.3644270122783
 10
93.68690313778995
 20
223.10095497953614
 10
93.68690313778995
 20
221.0
 10
93.07298772169173
 20
221.0
 10
93.07298772169173
 20
223.35334242837652
 10
93.06264921555258
 20
223.57013130968622
 10
93.0316336971351
 20
223.74982946793997
 10
92.97994116643935
 20
223.8924369031378
 10
92.90757162346526
 20
223.99795361527967
 10
92.81623038881315
 20
224.07405354706685
 10
92.70762278308328
 20
224.12841064120056
 10
92.58174880627564
 20
224.16102489768076
 10
92.43860845839023
 20
224.1718963165075
 10
92.24963761937249
 20
224.15484311050477
 10
92.0783594815826
 20
224.1036834924966
 10
91.92477404502051
 20
224.01841746248294
 10
91.78888130968627
 20
223.89904502046386
 10
91.67771572305598
 20
223.73298942701228
 10
91.59831173260578
 20
223.50767394270125
 10
91.55066933833565
 20
223.2230985675307
 10
91.53478854024561
 20
222.87926330150069
 10
91.53478854024561
 20
221.0
 10
90.92087312414739
 20
221.0
 10
90.92087312414739
 20
224.61869031377898
 10
91.47339699863579
 20
224.61869031377898
 10
91.47339699863579
 20
224.11391541609822
 10
91.48703956343797
 20
224.11391541609822
 10
91.58450929399733
 20
224.25140688949523
 10
91.6927438608459
 20
224.3705661664393
 10
91.81174326398369
 20
224.4713932469304
 10
91.94150750341069
 20
224.55388813096863
 10
92.08203657912694
 20
224.61805081855388
 10
92.23333049113239
 20
224.66388130968622
 10
92.39538923942708
 20
224.6913796043656
 10
92.56821282401097
 20
224.70054570259208
 10
92.75888898362898
 20
224.690633526603
 10
92.93187244201916
 20
224.66089699863574
 10
93.0871631991815
 20
224.6113361186903
 10
93.22476125511602
 20
224.5419508867667
 10
93.3446666098227
 20
224.45274130286492
 10
93.44687926330155
 20
224.343707366985
 10
93.53139921555257
 20
224.21484907912688
 10
93.59822646657577
 20
224.06616643929058
 10
93.70368988744889
 20
224.21484907912688
 10
93.81885231923607
 20
224.343707366985
 10
93.94371376193729
 20
224.45274130286492
 10
94.07827421555257
 20
224.5419508867667
 10
94.22253368008191
 20
224.6113361186903
 10
94.3764921555253
 20
224.66089699863574
 10
94.54014964188273
 20
224.690633526603
 10
94.71350613915422
 20
224.70054570259208
 10
94.97729791950893
 20
224.68157401091403
 10
95.205917462483
 20
224.62465893587995
 10
95.39936476807645
 20
224.52980047748977
 10
95.55763983628928
 20
224.39699863574353
 10
95.68074266712148
 20
224.2262534106412
 10
95.76867326057304
 20
224.01756480218282
 10
95.82143161664398
 20
223.77093281036835
 10
95.8390177353343
 20
223.48635743519782
 10
95.8390177353343
 20
221.0
  0
LWPOLYLINE
  5
C7
330
17
100
AcDbEntity
  8
TEXT
100
AcDbPolyline
 90
81
 70
0
 10
101.65757162346526
 20
221.0
 10
101.04365620736704
 20
221.0
 10
101.04365620736704
 20
223.2851296043656
 10
101.0415245566167
 20
223.4067402796726
 10
101.03512960436566
 20
223.51918485675307
 10
101.02447135061396
 20
223.6224633356071
 10
101.00954979536158
 20
223.71657571623464
 10
100.98578188949527
 20
223.80354706684855
 10
100.94858458390182
 20
223.88540245566168
 10
100.89795787858122
 20
223.96214188267393
 10
100.83390177353347
 20
224.0337653478854
 10
100.75321879263306
 20
224.0941976466576
 10
100.65271145975449
 20
224.13736357435198
 10
100.53237977489773
 20
224.16326313096863
 10
100.39222373806281
 20
224.1718963165075
 10
100.21764154160988
 20
224.156122100955
 10
100.05542291950891
 20
224.1087994542974
 10
99.90556787175993
 20
224.0299283765348
 10
99.76807639836294
 20
223.91950886766713
 10
99.65318042291955
 20
223.7737039563438
 10
99.57111186903143
 20
223.5886766712142
 10
99.52187073669855
 20
223.3644270122783
 10
99.50545702592092
 20
223.10095497953614
 10
99.50545702592092
 20
221.0
 10
98.8915416098227
 20
221.0
 10
98.8915416098227
 20
223.35334242837652
 10
98.88120310368355
 20
223.57013130968622
 10
98.85018758526607
 20
223.74982946793997
 10
98.79849505457031
 20
223.8924369031378
 10
98.72612551159622
 20
223.99795361527967
 10
98.63478427694412
 20
224.07405354706685
 10
98.52617667121424
 20
224.12841064120056
 10
98.4003026944066
 20
224.16102489768076
 10
98.2571623465212
 20
224.1718963165075
 10
98.06819150750346
 20
224.15484311050477
 10
97.89691336971356
 20
224.1036834924966
 10
97.74332793315148
 20
224.01841746248294
 10
97.60743519781724
 20
223.89904502046386
 10
97.49626961118695
 20
223.73298942701228
 10
97.41686562073674
 20
223.50767394270125
 10
97.36922322646662
 20
223.2230985675307
 10
97.35334242837658
 20
222.87926330150069
 10
97.35334242837658
 20
221.0
 10
96.73942701227836
 20
221.0
 10
96.73942701227836
 20
224.61869031377898
 10
97.29195088676676
 20
224.61869031377898
 10
97.29195088676676
 20
224.11391541609822
 10
97.30559345156894
 20
224.11391541609822
 10
97.40306318212829
 20
224.25140688949523
 10
97.51129774897686
 20
224.3705661664393
 10
97.63029715211465
 20
224.4713932469304
 10
97.76006139154165
 20
224.55388813096863
 10
97.9005904672579
 20
224.61805081855388
 10
98.05188437926336
 20
224.66388130968622
 10
98.21394312755804
 20
224.6913796043656
 10
98.38676671214193
 20
224.70054570259208
 10
98.57744287175994
 20
224.690633526603
 10
98.75042633015012
 20
224.66089699863574
 10
98.90571708731247
 20
224.6113361186903
 10
99.04331514324699
 20
224.5419508867667
 10
99.16322049795366
 20
224.45274130286492
 10
99.26543315143252
 20
224.343707366985
 10
99.34995310368353
 20
224.21484907912688
 10
99.41678035470673
 20
224.06616643929058
 10
99.52224377557985
 20
224.21484907912688
 10
99.63740620736704
 20
224.343707366985
 10
99.76226765006825
 20
224.45274130286492
 10
99.89682810368353
 20
224.5419508867667
 10
100.04108756821287
 20
224.6113361186903
 10
100.19504604365626
 20
224.66089699863574
 10
100.3587035300137
 20
224.690633526603
 10
100.53206002728518
 20
224.70054570259208
 10
100.79585180763989
 20
224.68157401091403
 10
101.02447135061396
 20
224.62465893587995
 10
101.21791865620742
 20
224.52980047748977
 10
101.37619372442025
 20
224.39699863574353
 10
101.49929655525244
 20
224.2262534106412
 10
101.587227148704
 20
224.01756480218282
 10
101.63998550477494
 20
223.77093281036835
 10
101.65757162346526
 20
223.48635743519782
 10
101.65757162346526
 20
221.0
  0
LWPOLYLINE
  5
C9
330
17
100
AcDbEntity
  8
TEXT
100
AcDbPolyline
 90
44
 70
0
 10
3.359481582537517
 20
214.66030013642566
 10
3.5800008526603
 20
214.5774855047749
 10
3.7708901773533423
 20
214.4722885402456
 10
3.932149556616644
 20
214.34470924283767
 10
4.063778990450205
 20
214.19474761255117
 10
4.1659916439290585
 20
214.0275196111869
 10
4.239000682128241
 20
213.8481412005457
 10
4.282806105047749
 20
213.65661238062756
 10
4.297407912687586
 20
213.45293315143246
 10
4.284191678035471
 20
213.2474420190996
 10
4.244542974079128
 20
213.05047748976807
 10
4.178461800818554
 20
212.86203956343792
 10
4.085948158253752
 20
212.68212824010914
 10
3.9691336971350615
 20
212.5180977148704
 10
3.830150068212824
 20
212.37730218281038
 10
3.6689972714870396
 20
212.25974164392906
 10
3.485675306957708
 20
212.16541609822647
 10
3.2740023874488404
 20
212.09304655525239
 10
3.0277967257844476
 20
212.04135402455663
 10
2.7470583219645293
 20
212.01033850613916
 10
2.431787175989086
 20
212.0
 10
0.5184174624829468
 20
212.0
 10
0.5184174624829468
 20
217.0
 10
2.3942701227830834
 20
217.0
 10
2.6135370480900413
 20
216.993818212824
 10
2.816017223738063
 20
216.97527285129604
 10
3.0017106497271486
 20
216.9443639154161
 10
3.170617326057299
 20
216.90109140518416
 10
3.322737252728513
 20
216.84545532060028
 10
3.4580704297407916
 20
216.7774556616644
 10
3.576616857094134
 20
216.69709242837655
 10
3.67837653478854
 20
216.6043656207367
 10
3.8417675648021827
 20
216.40100613915416
 10
3.958475443383356
 20
216.18656207366985
 10
4.02850017053206
 20
215.96103342428378
 10
4.051841746248295
 20
215.72442019099591
 10
4.041076909959072
 20
215.56380030695772
 10
4.0087824010914055
 20
215.4093622100955
 10
3.9549582196452935
 20
215.26110590040926
 10
3.879604365620737
 20
215.11903137789903
 10
3.7825076739427015
 20
214.98612295361528
 10
3.663454979536153
 20
214.86536493860845
 10
3.5224462824010914
 20
214.75675733287858
 10
3.359481582537517
 20
214.66030013642566
  0
LWPOLYLINE
  5
CA
330
17
100
AcDbEntity
  8
TEXT
100
AcDbPolyline
 90
28
 70
0
 10
1.180081855388813
 20
214.90586630286495
 10
2.2646657571623465
 20
214.90586630286495
 10
2.4250724761255116
 20
214.90821111869033
 10
2.572049795361528
 20
214.91524556616645
 10
2.705597714870396
 20
214.92696964529333
 10
2.8257162346521145
 20
214.94338335607094
 10
2.9358159959072303
 20
214.96981582537518
 10
3.0393076398362893
 20
215.01159618008185
 10
3.136191166439291
 20
215.068724420191
 10
3.226466575716235
 20
215.1412005457026
 10
3.302566507503411
 20
215.23243519781718
 10
3.3569236016371082
 20
215.34583901773533
 10
3.3895378581173263
 20
215.48141200545703
 10
3.4004092769440657
 20
215.63915416098226
 10
3.3894312755798093
 20
215.80489000682127
 10
3.35649727148704
 20
215.94739085948157
 10
3.3016072646657575
 20
216.06665671896317
 10
3.224761255115962
 20
216.16268758526604
 10
3.132673942701228
 20
216.23889409959074
 10
3.0320600272851297
 20
216.2986869031378
 10
2.9229195088676674
 20
216.34206599590723
 10
2.8052523874488404
 20
216.36903137789903
 10
2.67468877899045
 20
216.38544508867668
 10
2.5268587994542973
 20
216.39716916780355
 10
2.361762448840382
 20
216.40420361527967
 10
2.179399727148704
 20
216.40654843110505
 10
1.180081855388813
 20
216.40654843110505
 10
1.180081855388813
 20
214.90586630286495
  0
LWPOLYLINE
  5
CB
330
17
100
AcDbEntity
  8
TEXT
100
AcDbPolyline
 90
20
 70
0
 10
1.180081855388813
 20
212.59345156889495
 10
2.4249658935879945
 20
212.59345156889495
 10
2.7336289222373806
 20
212.60773362892223
 10
2.991132332878581
 20
212.65057980900409
 10
3.197476125511596
 20
212.72199010914053
 10
3.3526603001364257
 20
212.82196452933152
 10
3.4660641200545705
 20
212.94709242837655
 10
3.547066848567531
 20
213.09396316507502
 10
3.5956684856753074
 20
213.262576739427
 10
3.6118690313778994
 20
213.45293315143246
 10
3.594602660300137
 20
213.64467513642563
 10
3.542803547066849
 20
213.81403478854025
 10
3.456471691678036
 20
213.96101210777627
 10
3.3356070941336973
 20
214.0856070941337
 10
3.1697646657571625
 20
214.18483543656208
 10
2.94849931787176
 20
214.2557128240109
 10
2.6718110504774897
 20
214.2982392564802
 10
2.339699863574352
 20
214.31241473396997
 10
1.180081855388813
 20
214.31241473396997
 10
1.180081855388813
 20
212.59345156889495
  0
LWPOLYLINE
  5
CC
330
17
100
AcDbEntity
  8
TEXT
100
AcDbPolyline
 90
13
 70
0
 10
8.946111869031379
 20
212.0
 10
5.211459754433834
 20
212.0
 10
5.211459754433834
 20
217.0
 10
8.830150068212824
 20
217.0
 10
8.830150068212824
 20
216.40654843110505
 10
5.8731241473397
 20
216.40654843110505
 10
5.8731241473397
 20
214.87858117326059
 10
8.639154160982265
 20
214.87858117326059
 10
8.639154160982265
 20
214.2851296043656
 10
5.8731241473397
 20
214.2851296043656
 10
5.8731241473397
 20
212.59345156889495
 10
8.946111869031379
 20
212.59345156889495
 10
8.946111869031379
 20
212.0
  0
LWPOLYLINE
  5
CD
330
17
100
AcDbEntity
  8
TEXT
100
AcDbPolyline
 90
13
 70
0
 10
13.802864938608458
 20
212.0
 10
13.124147339699864
 20
212.0
 10
10.511596180081856
 20
215.9256480218281
 10
10.497953615279673
 20
215.9256480218281
 10
10.497953615279673
 20
212.0
 10
9.870395634379264
 20
212.0
 10
9.870395634379264
 20
217.0
 10
10.545702592087313
 20
217.0
 10
13.15825375170532
 20
213.0743519781719
 10
13.171896316507503
 20
213.0743519781719
 10
13.171896316507503
 20
217.0
 10
13.802864938608458
 20
217.0
 10
13.802864938608458
 20
212.0
  0
LWPOLYLINE
  5
CE
330
17
100
AcDbEntity
  8
TEXT
100
AcDbPolyline
 90
40
 70
0
 10
14.92155525238745
 20
217.0
 10
16.647339699863576
 20
217.0
 10
16.8662602319236
 20
216.99712227148703
 10
17.069406548431104
 20
216.98848908594817
 10
17.256778649386085
 20
216.97410044338335
 10
17.42837653478854
 20
216.95395634379264
 10
17.590275409276945
 20
216.92262107776264
 10
17.74855047748977
 20
216.87465893587995
 10
17.90320173942701
 20
216.81006991814462
 10
18.054229195088677
 20
216.72885402455663
 10
18.198755115961802
 20
216.63090467257845
 10
18.333901773533423
 20
216.5161152796726
 10
18.459669167803547
 20
216.384485845839
 10
18.57605729877217
 20
216.23601637107777
 10
18.681787175989086
 20
216.07326483628924
 10
18.775579809004093
 20
215.8987892223738
 10
18.85743519781719
 20
215.71258952933152
 10
18.927353342428376
 20
215.51466575716233
 10
18.98330917462483
 20
215.3001151091405
 10
19.023277626193725
 20
215.06403478854025
 10
19.04725869713506
 20
214.80642479536152
 10
19.05525238744884
 20
214.52728512960437
 10
19.047045532060025
 20
214.25717833390178
 10
19.022424965893585
 20
213.9993818212824
 10
18.98139068894952
 20
213.75389559174624
 10
18.92394270122783
 20
213.52071964529333
 10
18.850081002728512
 20
213.2998539819236
 10
18.759805593451567
 20
213.0912986016371
 10
18.653116473397
 20
212.89505350443383
 10
18.530013642564803
 20
212.71111869031378
 10
18.3868732946794
 20
212.5444502472715
 10
18.220071623465213
 20
212.4000042633015
 10
18.02960862892224
 20
212.27778073840383
 10
17.81548431105048
 20
212.17777967257845
 10
17.577698669849934
 20
212.10000106582538
 10
17.3162517053206
 20
212.04444491814462
 10
17.031143417462484
 20
212.01111122953614
 10
16.72237380627558
 20
212.0
 10
14.92155525238745
 20
212.0
 10
14.92155525238745
 20
217.0
  0
LWPOLYLINE
  5
CF
330
17
100
AcDbEntity
  8
TEXT
100
AcDbPolyline
 90
40
 70
0
 10
15.583219645293315
 20
212.59345156889495
 10
16.654160982264667
 20
212.59345156889495
 10
16.813501875852662
 20
212.59600954979535
 10
16.964103001364258
 20
212.6036834924966
 10
17.105964358799454
 20
212.61647339699863
 10
17.239085948158255
 20
212.6343792633015
 10
17.36826398362892
 20
212.66358287858117
 10
17.498294679399727
 20
212.71026603001366
 10
17.629178035470666
 20
212.7744287175989
 10
17.760914051841745
 20
212.85607094133698
 10
17.88742752387449
 20
212.96094815825376
 10
18.002643246930422
 20
213.09481582537518
 10
18.10656122100955
 20
213.25767394270122
 10
18.19918144611187
 20
213.44952251023193
 10
18.275281377899045
 20
213.6724931787176
 10
18.329638472032745
 20
213.92871759890858
 10
18.362252728512964
 20
214.2181957708049
 10
18.373124147339702
 20
214.54092769440655
 10
18.368967428376536
 20
214.72542206684858
 10
18.35649727148704
 20
214.9037346521146
 10
18.335713676671215
 20
215.07586545020462
 10
18.306616643929058
 20
215.24181446111868
 10
18.26632844474761
 20
215.40104877216916
 10
18.211971350613915
 20
215.55303547066848
 10
18.143545361527966
 20
215.69777455661665
 10
18.06105047748977
 20
215.83526603001366
 10
17.968217087312414
 20
215.96018076398363
 10
17.868775579809004
 20
216.06718963165076
 10
17.762725954979537
 20
216.156292633015
 10
17.65006821282401
 20
216.2274897680764
 10
17.534852489768078
 20
216.2836587653479
 10
17.42112892223738
 20
216.32767735334244
 10
17.308897510231926
 20
216.35954553206003
 10
17.198158253751707
 20
216.37926330150069
 10
17.08038454979536
 20
216.3912005457026
 10
16.94704979536153
 20
216.39972714870396
 10
16.798153990450206
 20
216.40484311050477
 10
16.633697135061393
 20
216.40654843110505
 10
15.583219645293315
 20
216.40654843110505
 10
15.583219645293315
 20
212.59345156889495
  0
LWPOLYLINE
  5
D0
330
17
100
AcDbEntity
  8
TEXT
100
AcDbPolyline
 90
9
 70
0
 10
26.012960436562075
 20
212.0
 10
25.266030013642563
 20
212.0
 10
24.679399727148702
 20
213.52114597544337
 10
22.592087312414733
 20
213.52114597544337
 10
22.03956343792633
 20
212.0
 10
21.34038199181446
 20
212.0
 10
23.26057298772169
 20
217.0
 10
23.973396998635742
 20
217.0
 10
26.012960436562075
 20
212.0
  0
LWPOLYLINE
  5
D1
330
17
100
AcDbEntity
  8
TEXT
100
AcDbPolyline
 90
20
 70
0
 10
24.478171896316507
 20
214.0463847203274
 10
24.33305977148704
 20
214.43032166609822
 10
24.204681105047747
 20
214.77039989768076
 10
24.093035896998636
 20
215.06661941507502
 10
23.9981241473397
 20
215.31898021828104
 10
23.919945856070942
 20
215.52748230729878
 10
23.85850102319236
 20
215.69212568212825
 10
23.813789648703956
 20
215.81291034276944
 10
23.78581173260573
 20
215.8898362892224
 10
23.745523533424283
 20
216.00910214870396
 10
23.703103683492497
 20
216.1469133697135
 10
23.658552182810368
 20
216.30326995225101
 10
23.6118690313779
 20
216.4781718963165
 10
23.59481582537517
 20
216.4781718963165
 10
23.543016712141885
 20
216.23047407912688
 10
23.4831173260573
 20
215.99215552523873
 10
23.415117667121418
 20
215.7632162346521
 10
23.33901773533424
 20
215.54365620736698
 10
22.779672578444746
 20
214.0463847203274
 10
24.478171896316507
 20
214.0463847203274
  0
LWPOLYLINE
  5
D2
330
17
100
AcDbEntity
  8
TEXT
100
AcDbPolyline
 90
7
 70
0
 10
29.65893587994543
 20
212.0
 10
26.531377899045022
 20
212.0
 10
26.531377899045022
 20
217.0
 10
27.19304229195089
 20
217.0
 10
27.19304229195089
 20
212.59345156889495
 10
29.65893587994543
 20
212.59345156889495
 10
29.65893587994543
 20
212.0
  0
LWPOLYLINE
  5
D3
330
17
100
AcDbEntity
  8
TEXT
100
AcDbPolyline
 90
7
 70
0
 10
33.543656207366986
 20
212.0
 10
30.416098226466577
 20
212.0
 10
30.416098226466577
 20
217.0
 10
31.077762619372443
 20
217.0
 10
31.077762619372443
 20
212.59345156889495
 10
33.543656207366986
 20
212.59345156889495
 10
33.543656207366986
 20
212.0
  0
LWPOLYLINE
  5
D4
330
17
100
AcDbEntity
  8
TEXT
100
AcDbPolyline
 90
65
 70
0
 10
36.50068212824011
 20
217.08526603001366
 10
36.757332878581174
 20
217.07412815484312
 10
37.00204638472033
 20
217.04071452933152
 10
37.23482264665757
 20
216.98502515347886
 10
37.455661664392906
 20
216.90706002728513
 10
37.66456343792633
 20
216.80681915075036
 10
37.86152796725784
 20
216.6843025238745
 10
38.04655525238745
 20
216.5395101466576
 10
38.219645293315146
 20
216.3724420190996
 10
38.376321623465216
 20
216.1871482776262
 10
38.51210777626194
 20
215.98767905866302
 10
38.627003751705324
 20
215.7740343622101
 10
38.72100954979536
 20
215.54621418826738
 10
38.79412517053206
 20
215.30421853683492
 10
38.84635061391542
 20
215.0480474079127
 10
38.87768587994543
 20
214.77770080150069
 10
38.8881309686221
 20
214.4931787175989
 10
38.87763258867667
 20
214.20953593963165
 10
38.84613744884038
 20
213.94012193042292
 10
38.793645549113236
 20
213.68493668997272
 10
38.72015688949523
 20
213.44398021828104
 10
38.62567146998636
 20
213.2172525153479
 10
38.51018929058663
 20
213.00475358117325
 10
38.37371035129605
 20
212.80648341575716
 10
38.2162346521146
 20
212.6224420190996
 10
38.042451824693046
 20
212.45657294508868
 10
37.85705150068213
 20
212.31281974761254
 10
37.66003368008186
 20
212.19118242667122
 10
37.45139836289222
 20
212.09166098226467
 10
37.231145549113236
 20
212.0142554143929
 10
36.999275238744886
 20
211.9589657230559
 10
36.755787431787176
 20
211.92579190825373
 10
36.50068212824011
 20
211.91473396998634
 10
36.23699693042292
 20
211.9261915927694
 10
35.98652796725784
 20
211.96056446111868
 10
35.749275238744886
 20
212.01785257503408
 10
35.525238744884035
 20
212.09805593451568
 10
35.314418485675304
 20
212.20117453956343
 10
35.11681446111869
 20
212.32720839017733
 10
34.93242667121419
 20
212.47615748635744
 10
34.7612551159618
 20
212.64802182810368
 10
34.60697689290587
 20
212.83640646316508
 10
34.47326909959072
 20
213.03491643929058
 10
34.36013173601637
 20
213.24355175648023
 10
34.26756480218281
 20
213.46231241473396
 10
34.19556829809004
 20
213.69119841405185
 10
34.14414222373806
 20
213.93020975443383
 10
34.11328657912687
 20
214.17934643587995
 10
34.10300136425648
 20
214.43860845839018
 10
34.11341980729877
 20
214.738238616985
 10
34.14467513642565
 20
215.02150835607094
 10
34.19676735163711
 20
215.28841767564802
 10
34.26969645293315
 20
215.53896657571624
 10
34.363462440313775
 20
215.77315505627558
 10
34.47806531377899
 20
215.99098311732607
 10
34.61350507332879
 20
216.19245075886766
 10
34.769781718963166
 20
216.3775579809004
 10
34.9426852404502
 20
216.54342705491132
 10
35.12800562755798
 20
216.68718025238746
 10
35.32574288028649
 20
216.80881757332878
 10
35.53589699863574
 20
216.90833901773533
 10
35.75846798260573
 20
216.9857445856071
 10
35.99345583219645
 20
217.0410342769441
 10
36.24086054740791
 20
217.07420809174627
 10
36.50068212824011
 20
217.08526603001366
  0
LWPOLYLINE
  5
D5
330
17
100
AcDbEntity
  8
TEXT
100
AcDbPolyline
 90
41
 70
0
 10
36.493860845839016
 20
212.48090040927696
 10
36.85613489085948
 20
212.5141541609823
 10
37.18238403819918
 20
212.61391541609822
 10
37.472608287858115
 20
212.78018417462485
 10
37.72680763983629
 20
213.01296043656208
 10
37.93368434515689
 20
213.3049965893588
 10
38.08194065484311
 20
213.64904502046386
 10
38.17157656889495
 20
214.0451057298772
 10
38.20259208731242
 20
214.4931787175989
 10
38.195051372783084
 20
214.7300051159618
 10
38.17242922919509
 20
214.95276261937244
 10
38.13472565654843
 20
215.16145122783084
 10
38.08194065484311
 20
215.35607094133695
 10
38.01407422407913
 20
215.53662175989086
 10
37.93112636425648
 20
215.7031036834925
 10
37.83309707537517
 20
215.85551671214188
 10
37.7199863574352
 20
215.993860845839
 10
37.46322902455662
 20
216.2236527967258
 10
37.17556275579809
 20
216.38778990450203
 10
36.85698755115962
 20
216.4862721691678
 10
36.5075034106412
 20
216.51909959072304
 10
36.14895975443383
 20
216.4869116643929
 10
35.82366984993179
 20
216.39034788540243
 10
35.531633697135064
 20
216.2294082537517
 10
35.272851296043655
 20
216.00409276944066
 10
35.159340893587995
 20
215.86676116984992
 10
35.06096521145975
 20
215.71226978171896
 10
34.977724249658934
 20
215.54061860504774
 10
34.90961800818554
 20
215.3518076398363
 10
34.85664648703956
 20
215.1458368860846
 10
34.81880968622101
 20
214.92270634379264
 10
34.79610760572988
 20
214.68241601296043
 10
34.78854024556617
 20
214.424965893588
 10
34.81817019099591
 20
214.01089273533424
 10
34.90706002728513
 20
213.63838676671213
 10
35.05520975443383
 20
213.3074479877217
 10
35.26261937244202
 20
213.0180763983629
 10
35.51735163710778
 20
212.7830619031378
 10
35.807469304229194
 20
212.61519440654843
 10
36.132972373806275
 20
212.51447390859482
 10
36.493860845839016
 20
212.48090040927696
  0
LWPOLYLINE
  5
D6
330
17
100
AcDbEntity
  8
TEXT
100
AcDbPolyline
 90
42
 70
0
 10
45.72646657571623
 20
217.0
 10
44.34856753069577
 20
212.0
 10
43.71418826739427
 20
212.0
 10
42.622783083219645
 20
215.93929058663028
 10
42.58398703956344
 20
216.0818980218281
 10
42.55286493860846
 20
216.206173260573
 10
42.52941678035471
 20
216.31211630286495
 10
42.51364256480218
 20
216.39972714870396
 10
42.5
 20
216.39972714870396
 10
42.36016371077763
 20
215.806275579809
 10
41.29604365620737
 20
212.0
 10
40.627557980900406
 20
212.0
 10
39.29399727148704
 20
217.0
 10
39.96930422919509
 20
217.0
 10
40.74010914051841
 20
213.71896316507502
 10
40.80981412005457
 20
213.41797407912688
 10
40.865450204638464
 20
213.15961800818553
 10
40.90701739427012
 20
212.94389495225101
 10
40.93451568894952
 20
212.77080491132332
 10
40.93749999999999
 20
212.74330661664393
 10
40.939631650750336
 20
212.72220327421556
 10
40.94091064120054
 20
212.7074948840382
 10
40.94133697135061
 20
212.69918144611188
 10
40.95497953615279
 20
212.69918144611188
 10
41.01956855388813
 20
213.00017053206003
 10
41.0769099590723
 20
213.2551159618008
 10
41.127003751705324
 20
213.46401773533424
 10
41.169849931787176
 20
213.6268758526603
 10
42.12141882673942
 20
217.0
 10
42.92633015006821
 20
217.0
 10
43.63574351978172
 20
214.47271487039563
 10
43.759592428376536
 20
214.00886766712142
 10
43.86510914051841
 20
213.5586630286494
 10
43.95229365620737
 20
213.12210095497954
 10
44.02114597544338
 20
212.69918144611188
 10
44.034788540245565
 20
212.69918144611188
 10
44.076568894952246
 20
212.9193809686221
 10
44.130286493860844
 20
213.17411323328787
 10
44.195941336971345
 20
213.46337824010914
 10
44.27353342428376
 20
213.78717598908594
 10
45.06139154160982
 20
217.0
 10
45.72646657571623
 20
217.0
  0
LWPOLYLINE
  5
D7
330
17
100
AcDbEntity
  8
TEXT
100
AcDbPolyline
 90
9
 70
0
 10
50.46725784447476
 20
212.0
 10
49.72032742155525
 20
212.0
 10
49.13369713506139
 20
213.52114597544337
 10
47.04638472032742
 20
213.52114597544337
 10
46.493860845839016
 20
212.0
 10
45.794679399727144
 20
212.0
 10
47.71487039563438
 20
217.0
 10
48.427694406548426
 20
217.0
 10
50.46725784447476
 20
212.0
  0
LWPOLYLINE
  5
D8
330
17
100
AcDbEntity
  8
TEXT
100
AcDbPolyline
 90
20
 70
0
 10
48.93246930422919
 20
214.0463847203274
 10
48.78735717939972
 20
214.43032166609822
 10
48.65897851296043
 20
214.77039989768076
 10
48.54733330491132
 20
215.06661941507502
 10
48.452421555252386
 20
215.31898021828104
 10
48.37424326398362
 20
215.52748230729878
 10
48.312798431105044
 20
215.69212568212825
 10
48.268087056616636
 20
215.81291034276944
 10
48.24010914051841
 20
215.8898362892224
 10
48.19982094133697
 20
216.00910214870396
 10
48.15740109140518
 20
216.1469133697135
 10
48.11284959072305
 20
216.30326995225101
 10
48.06616643929058
 20
216.4781718963165
 10
48.049113233287855
 20
216.4781718963165
 10
47.99731412005457
 20
216.23047407912688
 10
47.93741473396999
 20
215.99215552523873
 10
47.869415075034105
 20
215.7632162346521
 10
47.79331514324693
 20
215.54365620736698
 10
47.23396998635743
 20
214.0463847203274
 10
48.93246930422919
 20
214.0463847203274
  0
LWPOLYLINE
  5
D9
330
17
100
AcDbEntity
  8
TEXT
100
AcDbPolyline
 90
13
 70
0
 10
54.94542974079127
 20
212.0
 10
54.26671214188267
 20
212.0
 10
51.65416098226466
 20
215.9256480218281
 10
51.64051841746248
 20
215.9256480218281
 10
51.64051841746248
 20
212.0
 10
51.01296043656207
 20
212.0
 10
51.01296043656207
 20
217.0
 10
51.68826739427012
 20
217.0
 10
54.30081855388813
 20
213.0743519781719
 10
54.31446111869031
 20
213.0743519781719
 10
54.31446111869031
 20
217.0
 10
54.94542974079127
 20
217.0
 10
54.94542974079127
 20
212.0
  0
LWPOLYLINE
  5
DA
330
17
100
AcDbEntity
  8
TEXT
100
AcDbPolyline
 90
91
 70
0
 10
60.2762619372442
 20
213.58594815825376
 10
60.146764154160984
 20
213.19148618690315
 10
59.97655184174624
 20
212.8505286493861
 10
59.765625
 20
212.5630755457026
 10
59.51398362892223
 20
212.32912687585267
 10
59.22844901091405
 20
212.14782997953614
 10
58.915842428376536
 20
212.01833219645292
 10
58.57616388130968
 20
211.940633526603
 10
58.2094133697135
 20
211.91473396998634
 10
57.91287410470668
 20
211.9267511510914
 10
57.63717172578444
 20
211.96280269440655
 10
57.38230623294679
 20
212.02288859993178
 10
57.14827762619372
 20
212.1070088676671
 10
56.935085905525234
 20
212.21516349761254
 10
56.74273107094133
 20
212.34735248976807
 10
56.57121312244202
 20
212.5035758441337
 10
56.420532060027284
 20
212.68383356070942
 10
56.28903585436562
 20
212.88098460948157
 10
56.17507247612551
 20
213.08788796043655
 10
56.078641925306954
 20
213.30454361357434
 10
55.999744201909955
 20
213.53095156889495
 10
55.93837930593451
 20
213.76711182639835
 10
55.89454723738062
 20
214.01302438608457
 10
55.86824799624829
 20
214.2686892479536
 10
55.85948158253751
 20
214.53410641200546
 10
55.86979344304229
 20
214.82526325886766
 10
55.90072902455661
 20
215.10016626875853
 10
55.95228832708049
 20
215.35881544167805
 10
56.02447135061391
 20
215.6012107776262
 10
56.117278095156884
 20
215.82735227660302
 10
56.23070856070941
 20
216.03723993860848
 10
56.364762747271484
 20
216.23087376364256
 10
56.51944065484311
 20
216.40825375170533
 10
56.69031910811732
 20
216.56692850443383
 10
56.87297493178717
 20
216.70444662346523
 10
57.06740812585266
 20
216.82080810879947
 10
57.273618690313775
 20
216.91601296043657
 10
57.491606625170526
 20
216.99006117837655
 10
57.72137193042292
 20
217.0429527626194
 10
57.96291460607094
 20
217.07468771316508
 10
58.21623465211459
 20
217.08526603001366
 10
58.56795702592087
 20
217.06203103683492
 10
58.89324693042292
 20
216.99232605729878
 10
59.192104365620736
 20
216.87615109140518
 10
59.46452933151432
 20
216.71350613915416
 10
59.70434004092769
 20
216.50609652114596
 10
59.905354706684854
 20
216.2556275579809
 10
60.06757332878581
 20
215.96209924965893
 10
60.19099590723056
 20
215.62551159618008
 10
59.54297407912687
 20
215.47203274215553
 10
59.45046043656207
 20
215.71674624829467
 10
59.33663028649386
 20
215.92905866302866
 10
59.20148362892223
 20
216.10896998635744
 10
59.0450204638472
 20
216.25648021828104
 10
58.867453956343795
 20
216.37137619372442
 10
58.66899727148704
 20
216.45344474761254
 10
58.44965040927694
 20
216.50268587994543
 10
58.2094133697135
 20
216.51909959072304
 10
58.01095668485675
 20
216.51070621589358
 10
57.82486357435197
 20
216.48552609140518
 10
57.65113403819918
 20
216.44355921725784
 10
57.48976807639836
 20
216.38480559345157
 10
57.34076568894952
 20
216.30926521998634
 10
57.20412687585266
 20
216.2169380968622
 10
57.07985163710777
 20
216.1078242240791
 10
56.967939972714866
 20
215.9819236016371
 10
56.78291268758527
 20
215.69042036152797
 10
56.65075034106412
 20
215.3530866302865
 10
56.571452933151434
 20
214.9699224079127
 10
56.5450204638472
 20
214.54092769440655
 10
56.55197497442019
 20
214.2883803717599
 10
56.57283850613915
 20
214.0525665075034
 10
56.60761105900409
 20
213.8334861016371
 10
56.656292633015006
 20
213.631139154161
 10
56.71888322817189
 20
213.44552566507502
 10
56.79538284447476
 20
213.27664563437926
 10
56.8857914819236
 20
213.12449906207365
 10
56.99010914051841
 20
212.98908594815825
 10
57.22960010231923
 20
212.7667547748977
 10
57.502984311050476
 20
212.6079467939973
 10
57.81026176671214
 20
212.51266200545703
 10
58.151432469304225
 20
212.48090040927696
 10
58.43099846521146
 20
212.50072476125513
 10
58.68306616643929
 20
212.56019781718965
 10
58.90763557298772
 20
212.65931957708048
 10
59.10470668485675
 20
212.7980900409277
 10
59.27427950204638
 20
212.97672237380627
 10
59.41635402455661
 20
213.19542974079127
 10
59.53093025238744
 20
213.45421214188266
 10
59.618008185538876
 20
213.75306957708048
 10
60.2762619372442
 20
213.58594815825376
  0
LWPOLYLINE
  5
DB
330
17
100
AcDbEntity
  8
TEXT
100
AcDbPolyline
 90
13
 70
0
 10
64.83628922237381
 20
212.0
 10
61.101637107776256
 20
212.0
 10
61.101637107776256
 20
217.0
 10
64.72032742155525
 20
217.0
 10
64.72032742155525
 20
216.40654843110505
 10
61.763301500682125
 20
216.40654843110505
 10
61.763301500682125
 20
214.87858117326059
 10
64.5293315143247
 20
214.87858117326059
 10
64.5293315143247
 20
214.2851296043656
 10
61.763301500682125
 20
214.2851296043656
 10
61.763301500682125
 20
212.59345156889495
 10
64.83628922237381
 20
212.59345156889495
 10
64.83628922237381
 20
212.0
  0
LWPOLYLINE
  5
DC
330
17
100
AcDbEntity
  8
TEXT
100
AcDbPolyline
 90
5
 70
0
 10
66.53478854024557
 20
214.91950886766713
 10
65.83560709413369
 20
214.91950886766713
 10
65.83560709413369
 20
215.61869031377898
 10
66.53478854024557
 20
215.61869031377898
 10
66.53478854024557
 20
214.91950886766713
  0
LWPOLYLINE
  5
DD
330
17
100
AcDbEntity
  8
TEXT
100
AcDbPolyline
 90
5
 70
0
 10
66.53478854024557
 20
212.0
 10
65.83560709413369
 20
212.0
 10
65.83560709413369
 20
212.69918144611188
 10
66.53478854024557
 20
212.69918144611188
 10
66.53478854024557
 20
212.0
  0
LWPOLYLINE
  5
DE
330
17
100
AcDbEntity
  8
TEXT
100
AcDbPolyline
 90
12
 70
0
 10
72.65006821282401
 20
213.193724420191
 10
71.97476125511596
 20
213.193724420191
 10
71.97476125511596
 20
212.0
 10
71.36084583901774
 20
212.0
 10
71.36084583901774
 20
213.193724420191
 10
69.19508867667122
 20
213.193724420191
 10
69.19508867667122
 20
213.75989085948157
 10
71.4699863574352
 20
217.0
 10
71.97476125511596
 20
217.0
 10
71.97476125511596
 20
213.75989085948157
 10
72.65006821282401
 20
213.75989085948157
 10
72.65006821282401
 20
213.193724420191
  0
LWPOLYLINE
  5
DF
330
17
100
AcDbEntity
  8
TEXT
100
AcDbPolyline
 90
5
 70
0
 10
71.36084583901774
 20
213.75989085948157
 10
71.36084583901774
 20
216.01773533424284
 10
71.34720327421556
 20
216.01773533424284
 10
69.79536152796726
 20
213.75989085948157
 10
71.36084583901774
 20
213.75989085948157
  0
LWPOLYLINE
  5
E0
330
17
100
AcDbEntity
  8
TEXT
100
AcDbPolyline
 90
5
 70
0
 10
74.29399727148706
 20
212.0
 10
73.59481582537518
 20
212.0
 10
73.59481582537518
 20
212.69918144611188
 10
74.29399727148706
 20
212.69918144611188
 10
74.29399727148706
 20
212.0
  0
LWPOLYLINE
  5
E1
330
17
100
AcDbEntity
  8
TEXT
100
AcDbPolyline
 90
113
 70
0
 10
77.56139154160984
 20
214.70463847203274
 10
77.77913966575717
 20
214.64335351296043
 10
77.96853683492498
 20
214.54817530695772
 10
78.12958304911325
 20
214.41910385402457
 10
78.26227830832198
 20
214.256139154161
 10
78.36598311732607
 20
214.07228427694406
 10
78.44005798090042
 20
213.8805422919509
 10
78.48450289904503
 20
213.68091319918145
 10
78.4993178717599
 20
213.47339699863574
 10
78.46830235334244
 20
213.14757418144612
 10
78.37525579809005
 20
212.85223396998634
 10
78.22017820600274
 20
212.58737636425647
 10
78.00306957708051
 20
212.35300136425647
 10
77.74268843792635
 20
212.1612593792633
 10
77.45779331514326
 20
212.02430081855388
 10
77.14838420873126
 20
211.94212568212822
 10
76.81446111869033
 20
211.91473396998634
 10
76.49812414733972
 20
211.9388216234652
 10
76.21077762619375
 20
212.01108458390178
 10
75.9524215552524
 20
212.13152285129604
 10
75.7230559345157
 20
212.30013642564802
 10
75.5305678717599
 20
212.50839870395635
 10
75.38284447476127
 20
212.74778308321964
 10
75.2798857435198
 20
213.01828956343795
 10
75.22169167803548
 20
213.3199181446112
 10
75.8356070941337
 20
213.40518417462482
 10
75.89113659618009
 20
213.17347373806277
 10
75.96563778990452
 20
212.97288540245566
 10
76.05911067530697
 20
212.80341916780355
 10
76.17155525238746
 20
212.66507503410642
 10
76.30318468622103
 20
212.55763983628924
 10
76.45421214188269
 20
212.48090040927696
 10
76.62463761937246
 20
212.4348567530696
 10
76.81446111869033
 20
212.41950886766713
 10
77.0211246589359
 20
212.43837397680764
 10
77.21137448840383
 20
212.4949693042292
 10
77.38521060709415
 20
212.58929484993178
 10
77.54263301500684
 20
212.7213506139154
 10
77.67319662346523
 20
212.8806915075034
 10
77.76645634379264
 20
213.05687244201908
 10
77.8224121759891
 20
213.2498934174625
 10
77.84106412005458
 20
213.45975443383355
 10
77.82411749658937
 20
213.66055593451568
 10
77.77327762619373
 20
213.84345156889495
 10
77.68854450886768
 20
214.00844133697134
 10
77.56991814461121
 20
214.15552523874487
 10
77.42400665075036
 20
214.2763898362892
 10
77.25741814461121
 20
214.36272169167802
 10
77.07015262619375
 20
214.41452080491132
 10
76.86221009549797
 20
214.4317871759891
 10
76.768630627558
 20
214.42773703956343
 10
76.66524556616646
 20
214.4155866302865
 10
76.55205491132335
 20
214.39533594815825
 10
76.42905866302867
 20
214.3669849931787
 10
76.50068212824013
 20
214.90586630286495
 10
76.61707025920875
 20
214.90735845839018
 10
76.72066848567533
 20
214.9118349249659
 10
76.81147680763985
 20
214.91929570259208
 10
76.88949522510234
 20
214.92974079126876
 10
76.96325034106414
 20
214.94594133697134
 10
77.04126875852663
 20
214.9706684856753
 10
77.12355047748979
 20
215.00392223738064
 10
77.21009549795363
 20
215.0457025920873
 10
77.29493519781721
 20
215.09675562755797
 10
77.37210095497954
 20
215.15782742155525
 10
77.44159276944067
 20
215.22891797407914
 10
77.50341064120056
 20
215.3100272851296
 10
77.55414392905868
 20
215.4013685197817
 10
77.59038199181447
 20
215.5031548431105
 10
77.61212482946796
 20
215.61538625511596
 10
77.61937244201911
 20
215.7380627557981
 10
77.60391797407914
 20
215.91349761255117
 10
77.55755457025921
 20
216.0680422919509
 10
77.48028223055935
 20
216.20169679399726
 10
77.37210095497954
 20
216.3144611186903
 10
77.2436689972715
 20
216.40399045020462
 10
77.10564461118692
 20
216.46793997271487
 10
76.9580277967258
 20
216.506309686221
 10
76.80081855388815
 20
216.51909959072304
 10
76.62357179399729
 20
216.50439120054568
 10
76.46359140518419
 20
216.46026603001363
 10
76.32087738744886
 20
216.38672407912688
 10
76.19542974079128
 20
216.2837653478854
 10
76.08938011596182
 20
216.15352148703957
 10
76.00486016371079
 20
215.9981241473397
 10
75.94186988403821
 20
215.8175733287858
 10
75.90040927694407
 20
215.6118690313779
 10
75.28649386084585
 20
215.72442019099591
 10
75.36419253069579
 20
216.02967257844475
 10
75.47791609822647
 20
216.29399727148703
 10
75.62766456343795
 20
216.5173942701228
 10
75.81343792633017
 20
216.69986357435198
 10
76.02713591405185
 20
216.84161834924964
 10
76.26065825375173
 20
216.94287175989086
 10
76.51400494542976
 20
217.00362380627556
 10
76.78717598908597
 20
217.0238744884038
 10
77.08635317189633
 20
217.00031974761254
 10
77.35973738062758
 20
216.92965552523873
 10
77.60732861527968
 20
216.8118818212824
 10
77.82912687585268
 20
216.64699863574353
 10
78.01191592769442
 20
216.4480090381992
 10
78.1424795361528
 20
216.22791609822647
 10
78.22081770122784
 20
215.98671981582538
 10
78.24693042291952
 20
215.72442019099591
 10
78.23621887789905
 20
215.55575332537518
 10
78.20408424283767
 20
215.3993434515689
 10
78.15052651773534
 20
215.25519056957708
 10
78.0755457025921
 20
215.12329467939972
 10
77.97914179740792
 20
215.00365578103683
 10
77.86131480218282
 20
214.8962738744884
 10
77.72206471691679
 20
214.80114895975444
 10
77.56139154160984
 20
214.71828103683492
 10
77.56139154160984
 20
214.70463847203274
  0
LWPOLYLINE
  5
E2
330
17
100
AcDbEntity
  8
TEXT
100
AcDbPolyline
 90
113
 70
0
 10
81.4461118690314
 20
214.70463847203274
 10
81.66385999317873
 20
214.64335351296043
 10
81.85325716234654
 20
214.54817530695772
 10
82.01430337653481
 20
214.41910385402457
 10
82.14699863574354
 20
214.256139154161
 10
82.25070344474763
 20
214.07228427694406
 10
82.32477830832198
 20
213.8805422919509
 10
82.36922322646659
 20
213.68091319918145
 10
82.38403819918146
 20
213.47339699863574
 10
82.353022680764
 20
213.14757418144612
 10
82.25997612551161
 20
212.85223396998634
 10
82.1048985334243
 20
212.58737636425647
 10
81.88778990450207
 20
212.35300136425647
 10
81.62740876534791
 20
212.1612593792633
 10
81.34251364256482
 20
212.02430081855388
 10
81.03310453615282
 20
211.94212568212822
 10
80.6991814461119
 20
211.91473396998634
 10
80.38284447476127
 20
211.9388216234652
 10
80.0954979536153
 20
212.01108458390178
 10
79.83714188267396
 20
212.13152285129604
 10
79.60777626193726
 20
212.30013642564802
 10
79.41528819918146
 20
212.50839870395635
 10
79.26756480218283
 20
212.74778308321964
 10
79.16460607094136
 20
213.01828956343795
 10
79.10641200545705
 20
213.3199181446112
 10
79.72032742155527
 20
213.40518417462482
 10
79.77585692360165
 20
213.17347373806277
 10
79.85035811732607
 20
212.97288540245566
 10
79.94383100272853
 20
212.80341916780355
 10
80.05627557980903
 20
212.66507503410642
 10
80.18790501364259
 20
212.55763983628924
 10
80.33893246930425
 20
212.48090040927696
 10
80.50935794679403
 20
212.4348567530696
 10
80.6991814461119
 20
212.41950886766713
 10
80.90584498635747
 20
212.43837397680764
 10
81.0960948158254
 20
212.4949693042292
 10
81.26993093451571
 20
212.58929484993178
 10
81.4273533424284
 20
212.7213506139154
 10
81.55791695088679
 20
212.8806915075034
 10
81.65117667121422
 20
213.05687244201908
 10
81.70713250341066
 20
213.2498934174625
 10
81.72578444747614
 20
213.45975443383355
 10
81.70883782401093
 20
213.66055593451568
 10
81.65799795361531
 20
213.84345156889495
 10
81.57326483628924
 20
214.00844133697134
 10
81.45463847203277
 20
214.15552523874487
 10
81.30872697817192
 20
214.2763898362892
 10
81.14213847203277
 20
214.36272169167802
 10
80.95487295361531
 20
214.41452080491132
 10
80.74693042291953
 20
214.4317871759891
 10
80.65335095497956
 20
214.42773703956343
 10
80.54996589358802
 20
214.4155866302865
 10
80.43677523874491
 20
214.39533594815825
 10
80.31377899045023
 20
214.3669849931787
 10
80.38540245566169
 20
214.90586630286495
 10
80.5017905866303
 20
214.90735845839018
 10
80.60538881309688
 20
214.9118349249659
 10
80.69619713506141
 20
214.91929570259208
 10
80.7742155525239
 20
214.92974079126876
 10
80.8479706684857
 20
214.94594133697134
 10
80.92598908594817
 20
214.9706684856753
 10
81.00827080491135
 20
215.00392223738064
 10
81.09481582537519
 20
215.0457025920873
 10
81.17965552523877
 20
215.09675562755797
 10
81.25682128240112
 20
215.15782742155525
 10
81.32631309686224
 20
215.22891797407914
 10
81.38813096862212
 20
215.3100272851296
 10
81.43886425648024
 20
215.4013685197817
 10
81.47510231923604
 20
215.5031548431105
 10
81.49684515688952
 20
215.61538625511596
 10
81.50409276944067
 20
215.7380627557981
 10
81.4886383015007
 20
215.91349761255117
 10
81.44227489768079
 20
216.0680422919509
 10
81.36500255798093
 20
216.20169679399726
 10
81.25682128240112
 20
216.3144611186903
 10
81.12838932469307
 20
216.40399045020462
 10
80.99036493860848
 20
216.46793997271487
 10
80.84274812414736
 20
216.506309686221
 10
80.68553888130971
 20
216.51909959072304
 10
80.50829212141885
 20
216.50439120054568
 10
80.34831173260575
 20
216.46026603001363
 10
80.20559771487042
 20
216.38672407912688
 10
80.08015006821284
 20
216.2837653478854
 10
79.97410044338338
 20
216.15352148703957
 10
79.88958049113235
 20
215.9981241473397
 10
79.82659021145977
 20
215.8175733287858
 10
79.78512960436564
 20
215.6118690313779
 10
79.17121418826741
 20
215.72442019099591
 10
79.24891285811735
 20
216.02967257844475
 10
79.36263642564805
 20
216.29399727148703
 10
79.51238489085951
 20
216.5173942701228
 10
79.69815825375173
 20
216.69986357435198
 10
79.91185624147342
 20
216.84161834924964
 10
80.14537858117329
 20
216.94287175989086
 10
80.39872527285132
 20
217.00362380627556
 10
80.67189631650753
 20
217.0238744884038
 10
80.9710734993179
 20
217.00031974761254
 10
81.24445770804914
 20
216.92965552523873
 10
81.49204894270125
 20
216.8118818212824
 10
81.71384720327424
 20
216.64699863574353
 10
81.89663625511598
 20
216.4480090381992
 10
82.02719986357437
 20
216.22791609822647
 10
82.1055380286494
 20
215.98671981582538
 10
82.13165075034108
 20
215.72442019099591
 10
82.12093920532061
 20
215.55575332537518
 10
82.08880457025923
 20
215.3993434515689
 10
82.0352468451569
 20
215.25519056957708
 10
81.96026603001366
 20
215.12329467939972
 10
81.86386212482948
 20
215.00365578103683
 10
81.74603512960438
 20
214.8962738744884
 10
81.60678504433835
 20
214.80114895975444
 10
81.4461118690314
 20
214.71828103683492
 10
81.4461118690314
 20
214.70463847203274
  0
LWPOLYLINE
  5
E3
330
17
100
AcDbEntity
  8
TEXT
100
AcDbPolyline
 90
64
 70
0
 10
83.7892223738063
 20
215.00477489768076
 10
84.0198669849932
 20
215.1420532060027
 10
84.25477489768079
 20
215.24010914051843
 10
84.49394611186906
 20
215.29894270122782
 10
84.73738062755801
 20
215.31855388813096
 10
85.03943553888134
 20
215.29094901091406
 10
85.32145293315146
 20
215.2081343792633
 10
85.58343281036838
 20
215.07010999317873
 10
85.82537517053208
 20
214.8768758526603
 10
86.02830832196454
 20
214.63759805593452
 10
86.17326057298774
 20
214.36144270122782
 10
86.26023192360165
 20
214.04840978854023
 10
86.2892223738063
 20
213.69849931787175
 10
86.25980559345159
 20
213.340701739427
 10
86.17155525238746
 20
213.01082878581173
 10
86.02447135061394
 20
212.7088804570259
 10
85.81855388813099
 20
212.43485675306957
 10
85.56488744884041
 20
212.20730303547066
 10
85.27455661664396
 20
212.04476466575716
 10
84.94756139154164
 20
211.94724164392903
 10
84.58390177353346
 20
211.91473396998634
 10
84.2822731923602
 20
211.93679655525239
 10
84.00153478854028
 20
212.00298431105045
 10
83.7416865620737
 20
212.11329723738064
 10
83.50272851296046
 20
212.26773533424284
 10
83.29851637107778
 20
212.46544594133698
 10
83.1429058663029
 20
212.7055763983629
 10
83.03589699863576
 20
212.9881267053206
 10
82.97748976807642
 20
213.3130968622101
 10
83.61869031377901
 20
213.36084583901774
 10
83.66899727148706
 20
213.13883441336972
 10
83.74147339699866
 20
212.9468792633015
 10
83.83611869031381
 20
212.7849803888131
 10
83.9529331514325
 20
212.6531377899045
 10
84.08829297407917
 20
212.55092513642563
 10
84.2385743519782
 20
212.47791609822647
 10
84.40377728512964
 20
212.43411067530695
 10
84.58390177353346
 20
212.41950886766713
 10
84.80644611186906
 20
212.44157145293318
 10
85.00682128240112
 20
212.50775920873124
 10
85.18502728512964
 20
212.6180721350614
 10
85.3410641200546
 20
212.7725102319236
 10
85.46789733969989
 20
212.95913625511596
 10
85.55849249658938
 20
213.16601296043655
 10
85.61284959072309
 20
213.3931403478854
 10
85.63096862210098
 20
213.6405184174625
 10
85.61242326057301
 20
213.88928206002728
 10
85.55678717598911
 20
214.11033424283767
 10
85.46406036834928
 20
214.30367496589358
 10
85.3342428376535
 20
214.46930422919507
 10
85.17522169167806
 20
214.60210607094132
 10
84.99488403819922
 20
214.69696452933152
 10
84.79322987721694
 20
214.7538796043656
 10
84.57025920873127
 20
214.77285129604365
 10
84.29229195088679
 20
214.74279502046386
 10
84.04843110504778
 20
214.65262619372442
 10
83.83867667121422
 20
214.50234481582538
 10
83.6630286493861
 20
214.2919508867667
 10
83.08321964529334
 20
214.3601637107776
 10
83.57094133697137
 20
216.9317871759891
 10
86.0504774897681
 20
216.9317871759891
 10
86.0504774897681
 20
216.33833560709414
 10
84.05866302864942
 20
216.33833560709414
 10
83.7892223738063
 20
215.00477489768076
  0
LWPOLYLINE
  5
E4
330
17
100
AcDbEntity
  8
TEXT
100
AcDbPolyline
 90
81
 70
0
 10
93.88130968622104
 20
212.0
 10
93.26739427012282
 20
212.0
 10
93.26739427012282
 20
214.2851296043656
 10
93.26526261937248
 20
214.4067402796726
 10
93.25886766712145
 20
214.51918485675307
 10
93.24820941336975
 20
214.6224633356071
 10
93.23328785811736
 20
214.71657571623464
 10
93.20951995225106
 20
214.80354706684855
 10
93.1723226466576
 20
214.88540245566168
 10
93.12169594133701
 20
214.96214188267393
 10
93.05763983628925
 20
215.0337653478854
 10
92.97695685538885
 20
215.0941976466576
 10
92.87644952251027
 20
215.13736357435198
 10
92.75611783765352
 20
215.16326313096863
 10
92.6159618008186
 20
215.1718963165075
 10
92.44137960436566
 20
215.156122100955
 10
92.2791609822647
 20
215.1087994542974
 10
92.12930593451571
 20
215.0299283765348
 10
91.99181446111872
 20
214.91950886766713
 10
91.87691848567533
 20
214.7737039563438
 10
91.79484993178721
 20
214.5886766712142
 10
91.74560879945433
 20
214.3644270122783
 10
91.7291950886767
 20
214.10095497953614
 10
91.7291950886767
 20
212.0
 10
91.11527967257848
 20
212.0
 10
91.11527967257848
 20
214.35334242837652
 10
91.10494116643933
 20
214.57013130968622
 10
91.07392564802186
 20
214.74982946793997
 10
91.0222331173261
 20
214.8924369031378
 10
90.94986357435201
 20
214.99795361527967
 10
90.8585223396999
 20
215.07405354706685
 10
90.74991473397003
 20
215.12841064120056
 10
90.62404075716239
 20
215.16102489768076
 10
90.48090040927698
 20
215.1718963165075
 10
90.29192957025924
 20
215.15484311050477
 10
90.12065143246934
 20
215.1036834924966
 10
89.96706599590726
 20
215.01841746248294
 10
89.83117326057302
 20
214.89904502046386
 10
89.72000767394273
 20
214.73298942701228
 10
89.64060368349253
 20
214.50767394270125
 10
89.5929612892224
 20
214.2230985675307
 10
89.57708049113236
 20
213.87926330150069
 10
89.57708049113236
 20
212.0
 10
88.96316507503414
 20
212.0
 10
88.96316507503414
 20
215.61869031377898
 10
89.51568894952254
 20
215.61869031377898
 10
89.51568894952254
 20
215.11391541609822
 10
89.52933151432472
 20
215.11391541609822
 10
89.62680124488408
 20
215.25140688949523
 10
89.73503581173264
 20
215.3705661664393
 10
89.85403521487044
 20
215.4713932469304
 10
89.98379945429744
 20
215.55388813096863
 10
90.12432853001368
 20
215.61805081855388
 10
90.27562244201914
 20
215.66388130968622
 10
90.43768119031382
 20
215.6913796043656
 10
90.61050477489772
 20
215.70054570259208
 10
90.80118093451573
 20
215.690633526603
 10
90.9741643929059
 20
215.66089699863574
 10
91.12945515006825
 20
215.6113361186903
 10
91.26705320600277
 20
215.5419508867667
 10
91.38695856070945
 20
215.45274130286492
 10
91.4891712141883
 20
215.343707366985
 10
91.57369116643932
 20
215.21484907912688
 10
91.64051841746252
 20
215.06616643929058
 10
91.74598183833564
 20
215.21484907912688
 10
91.86114427012282
 20
215.343707366985
 10
91.98600571282404
 20
215.45274130286492
 10
92.12056616643932
 20
215.5419508867667
 10
92.26482563096866
 20
215.6113361186903
 10
92.41878410641205
 20
215.66089699863574
 10
92.58244159276948
 20
215.690633526603
 10
92.75579809004097
 20
215.70054570259208
 10
93.01958987039568
 20
215.68157401091403
 10
93.24820941336975
 20
215.62465893587995
 10
93.4416567189632
 20
215.52980047748977
 10
93.59993178717603
 20
215.39699863574353
 10
93.72303461800823
 20
215.2262534106412
 10
93.81096521145979
 20
215.01756480218282
 10
93.86372356753073
 20
214.77093281036835
 10
93.88130968622104
 20
214.48635743519782
 10
93.88130968622104
 20
212.0
  0
LWPOLYLINE
  5
E5
330
17
100
AcDbEntity
  8
TEXT
100
AcDbPolyline
 90
81
 70
0
 10
99.69986357435201
 20
212.0
 10
99.08594815825379
 20
212.0
 10
99.08594815825379
 20
214.2851296043656
 10
99.08381650750344
 20
214.4067402796726
 10
99.07742155525241
 20
214.51918485675307
 10
99.06676330150071
 20
214.6224633356071
 10
99.05184174624833
 20
214.71657571623464
 10
99.02807384038202
 20
214.80354706684855
 10
98.99087653478857
 20
214.88540245566168
 10
98.94024982946797
 20
214.96214188267393
 10
98.87619372442022
 20
215.0337653478854
 10
98.79551074351981
 20
215.0941976466576
 10
98.69500341064123
 20
215.13736357435198
 10
98.57467172578448
 20
215.16326313096863
 10
98.43451568894956
 20
215.1718963165075
 10
98.25993349249663
 20
215.156122100955
 10
98.09771487039566
 20
215.1087994542974
 10
97.94785982264668
 20
215.0299283765348
 10
97.81036834924969
 20
214.91950886766713
 10
97.6954723738063
 20
214.7737039563438
 10
97.61340381991818
 20
214.5886766712142
 10
97.5641626875853
 20
214.3644270122783
 10
97.54774897680767
 20
214.10095497953614
 10
97.54774897680767
 20
212.0
 10
96.93383356070945
 20
212.0
 10
96.93383356070945
 20
214.35334242837652
 10
96.9234950545703
 20
214.57013130968622
 10
96.89247953615282
 20
214.74982946793997
 10
96.84078700545706
 20
214.8924369031378
 10
96.76841746248297
 20
214.99795361527967
 10
96.67707622783087
 20
215.07405354706685
 10
96.568468622101
 20
215.12841064120056
 10
96.44259464529335
 20
215.16102489768076
 10
96.29945429740795
 20
215.1718963165075
 10
96.1104834583902
 20
215.15484311050477
 10
95.93920532060031
 20
215.1036834924966
 10
95.78561988403823
 20
215.01841746248294
 10
95.64972714870399
 20
214.89904502046386
 10
95.5385615620737
 20
214.73298942701228
 10
95.45915757162349
 20
214.50767394270125
 10
95.41151517735337
 20
214.2230985675307
 10
95.39563437926333
 20
213.87926330150069
 10
95.39563437926333
 20
212.0
 10
94.7817189631651
 20
212.0
 10
94.7817189631651
 20
215.61869031377898
 10
95.3342428376535
 20
215.61869031377898
 10
95.3342428376535
 20
215.11391541609822
 10
95.34788540245569
 20
215.11391541609822
 10
95.44535513301504
 20
215.25140688949523
 10
95.55358969986361
 20
215.3705661664393
 10
95.6725891030014
 20
215.4713932469304
 10
95.8023533424284
 20
215.55388813096863
 10
95.94288241814465
 20
215.61805081855388
 10
96.0941763301501
 20
215.66388130968622
 10
96.25623507844479
 20
215.6913796043656
 10
96.42905866302868
 20
215.70054570259208
 10
96.61973482264669
 20
215.690633526603
 10
96.79271828103687
 20
215.66089699863574
 10
96.94800903819922
 20
215.6113361186903
 10
97.08560709413374
 20
215.5419508867667
 10
97.20551244884041
 20
215.45274130286492
 10
97.30772510231927
 20
215.343707366985
 10
97.39224505457028
 20
215.21484907912688
 10
97.45907230559348
 20
215.06616643929058
 10
97.5645357264666
 20
215.21484907912688
 10
97.67969815825379
 20
215.343707366985
 10
97.804559600955
 20
215.45274130286492
 10
97.93912005457028
 20
215.5419508867667
 10
98.08337951909962
 20
215.6113361186903
 10
98.23733799454301
 20
215.66089699863574
 10
98.40099548090045
 20
215.690633526603
 10
98.57435197817193
 20
215.70054570259208
 10
98.83814375852664
 20
215.68157401091403
 10
99.06676330150071
 20
215.62465893587995
 10
99.26021060709417
 20
215.52980047748977
 10
99.418485675307
 20
215.39699863574353
 10
99.54158850613919
 20
215.2262534106412
 10
99.62951909959075
 20
215.01756480218282
 10
99.68227745566169
 20
214.77093281036835
 10
99.69986357435201
 20
214.48635743519782
 10
99.69986357435201
 20
212.0
  0
ENDSEC
  0
SECTION
  2
OBJECTS
  0
DICTIONARY
  5
A
330
0
100
AcDbDictionary
281
1
  3
ACAD_COLOR
350
B
  3
ACAD_GROUP
350
C
  3
ACAD_LAYOUT
350
D
  3
ACAD_MATERIAL
350
E
  3
ACAD_MLEADERSTYLE
350
F
  3
ACAD_MLINESTYLE
350
10
  3
ACAD_PLOTSETTINGS
350
11
  3
ACAD_PLOTSTYLENAME
350
12
  3
ACAD_SCALELIST
350
14
  3
ACAD_TABLESTYLE
350
15
  3
ACAD_VISUALSTYLE
350
16
  3
EZDXF_META
350
2D
  0
DICTIONARY
  5
B
330
A
100
AcDbDictionary
281
1
  0
DICTIONARY
  5
C
330
A
100
AcDbDictionary
281
1
  0
DICTIONARY
  5
D
330
A
100
AcDbDictionary
281
1
  3
Model
350
1A
  3
Layout1
350
1E
  0
DICTIONARY
  5
E
330
A
100
AcDbDictionary
281
1
  3
ByBlock
350
1F
  3
ByLayer
350
20
  3
Global
350
21
  0
DICTIONARY
  5
F
330
A
100
AcDbDictionary
281
1
  3
Standard
350
2C
  0
DICTIONARY
  5
10
330
A
100
AcDbDictionary
281
1
  3
Standard
350
22
  0
DICTIONARY
  5
11
330
A
100
AcDbDictionary
281
1
  0
ACDBDICTIONARYWDFLT
  5
12
330
A
100
AcDbDictionary
281
1
  3
Normal
350
13
100
AcDbDictionaryWithDefault
340
13
  0
ACDBPLACEHOLDER
  5
13
330
12
  0
DICTIONARY
  5
14
330
A
100
AcDbDictionary
281
1
  0
DICTIONARY
  5
15
330
A
100
AcDbDictionary
281
1
  0
DICTIONARY
  5
16
330
A
100
AcDbDictionary
281
1
  0
LAYOUT
  5
1A
330
D
100
AcDbPlotSettings
  1

  4
A3
  6

 40
7.5
 41
20.0
 42
7.5
 43
20.0
 44
420.0
 45
297.0
 46
0.0
 47
0.0
 48
0.0
 49
0.0
140
0.0
141
0.0
142
1.0
143
1.0
 70
1024
 72
1
 73
0
 74
5
  7

 75
16
 76
0
 77
2
 78
300
147
1.0
148
0.0
149
0.0
100
AcDbLayout
  1
Model
 70
1
 71
0
 10
0.0
 20
0.0
 11
420.0
 21
297.0
 12
0.0
 22
0.0
 32
0.0
 14
1e+20
 24
1e+20
 34
1e+20
 15
-1e+20
 25
-1e+20
 35
-1e+20
146
0.0
 13
0.0
 23
0.0
 33
0.0
 16
1.0
 26
0.0
 36
0.0
 17
0.0
 27
1.0
 37
0.0
 76
1
330
17
  0
LAYOUT
  5
1E
330
D
100
AcDbPlotSettings
  1

  4
A3
  6

 40
7.5
 41
20.0
 42
7.5
 43
20.0
 44
420.0
 45
297.0
 46
0.0
 47
0.0
 48
0.0
 49
0.0
140
0.0
141
0.0
142
1.0
143
1.0
 70
0
 72
1
 73
0
 74
5
  7

 75
16
 76
0
 77
2
 78
300
147
1.0
148
0.0
149
0.0
100
AcDbLayout
  1
Layout1
 70
1
 71
1
 10
0.0
 20
0.0
 11
420.0
 21
297.0
 12
0.0
 22
0.0
 32
0.0
 14
1e+20
 24
1e+20
 34
1e+20
 15
-1e+20
 25
-1e+20
 35
-1e+20
146
0.0
 13
0.0
 23
0.0
 33
0.0
 16
1.0
 26
0.0
 36
0.0
 17
0.0
 27
1.0
 37
0.0
 76
1
330
1B
  0
MATERIAL
  5
1F
102
{ACAD_REACTORS
330
E
102
}
330
E
100
AcDbMaterial
  1
ByBlock
  2

 70
0
 40
1.0
 71
1
 41
1.0
 91
-1023410177
 42
1.0
 72
1
  3

 73
1
 74
1
 75
1
 44
0.5
 73
0
 45
1.0
 46
1.0
 77
1
  4

 78
1
 79
1
170
1
 48
1.0
171
1
  6

172
1
173
1
174
1
140
1.0
141
1.0
175
1
  7

176
1
177
1
178
1
143
1.0
179
1
  8

270
1
271
1
272
1
145
1.0
146
1.0
273
1
  9

274
1
275
1
276
1
 42
1.0
 72
1
  3

 73
1
 74
1
 75
1
 94
63
  0
MATERIAL
  5
20
102
{ACAD_REACTORS
330
E
102
}
330
E
100
AcDbMaterial
  1
ByLayer
  2

 70
0
 40
1.0
 71
1
 41
1.0
 91
-1023410177
 42
1.0
 72
1
  3

 73
1
 74
1
 75
1
 44
0.5
 73
0
 45
1.0
 46
1.0
 77
1
  4

 78
1
 79
1
170
1
 48
1.0
171
1
  6

172
1
173
1
174
1
140
1.0
141
1.0
175
1
  7

176
1
177
1
178
1
143
1.0
179
1
  8

270
1
271
1
272
1
145
1.0
146
1.0
273
1
  9

274
1
275
1
276
1
 42
1.0
 72
1
  3

 73
1
 74
1
 75
1
 94
63
  0
MATERIAL
  5
21
102
{ACAD_REACTORS
330
E
102
}
330
E
100
AcDbMaterial
  1
Global
  2

 70
0
 40
1.0
 71
1
 41
1.0
 91
-1023410177
 42
1.0
 72
1
  3

 73
1
 74
1
 75
1
 44
0.5
 73
0
 45
1.0
 46
1.0
 77
1
  4

 78
1
 79
1
170
1
 48
1.0
171
1
  6

172
1
173
1
174
1
140
1.0
141
1.0
175
1
  7

176
1
177
1
178
1
143
1.0
179
1
  8

270
1
271
1
272
1
145
1.0
146
1.0
273
1
  9

274
1
275
1
276
1
 42
1.0
 72
1
  3

 73
1
 74
1
 75
1
 94
63
  0
MLINESTYLE
  5
22
102
{ACAD_REACTORS
330
10
102
}
330
10
100
AcDbMlineStyle
  2
Standard
 70
0
  3

 62
256
 51
90.0
 52
90.0
 71
2
 49
0.5
 62
256
  6
BYLAYER
 49
-0.5
 62
256
  6
BYLAYER
  0
MLEADERSTYLE
  5
2C
102
{ACAD_REACTORS
330
F
102
}
330
F
100
AcDbMLeaderStyle
179
2
170
2
171
1
172
0
 90
2
 40
0.0
 41
0.0
173
1
 91
-1056964608
 92
-2
290
1
 42
2.0
291
1
 43
8.0
  3
Standard
 44
4.0
300

342
29
174
1
175
1
176
0
178
1
 93
-1056964608
 45
4.0
292
0
297
0
 46
4.0
 94
-1056964608
 47
1.0
 49
1.0
140
1.0
294
1
141
0.0
177
0
142
1.0
295
0
296
0
143
3.75
271
0
272
9
273
9
  0
DICTIONARY
  5
2D
330
A
100
AcDbDictionary
280
1
281
1
  3
CREATED_BY_EZDXF
350
2E
  3
WRITTEN_BY_EZDXF
350
E8
  0
DICTIONARYVAR
  5
2E
330
2D
100
DictionaryVariables
280
0
  1
1.4.2 @ 2026-05-17T10:25:57.791244+00:00
  0
DICTIONARYVAR
  5
E8
330
2D
100
DictionaryVariables
280
0
  1
1.4.2 @ 2026-05-17T10:25:57.900741+00:00
  0
ENDSEC
  0
EOF
